profile	fixture	repeat	method	vertices	edges	rhs_count	domain_seconds	setup_seconds	workspace_seconds	apply_seconds	solve_seconds	total_seconds	solver_b	solver_bt	preconditioner_calls	certificate_b	certificate_bt	max_true_residual	recurrence_converged	certified	principal_solver_bytes	known_workspace_bytes	common_graph_bytes	cmg_levels	cmg_terminal	cmg_direct_factor	symmetry_defect	linearity_defect	minimum_energy_eigenvalue	range_condition	relative_inverse_error	warning_count	error
smoke	path-32	0	jacobi	64	63	1	8.897000000e-6	2.003000000e-6	1.732000000e-6	5.482000000e-7	1.328780000e-4	1.437780000e-4	64	65	65	1	2	6.126421500e-16	true	true	512	512	1520	0	NA	NA	0.000000000e0	1.297147031e-16	1.243078781e-3	1.608908486e3	9.981031619e-1	0	
smoke	path-32	0	jacobi	64	63	4	8.897000000e-6	2.003000000e-6	1.732000000e-6	5.482000000e-7	5.439120000e-4	5.548120000e-4	256	260	260	4	8	6.126421500e-16	true	true	512	512	1520	0	NA	NA	0.000000000e0	1.297147031e-16	1.243078781e-3	1.608908486e3	9.981031619e-1	0	
smoke	path-32	0	jacobi	64	63	16	8.897000000e-6	2.003000000e-6	1.732000000e-6	5.482000000e-7	2.146893000e-3	2.157793000e-3	1024	1040	1040	16	32	7.247772533e-15	true	true	512	512	1520	0	NA	NA	0.000000000e0	1.297147031e-16	1.243078781e-3	1.608908486e3	9.981031619e-1	0	
smoke	path-32	0	jacobi	64	63	32	8.897000000e-6	2.003000000e-6	1.732000000e-6	5.482000000e-7	4.282186000e-3	4.293086000e-3	2048	2080	2080	32	64	7.247772533e-15	true	true	512	512	1520	0	NA	NA	0.000000000e0	1.297147031e-16	1.243078781e-3	1.608908486e3	9.981031619e-1	0	
smoke	path-32	0	exact	64	63	1	8.897000000e-6	4.642230000e-4	5.710000000e-6	3.860760000e-6	1.798400000e-5	4.911040000e-4	2	3	3	1	2	6.387077676e-14	true	true	32768	512	1520	0	NA	NA	3.593745062e-16	3.729752086e-16	1.000000000e0	1.000000000e0	5.132915411e-15	0	
smoke	path-32	0	exact	64	63	4	8.897000000e-6	4.642230000e-4	5.710000000e-6	3.860760000e-6	6.721600000e-5	5.403360000e-4	8	12	12	4	8	8.491617617e-14	true	true	32768	512	1520	0	NA	NA	3.593745062e-16	3.729752086e-16	1.000000000e0	1.000000000e0	5.132915411e-15	0	
smoke	path-32	0	exact	64	63	16	8.897000000e-6	4.642230000e-4	5.710000000e-6	3.860760000e-6	2.617170000e-4	7.348370000e-4	32	48	48	16	32	8.491617617e-14	true	true	32768	512	1520	0	NA	NA	3.593745062e-16	3.729752086e-16	1.000000000e0	1.000000000e0	5.132915411e-15	0	
smoke	path-32	0	exact	64	63	32	8.897000000e-6	4.642230000e-4	5.710000000e-6	3.860760000e-6	5.356260000e-4	1.008746000e-3	64	96	96	32	64	8.491617617e-14	true	true	32768	512	1520	0	NA	NA	3.593745062e-16	3.729752086e-16	1.000000000e0	1.000000000e0	5.132915411e-15	0	
smoke	path-32	0	cmg-fixed	64	63	1	8.897000000e-6	1.945600000e-5	7.144000000e-6	2.216520000e-6	9.262300000e-5	1.209760000e-4	23	24	24	1	2	3.733753360e-11	true	true	3688	2168	1520	3	Direct	true	9.881511477e-17	2.357446764e-16	1.212610695e-1	8.246669804e0	8.567017360e-1	0	
smoke	path-32	0	cmg-fixed	64	63	4	8.897000000e-6	1.945600000e-5	7.144000000e-6	2.216520000e-6	3.653300000e-4	3.936830000e-4	92	96	96	4	8	3.733753360e-11	true	true	3688	2168	1520	3	Direct	true	9.881511477e-17	2.357446764e-16	1.212610695e-1	8.246669804e0	8.567017360e-1	0	
smoke	path-32	0	cmg-fixed	64	63	16	8.897000000e-6	1.945600000e-5	7.144000000e-6	2.216520000e-6	1.519898000e-3	1.548251000e-3	379	395	395	16	32	8.307600145e-11	true	true	3688	2168	1520	3	Direct	true	9.881511477e-17	2.357446764e-16	1.212610695e-1	8.246669804e0	8.567017360e-1	0	
smoke	path-32	0	cmg-fixed	64	63	32	8.897000000e-6	1.945600000e-5	7.144000000e-6	2.216520000e-6	3.188962000e-3	3.217315000e-3	772	804	804	32	64	8.307600145e-11	true	true	3688	2168	1520	3	Direct	true	9.881511477e-17	2.357446764e-16	1.212610695e-1	8.246669804e0	8.567017360e-1	0	
smoke	path-32	0	within-default	64	63	1	8.897000000e-6	7.456900000e-5	6.012000000e-6	1.914760000e-6	1.289400000e-5	9.636000000e-5	2	3	3	1	2	2.071193815e-16	true	true	NA	512	1520	0	NA	NA	1.590418311e-18	2.478856285e-16	1.000000000e0	1.000000000e0	7.689746326e-14	0	
smoke	path-32	0	within-default	64	63	4	8.897000000e-6	7.456900000e-5	6.012000000e-6	1.914760000e-6	4.545500000e-5	1.289210000e-4	8	12	12	4	8	3.575416253e-16	true	true	NA	512	1520	0	NA	NA	1.590418311e-18	2.478856285e-16	1.000000000e0	1.000000000e0	7.689746326e-14	0	
smoke	path-32	0	within-default	64	63	16	8.897000000e-6	7.456900000e-5	6.012000000e-6	1.914760000e-6	1.712370000e-4	2.547030000e-4	32	48	48	16	32	2.557128445e-15	true	true	NA	512	1520	0	NA	NA	1.590418311e-18	2.478856285e-16	1.000000000e0	1.000000000e0	7.689746326e-14	0	
smoke	path-32	0	within-default	64	63	32	8.897000000e-6	7.456900000e-5	6.012000000e-6	1.914760000e-6	3.389980000e-4	4.224640000e-4	64	96	96	32	64	2.557128445e-15	true	true	NA	512	1520	0	NA	NA	1.590418311e-18	2.478856285e-16	1.000000000e0	1.000000000e0	7.689746326e-14	0	
smoke	path-32	1	exact	64	63	1	8.897000000e-6	4.555280000e-4	5.570000000e-6	3.821120000e-6	1.776300000e-5	4.821880000e-4	2	3	3	1	2	6.387077676e-14	true	true	32768	512	1520	0	NA	NA	3.593745062e-16	3.729752086e-16	1.000000000e0	1.000000000e0	5.132915411e-15	0	
smoke	path-32	1	exact	64	63	4	8.897000000e-6	4.555280000e-4	5.570000000e-6	3.821120000e-6	6.674400000e-5	5.311690000e-4	8	12	12	4	8	8.491617617e-14	true	true	32768	512	1520	0	NA	NA	3.593745062e-16	3.729752086e-16	1.000000000e0	1.000000000e0	5.132915411e-15	0	
smoke	path-32	1	exact	64	63	16	8.897000000e-6	4.555280000e-4	5.570000000e-6	3.821120000e-6	2.607960000e-4	7.252210000e-4	32	48	48	16	32	8.491617617e-14	true	true	32768	512	1520	0	NA	NA	3.593745062e-16	3.729752086e-16	1.000000000e0	1.000000000e0	5.132915411e-15	0	
smoke	path-32	1	exact	64	63	32	8.897000000e-6	4.555280000e-4	5.570000000e-6	3.821120000e-6	5.194760000e-4	9.839010000e-4	64	96	96	32	64	8.491617617e-14	true	true	32768	512	1520	0	NA	NA	3.593745062e-16	3.729752086e-16	1.000000000e0	1.000000000e0	5.132915411e-15	0	
smoke	path-32	1	cmg-fixed	64	63	1	8.897000000e-6	1.879500000e-5	6.823000000e-6	2.201720000e-6	9.230200000e-5	1.199940000e-4	23	24	24	1	2	3.733753360e-11	true	true	3688	2168	1520	3	Direct	true	9.881511477e-17	2.357446764e-16	1.212610695e-1	8.246669804e0	8.567017360e-1	0	
smoke	path-32	1	cmg-fixed	64	63	4	8.897000000e-6	1.879500000e-5	6.823000000e-6	2.201720000e-6	3.653600000e-4	3.930520000e-4	92	96	96	4	8	3.733753360e-11	true	true	3688	2168	1520	3	Direct	true	9.881511477e-17	2.357446764e-16	1.212610695e-1	8.246669804e0	8.567017360e-1	0	
smoke	path-32	1	cmg-fixed	64	63	16	8.897000000e-6	1.879500000e-5	6.823000000e-6	2.201720000e-6	2.020227000e-3	2.047919000e-3	379	395	395	16	32	8.307600145e-11	true	true	3688	2168	1520	3	Direct	true	9.881511477e-17	2.357446764e-16	1.212610695e-1	8.246669804e0	8.567017360e-1	0	
smoke	path-32	1	cmg-fixed	64	63	32	8.897000000e-6	1.879500000e-5	6.823000000e-6	2.201720000e-6	4.597530000e-3	4.625222000e-3	772	804	804	32	64	8.307600145e-11	true	true	3688	2168	1520	3	Direct	true	9.881511477e-17	2.357446764e-16	1.212610695e-1	8.246669804e0	8.567017360e-1	0	
smoke	path-32	1	within-default	64	63	1	8.897000000e-6	9.345400000e-5	8.565000000e-6	3.328600000e-6	1.975700000e-5	1.221080000e-4	2	3	3	1	2	2.071193815e-16	true	true	NA	512	1520	0	NA	NA	1.590418311e-18	2.478856285e-16	1.000000000e0	1.000000000e0	7.689746326e-14	0	
smoke	path-32	1	within-default	64	63	4	8.897000000e-6	9.345400000e-5	8.565000000e-6	3.328600000e-6	7.218400000e-5	1.745350000e-4	8	12	12	4	8	3.575416253e-16	true	true	NA	512	1520	0	NA	NA	1.590418311e-18	2.478856285e-16	1.000000000e0	1.000000000e0	7.689746326e-14	0	
smoke	path-32	1	within-default	64	63	16	8.897000000e-6	9.345400000e-5	8.565000000e-6	3.328600000e-6	2.709150000e-4	3.732660000e-4	32	48	48	16	32	2.557128445e-15	true	true	NA	512	1520	0	NA	NA	1.590418311e-18	2.478856285e-16	1.000000000e0	1.000000000e0	7.689746326e-14	0	
smoke	path-32	1	within-default	64	63	32	8.897000000e-6	9.345400000e-5	8.565000000e-6	3.328600000e-6	5.244570000e-4	6.268080000e-4	64	96	96	32	64	2.557128445e-15	true	true	NA	512	1520	0	NA	NA	1.590418311e-18	2.478856285e-16	1.000000000e0	1.000000000e0	7.689746326e-14	0	
smoke	path-32	1	jacobi	64	63	1	8.897000000e-6	4.127000000e-6	3.627000000e-6	7.590400000e-7	1.809960000e-4	1.940200000e-4	64	65	65	1	2	6.126421500e-16	true	true	512	512	1520	0	NA	NA	0.000000000e0	1.297147031e-16	1.243078781e-3	1.608908486e3	9.981031619e-1	0	
smoke	path-32	1	jacobi	64	63	4	8.897000000e-6	4.127000000e-6	3.627000000e-6	7.590400000e-7	7.493340000e-4	7.623580000e-4	256	260	260	4	8	6.126421500e-16	true	true	512	512	1520	0	NA	NA	0.000000000e0	1.297147031e-16	1.243078781e-3	1.608908486e3	9.981031619e-1	0	
smoke	path-32	1	jacobi	64	63	16	8.897000000e-6	4.127000000e-6	3.627000000e-6	7.590400000e-7	3.083936000e-3	3.096960000e-3	1024	1040	1040	16	32	7.247772533e-15	true	true	512	512	1520	0	NA	NA	0.000000000e0	1.297147031e-16	1.243078781e-3	1.608908486e3	9.981031619e-1	0	
smoke	path-32	1	jacobi	64	63	32	8.897000000e-6	4.127000000e-6	3.627000000e-6	7.590400000e-7	6.165541000e-3	6.178565000e-3	2048	2080	2080	32	64	7.247772533e-15	true	true	512	512	1520	0	NA	NA	0.000000000e0	1.297147031e-16	1.243078781e-3	1.608908486e3	9.981031619e-1	0	
smoke	path-32	2	cmg-fixed	64	63	1	8.897000000e-6	5.465200000e-5	1.053000000e-5	3.948520000e-6	1.454610000e-4	2.090100000e-4	23	24	24	1	2	3.733753360e-11	true	true	3688	2168	1520	3	Direct	true	9.881511477e-17	2.357446764e-16	1.212610695e-1	8.246669804e0	8.567017360e-1	0	
smoke	path-32	2	cmg-fixed	64	63	4	8.897000000e-6	5.465200000e-5	1.053000000e-5	3.948520000e-6	5.896070000e-4	6.531560000e-4	92	96	96	4	8	3.733753360e-11	true	true	3688	2168	1520	3	Direct	true	9.881511477e-17	2.357446764e-16	1.212610695e-1	8.246669804e0	8.567017360e-1	0	
smoke	path-32	2	cmg-fixed	64	63	16	8.897000000e-6	5.465200000e-5	1.053000000e-5	3.948520000e-6	2.213314000e-3	2.276863000e-3	379	395	395	16	32	8.307600145e-11	true	true	3688	2168	1520	3	Direct	true	9.881511477e-17	2.357446764e-16	1.212610695e-1	8.246669804e0	8.567017360e-1	0	
smoke	path-32	2	cmg-fixed	64	63	32	8.897000000e-6	5.465200000e-5	1.053000000e-5	3.948520000e-6	3.808014000e-3	3.871563000e-3	772	804	804	32	64	8.307600145e-11	true	true	3688	2168	1520	3	Direct	true	9.881511477e-17	2.357446764e-16	1.212610695e-1	8.246669804e0	8.567017360e-1	0	
smoke	path-32	2	within-default	64	63	1	8.897000000e-6	8.833400000e-5	6.101000000e-6	1.917160000e-6	1.334500000e-5	1.105760000e-4	2	3	3	1	2	2.071193815e-16	true	true	NA	512	1520	0	NA	NA	1.590418311e-18	2.478856285e-16	1.000000000e0	1.000000000e0	7.689746326e-14	0	
smoke	path-32	2	within-default	64	63	4	8.897000000e-6	8.833400000e-5	6.101000000e-6	1.917160000e-6	4.634700000e-5	1.435780000e-4	8	12	12	4	8	3.575416253e-16	true	true	NA	512	1520	0	NA	NA	1.590418311e-18	2.478856285e-16	1.000000000e0	1.000000000e0	7.689746326e-14	0	
smoke	path-32	2	within-default	64	63	16	8.897000000e-6	8.833400000e-5	6.101000000e-6	1.917160000e-6	1.746950000e-4	2.719260000e-4	32	48	48	16	32	2.557128445e-15	true	true	NA	512	1520	0	NA	NA	1.590418311e-18	2.478856285e-16	1.000000000e0	1.000000000e0	7.689746326e-14	0	
smoke	path-32	2	within-default	64	63	32	8.897000000e-6	8.833400000e-5	6.101000000e-6	1.917160000e-6	3.447810000e-4	4.420120000e-4	64	96	96	32	64	2.557128445e-15	true	true	NA	512	1520	0	NA	NA	1.590418311e-18	2.478856285e-16	1.000000000e0	1.000000000e0	7.689746326e-14	0	
smoke	path-32	2	jacobi	64	63	1	8.897000000e-6	2.625000000e-6	2.315000000e-6	5.478000000e-7	1.340200000e-4	1.455420000e-4	64	65	65	1	2	6.126421500e-16	true	true	512	512	1520	0	NA	NA	0.000000000e0	1.297147031e-16	1.243078781e-3	1.608908486e3	9.981031619e-1	0	
smoke	path-32	2	jacobi	64	63	4	8.897000000e-6	2.625000000e-6	2.315000000e-6	5.478000000e-7	5.334130000e-4	5.449350000e-4	256	260	260	4	8	6.126421500e-16	true	true	512	512	1520	0	NA	NA	0.000000000e0	1.297147031e-16	1.243078781e-3	1.608908486e3	9.981031619e-1	0	
smoke	path-32	2	jacobi	64	63	16	8.897000000e-6	2.625000000e-6	2.315000000e-6	5.478000000e-7	2.171200000e-3	2.182722000e-3	1024	1040	1040	16	32	7.247772533e-15	true	true	512	512	1520	0	NA	NA	0.000000000e0	1.297147031e-16	1.243078781e-3	1.608908486e3	9.981031619e-1	0	
smoke	path-32	2	jacobi	64	63	32	8.897000000e-6	2.625000000e-6	2.315000000e-6	5.478000000e-7	4.341446000e-3	4.352968000e-3	2048	2080	2080	32	64	7.247772533e-15	true	true	512	512	1520	0	NA	NA	0.000000000e0	1.297147031e-16	1.243078781e-3	1.608908486e3	9.981031619e-1	0	
smoke	path-32	2	exact	64	63	1	8.897000000e-6	4.168250000e-4	5.761000000e-6	3.838720000e-6	1.797400000e-5	4.436960000e-4	2	3	3	1	2	6.387077676e-14	true	true	32768	512	1520	0	NA	NA	3.593745062e-16	3.729752086e-16	1.000000000e0	1.000000000e0	5.132915411e-15	0	
smoke	path-32	2	exact	64	63	4	8.897000000e-6	4.168250000e-4	5.761000000e-6	3.838720000e-6	6.745500000e-5	4.931770000e-4	8	12	12	4	8	8.491617617e-14	true	true	32768	512	1520	0	NA	NA	3.593745062e-16	3.729752086e-16	1.000000000e0	1.000000000e0	5.132915411e-15	0	
smoke	path-32	2	exact	64	63	16	8.897000000e-6	4.168250000e-4	5.761000000e-6	3.838720000e-6	2.623760000e-4	6.880980000e-4	32	48	48	16	32	8.491617617e-14	true	true	32768	512	1520	0	NA	NA	3.593745062e-16	3.729752086e-16	1.000000000e0	1.000000000e0	5.132915411e-15	0	
smoke	path-32	2	exact	64	63	32	8.897000000e-6	4.168250000e-4	5.761000000e-6	3.838720000e-6	5.219400000e-4	9.476620000e-4	64	96	96	32	64	8.491617617e-14	true	true	32768	512	1520	0	NA	NA	3.593745062e-16	3.729752086e-16	1.000000000e0	1.000000000e0	5.132915411e-15	0	
smoke	hubs-32	0	exact	64	63	1	4.248000000e-6	2.540020000e-4	4.999000000e-6	3.838360000e-6	1.805400000e-5	2.763040000e-4	2	3	3	1	2	3.544594376e-15	true	true	32768	512	1520	0	NA	NA	5.152312492e-16	2.690426914e-16	1.000000000e0	1.000000000e0	1.408539832e-14	0	
smoke	hubs-32	0	exact	64	63	4	4.248000000e-6	2.540020000e-4	4.999000000e-6	3.838360000e-6	6.754700000e-5	3.257970000e-4	8	12	12	4	8	5.209939502e-15	true	true	32768	512	1520	0	NA	NA	5.152312492e-16	2.690426914e-16	1.000000000e0	1.000000000e0	1.408539832e-14	0	
smoke	hubs-32	0	exact	64	63	16	4.248000000e-6	2.540020000e-4	4.999000000e-6	3.838360000e-6	2.630400000e-4	5.212900000e-4	32	48	48	16	32	5.209939502e-15	true	true	32768	512	1520	0	NA	NA	5.152312492e-16	2.690426914e-16	1.000000000e0	1.000000000e0	1.408539832e-14	0	
smoke	hubs-32	0	exact	64	63	32	4.248000000e-6	2.540020000e-4	4.999000000e-6	3.838360000e-6	5.493550000e-4	8.076050000e-4	64	96	96	32	64	6.607913412e-15	true	true	32768	512	1520	0	NA	NA	5.152312492e-16	2.690426914e-16	1.000000000e0	1.000000000e0	1.408539832e-14	0	
smoke	hubs-32	0	cmg-fixed	64	63	1	4.248000000e-6	1.021900000e-5	4.137000000e-6	1.240720000e-6	1.766300000e-5	3.213000000e-5	5	6	6	1	2	5.692373486e-16	true	true	2832	1592	1520	1	FullContraction	false	1.748816463e-18	2.253049397e-16	1.562500000e-2	6.400000000e1	9.077156733e-1	0	
smoke	hubs-32	0	cmg-fixed	64	63	4	4.248000000e-6	1.021900000e-5	4.137000000e-6	1.240720000e-6	6.613300000e-5	8.060000000e-5	20	24	24	4	8	6.494046262e-16	true	true	2832	1592	1520	1	FullContraction	false	1.748816463e-18	2.253049397e-16	1.562500000e-2	6.400000000e1	9.077156733e-1	0	
smoke	hubs-32	0	cmg-fixed	64	63	16	4.248000000e-6	1.021900000e-5	4.137000000e-6	1.240720000e-6	2.787090000e-4	2.931760000e-4	80	96	96	16	32	7.976358767e-16	true	true	2832	1592	1520	1	FullContraction	false	1.748816463e-18	2.253049397e-16	1.562500000e-2	6.400000000e1	9.077156733e-1	0	
smoke	hubs-32	0	cmg-fixed	64	63	32	4.248000000e-6	1.021900000e-5	4.137000000e-6	1.240720000e-6	5.361290000e-4	5.505960000e-4	160	192	192	32	64	1.079496674e-15	true	true	2832	1592	1520	1	FullContraction	false	1.748816463e-18	2.253049397e-16	1.562500000e-2	6.400000000e1	9.077156733e-1	0	
smoke	hubs-32	0	within-default	64	63	1	4.248000000e-6	9.546800000e-5	5.761000000e-6	1.882720000e-6	1.631640000e-4	2.628800000e-4	45	46	46	1	2	1.945671663e-11	true	true	NA	512	1520	0	NA	NA	1.336801401e-16	3.561639695e-16	2.479087950e-1	1.700943239e3	3.285447236e1	0	
smoke	hubs-32	0	within-default	64	63	4	4.248000000e-6	9.546800000e-5	5.761000000e-6	1.882720000e-6	6.500390000e-4	7.497550000e-4	181	185	185	4	8	5.053481168e-11	true	true	NA	512	1520	0	NA	NA	1.336801401e-16	3.561639695e-16	2.479087950e-1	1.700943239e3	3.285447236e1	0	
smoke	hubs-32	0	within-default	64	63	16	4.248000000e-6	9.546800000e-5	5.761000000e-6	1.882720000e-6	2.637074000e-3	2.736790000e-3	727	743	743	16	32	5.053481168e-11	true	true	NA	512	1520	0	NA	NA	1.336801401e-16	3.561639695e-16	2.479087950e-1	1.700943239e3	3.285447236e1	0	
smoke	hubs-32	0	within-default	64	63	32	4.248000000e-6	9.546800000e-5	5.761000000e-6	1.882720000e-6	5.293786000e-3	5.393502000e-3	1457	1489	1489	32	64	5.053481168e-11	true	true	NA	512	1520	0	NA	NA	1.336801401e-16	3.561639695e-16	2.479087950e-1	1.700943239e3	3.285447236e1	0	
smoke	hubs-32	0	jacobi	64	63	1	4.248000000e-6	2.836000000e-6	2.485000000e-6	5.458000000e-7	1.273300000e-5	1.981700000e-5	5	6	6	1	2	5.553853424e-16	true	true	512	512	1520	0	NA	NA	1.748816463e-18	1.391794607e-16	3.125000000e-2	6.400000000e1	8.576396450e-1	0	
smoke	hubs-32	0	jacobi	64	63	4	4.248000000e-6	2.836000000e-6	2.485000000e-6	5.458000000e-7	4.728700000e-5	5.437100000e-5	20	24	24	4	8	9.178325964e-16	true	true	512	512	1520	0	NA	NA	1.748816463e-18	1.391794607e-16	3.125000000e-2	6.400000000e1	8.576396450e-1	0	
smoke	hubs-32	0	jacobi	64	63	16	4.248000000e-6	2.836000000e-6	2.485000000e-6	5.458000000e-7	1.818050000e-4	1.888890000e-4	80	96	96	16	32	9.178325964e-16	true	true	512	512	1520	0	NA	NA	1.748816463e-18	1.391794607e-16	3.125000000e-2	6.400000000e1	8.576396450e-1	0	
smoke	hubs-32	0	jacobi	64	63	32	4.248000000e-6	2.836000000e-6	2.485000000e-6	5.458000000e-7	3.607100000e-4	3.677940000e-4	160	192	192	32	64	1.067461599e-15	true	true	512	512	1520	0	NA	NA	1.748816463e-18	1.391794607e-16	3.125000000e-2	6.400000000e1	8.576396450e-1	0	
smoke	hubs-32	1	cmg-fixed	64	63	1	4.248000000e-6	1.793300000e-5	4.237000000e-6	1.236680000e-6	1.730200000e-5	3.948300000e-5	5	6	6	1	2	5.692373486e-16	true	true	2832	1592	1520	1	FullContraction	false	1.748816463e-18	2.253049397e-16	1.562500000e-2	6.400000000e1	9.077156733e-1	0	
smoke	hubs-32	1	cmg-fixed	64	63	4	4.248000000e-6	1.793300000e-5	4.237000000e-6	1.236680000e-6	6.565200000e-5	8.783300000e-5	20	24	24	4	8	6.494046262e-16	true	true	2832	1592	1520	1	FullContraction	false	1.748816463e-18	2.253049397e-16	1.562500000e-2	6.400000000e1	9.077156733e-1	0	
smoke	hubs-32	1	cmg-fixed	64	63	16	4.248000000e-6	1.793300000e-5	4.237000000e-6	1.236680000e-6	2.568900000e-4	2.790710000e-4	80	96	96	16	32	7.976358767e-16	true	true	2832	1592	1520	1	FullContraction	false	1.748816463e-18	2.253049397e-16	1.562500000e-2	6.400000000e1	9.077156733e-1	0	
smoke	hubs-32	1	cmg-fixed	64	63	32	4.248000000e-6	1.793300000e-5	4.237000000e-6	1.236680000e-6	5.890290000e-4	6.112100000e-4	160	192	192	32	64	1.079496674e-15	true	true	2832	1592	1520	1	FullContraction	false	1.748816463e-18	2.253049397e-16	1.562500000e-2	6.400000000e1	9.077156733e-1	0	
smoke	hubs-32	1	within-default	64	63	1	4.248000000e-6	1.127800000e-4	8.145000000e-6	1.886320000e-6	1.632740000e-4	2.803020000e-4	45	46	46	1	2	1.945671663e-11	true	true	NA	512	1520	0	NA	NA	1.336801401e-16	3.561639695e-16	2.479087950e-1	1.700943239e3	3.285447236e1	0	
smoke	hubs-32	1	within-default	64	63	4	4.248000000e-6	1.127800000e-4	8.145000000e-6	1.886320000e-6	6.821890000e-4	7.992170000e-4	181	185	185	4	8	5.053481168e-11	true	true	NA	512	1520	0	NA	NA	1.336801401e-16	3.561639695e-16	2.479087950e-1	1.700943239e3	3.285447236e1	0	
smoke	hubs-32	1	within-default	64	63	16	4.248000000e-6	1.127800000e-4	8.145000000e-6	1.886320000e-6	2.671516000e-3	2.788544000e-3	727	743	743	16	32	5.053481168e-11	true	true	NA	512	1520	0	NA	NA	1.336801401e-16	3.561639695e-16	2.479087950e-1	1.700943239e3	3.285447236e1	0	
smoke	hubs-32	1	within-default	64	63	32	4.248000000e-6	1.127800000e-4	8.145000000e-6	1.886320000e-6	5.336162000e-3	5.453190000e-3	1457	1489	1489	32	64	5.053481168e-11	true	true	NA	512	1520	0	NA	NA	1.336801401e-16	3.561639695e-16	2.479087950e-1	1.700943239e3	3.285447236e1	0	
smoke	hubs-32	1	jacobi	64	63	1	4.248000000e-6	2.434000000e-6	2.104000000e-6	5.494000000e-7	1.280300000e-5	1.948500000e-5	5	6	6	1	2	5.553853424e-16	true	true	512	512	1520	0	NA	NA	1.748816463e-18	1.391794607e-16	3.125000000e-2	6.400000000e1	8.576396450e-1	0	
smoke	hubs-32	1	jacobi	64	63	4	4.248000000e-6	2.434000000e-6	2.104000000e-6	5.494000000e-7	4.702500000e-5	5.370700000e-5	20	24	24	4	8	9.178325964e-16	true	true	512	512	1520	0	NA	NA	1.748816463e-18	1.391794607e-16	3.125000000e-2	6.400000000e1	8.576396450e-1	0	
smoke	hubs-32	1	jacobi	64	63	16	4.248000000e-6	2.434000000e-6	2.104000000e-6	5.494000000e-7	1.852830000e-4	1.919650000e-4	80	96	96	16	32	9.178325964e-16	true	true	512	512	1520	0	NA	NA	1.748816463e-18	1.391794607e-16	3.125000000e-2	6.400000000e1	8.576396450e-1	0	
smoke	hubs-32	1	jacobi	64	63	32	4.248000000e-6	2.434000000e-6	2.104000000e-6	5.494000000e-7	3.844930000e-4	3.911750000e-4	160	192	192	32	64	1.067461599e-15	true	true	512	512	1520	0	NA	NA	1.748816463e-18	1.391794607e-16	3.125000000e-2	6.400000000e1	8.576396450e-1	0	
smoke	hubs-32	1	exact	64	63	1	4.248000000e-6	2.220220000e-4	5.660000000e-6	4.358120000e-6	1.846400000e-5	2.447340000e-4	2	3	3	1	2	3.544594376e-15	true	true	32768	512	1520	0	NA	NA	5.152312492e-16	2.690426914e-16	1.000000000e0	1.000000000e0	1.408539832e-14	0	
smoke	hubs-32	1	exact	64	63	4	4.248000000e-6	2.220220000e-4	5.660000000e-6	4.358120000e-6	6.860800000e-5	2.948780000e-4	8	12	12	4	8	5.209939502e-15	true	true	32768	512	1520	0	NA	NA	5.152312492e-16	2.690426914e-16	1.000000000e0	1.000000000e0	1.408539832e-14	0	
smoke	hubs-32	1	exact	64	63	16	4.248000000e-6	2.220220000e-4	5.660000000e-6	4.358120000e-6	2.673000000e-4	4.935700000e-4	32	48	48	16	32	5.209939502e-15	true	true	32768	512	1520	0	NA	NA	5.152312492e-16	2.690426914e-16	1.000000000e0	1.000000000e0	1.408539832e-14	0	
smoke	hubs-32	1	exact	64	63	32	4.248000000e-6	2.220220000e-4	5.660000000e-6	4.358120000e-6	5.320640000e-4	7.583340000e-4	64	96	96	32	64	6.607913412e-15	true	true	32768	512	1520	0	NA	NA	5.152312492e-16	2.690426914e-16	1.000000000e0	1.000000000e0	1.408539832e-14	0	
smoke	hubs-32	2	within-default	64	63	1	4.248000000e-6	7.691300000e-5	5.570000000e-6	1.881920000e-6	1.625920000e-4	2.437530000e-4	45	46	46	1	2	1.945671663e-11	true	true	NA	512	1520	0	NA	NA	1.336801401e-16	3.561639695e-16	2.479087950e-1	1.700943239e3	3.285447236e1	0	
smoke	hubs-32	2	within-default	64	63	4	4.248000000e-6	7.691300000e-5	5.570000000e-6	1.881920000e-6	6.771600000e-4	7.583210000e-4	181	185	185	4	8	5.053481168e-11	true	true	NA	512	1520	0	NA	NA	1.336801401e-16	3.561639695e-16	2.479087950e-1	1.700943239e3	3.285447236e1	0	
smoke	hubs-32	2	within-default	64	63	16	4.248000000e-6	7.691300000e-5	5.570000000e-6	1.881920000e-6	2.654017000e-3	2.735178000e-3	727	743	743	16	32	5.053481168e-11	true	true	NA	512	1520	0	NA	NA	1.336801401e-16	3.561639695e-16	2.479087950e-1	1.700943239e3	3.285447236e1	0	
smoke	hubs-32	2	within-default	64	63	32	4.248000000e-6	7.691300000e-5	5.570000000e-6	1.881920000e-6	5.299869000e-3	5.381030000e-3	1457	1489	1489	32	64	5.053481168e-11	true	true	NA	512	1520	0	NA	NA	1.336801401e-16	3.561639695e-16	2.479087950e-1	1.700943239e3	3.285447236e1	0	
smoke	hubs-32	2	jacobi	64	63	1	4.248000000e-6	2.805000000e-6	2.414000000e-6	5.482400000e-7	1.295400000e-5	2.000700000e-5	5	6	6	1	2	5.553853424e-16	true	true	512	512	1520	0	NA	NA	1.748816463e-18	1.391794607e-16	3.125000000e-2	6.400000000e1	8.576396450e-1	0	
smoke	hubs-32	2	jacobi	64	63	4	4.248000000e-6	2.805000000e-6	2.414000000e-6	5.482400000e-7	4.714600000e-5	5.419900000e-5	20	24	24	4	8	9.178325964e-16	true	true	512	512	1520	0	NA	NA	1.748816463e-18	1.391794607e-16	3.125000000e-2	6.400000000e1	8.576396450e-1	0	
smoke	hubs-32	2	jacobi	64	63	16	4.248000000e-6	2.805000000e-6	2.414000000e-6	5.482400000e-7	1.817860000e-4	1.888390000e-4	80	96	96	16	32	9.178325964e-16	true	true	512	512	1520	0	NA	NA	1.748816463e-18	1.391794607e-16	3.125000000e-2	6.400000000e1	8.576396450e-1	0	
smoke	hubs-32	2	jacobi	64	63	32	4.248000000e-6	2.805000000e-6	2.414000000e-6	5.482400000e-7	3.611090000e-4	3.681620000e-4	160	192	192	32	64	1.067461599e-15	true	true	512	512	1520	0	NA	NA	1.748816463e-18	1.391794607e-16	3.125000000e-2	6.400000000e1	8.576396450e-1	0	
smoke	hubs-32	2	exact	64	63	1	4.248000000e-6	2.472600000e-4	1.911500000e-5	3.789440000e-6	1.720200000e-5	2.687100000e-4	2	3	3	1	2	3.544594376e-15	true	true	32768	512	1520	0	NA	NA	5.152312492e-16	2.690426914e-16	1.000000000e0	1.000000000e0	1.408539832e-14	0	
smoke	hubs-32	2	exact	64	63	4	4.248000000e-6	2.472600000e-4	1.911500000e-5	3.789440000e-6	6.701500000e-5	3.185230000e-4	8	12	12	4	8	5.209939502e-15	true	true	32768	512	1520	0	NA	NA	5.152312492e-16	2.690426914e-16	1.000000000e0	1.000000000e0	1.408539832e-14	0	
smoke	hubs-32	2	exact	64	63	16	4.248000000e-6	2.472600000e-4	1.911500000e-5	3.789440000e-6	2.760250000e-4	5.275330000e-4	32	48	48	16	32	5.209939502e-15	true	true	32768	512	1520	0	NA	NA	5.152312492e-16	2.690426914e-16	1.000000000e0	1.000000000e0	1.408539832e-14	0	
smoke	hubs-32	2	exact	64	63	32	4.248000000e-6	2.472600000e-4	1.911500000e-5	3.789440000e-6	5.371950000e-4	7.887030000e-4	64	96	96	32	64	6.607913412e-15	true	true	32768	512	1520	0	NA	NA	5.152312492e-16	2.690426914e-16	1.000000000e0	1.000000000e0	1.408539832e-14	0	
smoke	hubs-32	2	cmg-fixed	64	63	1	4.248000000e-6	1.052000000e-5	4.097000000e-6	1.234720000e-6	1.799300000e-5	3.276100000e-5	5	6	6	1	2	5.692373486e-16	true	true	2832	1592	1520	1	FullContraction	false	1.748816463e-18	2.253049397e-16	1.562500000e-2	6.400000000e1	9.077156733e-1	0	
smoke	hubs-32	2	cmg-fixed	64	63	4	4.248000000e-6	1.052000000e-5	4.097000000e-6	1.234720000e-6	6.645400000e-5	8.122200000e-5	20	24	24	4	8	6.494046262e-16	true	true	2832	1592	1520	1	FullContraction	false	1.748816463e-18	2.253049397e-16	1.562500000e-2	6.400000000e1	9.077156733e-1	0	
smoke	hubs-32	2	cmg-fixed	64	63	16	4.248000000e-6	1.052000000e-5	4.097000000e-6	1.234720000e-6	2.576920000e-4	2.724600000e-4	80	96	96	16	32	7.976358767e-16	true	true	2832	1592	1520	1	FullContraction	false	1.748816463e-18	2.253049397e-16	1.562500000e-2	6.400000000e1	9.077156733e-1	0	
smoke	hubs-32	2	cmg-fixed	64	63	32	4.248000000e-6	1.052000000e-5	4.097000000e-6	1.234720000e-6	5.127570000e-4	5.275250000e-4	160	192	192	32	64	1.079496674e-15	true	true	2832	1592	1520	1	FullContraction	false	1.748816463e-18	2.253049397e-16	1.562500000e-2	6.400000000e1	9.077156733e-1	0	
smoke	weak-32	0	cmg-fixed	64	259	1	9.477000000e-6	1.648100000e-5	4.960000000e-6	2.457800000e-6	4.307000000e-5	6.902800000e-5	6	7	7	1	2	1.028495953e-13	true	true	6496	1880	4656	2	Direct	true	1.009558294e-16	2.756928676e-16	7.499179773e-1	1.333479168e0	1.138614655e-4	0	
smoke	weak-32	0	cmg-fixed	64	259	4	9.477000000e-6	1.648100000e-5	4.960000000e-6	2.457800000e-6	1.661290000e-4	1.920870000e-4	24	28	28	4	8	1.028495953e-13	true	true	6496	1880	4656	2	Direct	true	1.009558294e-16	2.756928676e-16	7.499179773e-1	1.333479168e0	1.138614655e-4	0	
smoke	weak-32	0	cmg-fixed	64	259	16	9.477000000e-6	1.648100000e-5	4.960000000e-6	2.457800000e-6	6.794230000e-4	7.053810000e-4	96	112	112	16	32	2.737024820e-13	true	true	6496	1880	4656	2	Direct	true	1.009558294e-16	2.756928676e-16	7.499179773e-1	1.333479168e0	1.138614655e-4	0	
smoke	weak-32	0	cmg-fixed	64	259	32	9.477000000e-6	1.648100000e-5	4.960000000e-6	2.457800000e-6	1.340062000e-3	1.366020000e-3	193	225	225	32	64	3.494556207e-13	true	true	6496	1880	4656	2	Direct	true	1.009558294e-16	2.756928676e-16	7.499179773e-1	1.333479168e0	1.138614655e-4	0	
smoke	weak-32	0	within-default	64	259	1	9.477000000e-6	1.287200000e-4	6.974000000e-6	2.273440000e-6	1.130100000e-4	2.512070000e-4	19	20	20	1	2	3.106568131e-12	true	true	NA	512	4656	0	NA	NA	2.985852606e-16	2.884406542e-16	6.079744625e-1	3.433267525e0	2.377287814e-4	0	
smoke	weak-32	0	within-default	64	259	4	9.477000000e-6	1.287200000e-4	6.974000000e-6	2.273440000e-6	4.814650000e-4	6.196620000e-4	79	83	83	4	8	3.106568131e-12	true	true	NA	512	4656	0	NA	NA	2.985852606e-16	2.884406542e-16	6.079744625e-1	3.433267525e0	2.377287814e-4	0	
smoke	weak-32	0	within-default	64	259	16	9.477000000e-6	1.287200000e-4	6.974000000e-6	2.273440000e-6	1.881289000e-3	2.019486000e-3	319	335	335	16	32	3.735919085e-12	true	true	NA	512	4656	0	NA	NA	2.985852606e-16	2.884406542e-16	6.079744625e-1	3.433267525e0	2.377287814e-4	0	
smoke	weak-32	0	within-default	64	259	32	9.477000000e-6	1.287200000e-4	6.974000000e-6	2.273440000e-6	3.760821000e-3	3.899018000e-3	641	673	673	32	64	5.735166689e-12	true	true	NA	512	4656	0	NA	NA	2.985852606e-16	2.884406542e-16	6.079744625e-1	3.433267525e0	2.377287814e-4	0	
smoke	weak-32	0	jacobi	64	259	1	9.477000000e-6	2.675000000e-6	2.325000000e-6	1.256720000e-6	5.351000000e-5	6.566200000e-5	13	14	14	1	2	6.704770427e-16	true	true	512	512	4656	0	NA	NA	5.765934299e-18	1.195768456e-16	4.575353676e-6	4.371246775e5	9.999939913e-1	0	
smoke	weak-32	0	jacobi	64	259	4	9.477000000e-6	2.675000000e-6	2.325000000e-6	1.256720000e-6	2.093390000e-4	2.214910000e-4	52	56	56	4	8	1.118325818e-15	true	true	512	512	4656	0	NA	NA	5.765934299e-18	1.195768456e-16	4.575353676e-6	4.371246775e5	9.999939913e-1	0	
smoke	weak-32	0	jacobi	64	259	16	9.477000000e-6	2.675000000e-6	2.325000000e-6	1.256720000e-6	8.276490000e-4	8.398010000e-4	208	224	224	16	32	1.118325818e-15	true	true	512	512	4656	0	NA	NA	5.765934299e-18	1.195768456e-16	4.575353676e-6	4.371246775e5	9.999939913e-1	0	
smoke	weak-32	0	jacobi	64	259	32	9.477000000e-6	2.675000000e-6	2.325000000e-6	1.256720000e-6	1.664272000e-3	1.676424000e-3	416	448	448	32	64	1.118325818e-15	true	true	512	512	4656	0	NA	NA	5.765934299e-18	1.195768456e-16	4.575353676e-6	4.371246775e5	9.999939913e-1	0	
smoke	weak-32	0	exact	64	259	1	9.477000000e-6	2.567870000e-4	5.651000000e-6	3.867200000e-6	3.214000000e-5	2.984040000e-4	3	4	4	1	2	1.000080014e-16	true	true	32768	512	4656	0	NA	NA	9.557036647e-16	4.147731117e-16	9.999999999e-1	1.000000000e0	9.635744139e-12	0	
smoke	weak-32	0	exact	64	259	4	9.477000000e-6	2.567870000e-4	5.651000000e-6	3.867200000e-6	1.361340000e-4	4.023980000e-4	12	16	16	4	8	7.431985710e-16	true	true	32768	512	4656	0	NA	NA	9.557036647e-16	4.147731117e-16	9.999999999e-1	1.000000000e0	9.635744139e-12	0	
smoke	weak-32	0	exact	64	259	16	9.477000000e-6	2.567870000e-4	5.651000000e-6	3.867200000e-6	5.007930000e-4	7.670570000e-4	48	64	64	16	32	1.186853288e-15	true	true	32768	512	4656	0	NA	NA	9.557036647e-16	4.147731117e-16	9.999999999e-1	1.000000000e0	9.635744139e-12	0	
smoke	weak-32	0	exact	64	259	32	9.477000000e-6	2.567870000e-4	5.651000000e-6	3.867200000e-6	9.868690000e-4	1.253133000e-3	96	128	128	32	64	1.186853288e-15	true	true	32768	512	4656	0	NA	NA	9.557036647e-16	4.147731117e-16	9.999999999e-1	1.000000000e0	9.635744139e-12	0	
smoke	weak-32	1	within-default	64	259	1	9.477000000e-6	1.403610000e-4	6.833000000e-6	2.265400000e-6	1.131500000e-4	2.629880000e-4	19	20	20	1	2	3.106568131e-12	true	true	NA	512	4656	0	NA	NA	2.985852606e-16	2.884406542e-16	6.079744625e-1	3.433267525e0	2.377287814e-4	0	
smoke	weak-32	1	within-default	64	259	4	9.477000000e-6	1.403610000e-4	6.833000000e-6	2.265400000e-6	4.800820000e-4	6.299200000e-4	79	83	83	4	8	3.106568131e-12	true	true	NA	512	4656	0	NA	NA	2.985852606e-16	2.884406542e-16	6.079744625e-1	3.433267525e0	2.377287814e-4	0	
smoke	weak-32	1	within-default	64	259	16	9.477000000e-6	1.403610000e-4	6.833000000e-6	2.265400000e-6	1.884284000e-3	2.034122000e-3	319	335	335	16	32	3.735919085e-12	true	true	NA	512	4656	0	NA	NA	2.985852606e-16	2.884406542e-16	6.079744625e-1	3.433267525e0	2.377287814e-4	0	
smoke	weak-32	1	within-default	64	259	32	9.477000000e-6	1.403610000e-4	6.833000000e-6	2.265400000e-6	3.778905000e-3	3.928743000e-3	641	673	673	32	64	5.735166689e-12	true	true	NA	512	4656	0	NA	NA	2.985852606e-16	2.884406542e-16	6.079744625e-1	3.433267525e0	2.377287814e-4	0	
smoke	weak-32	1	jacobi	64	259	1	9.477000000e-6	2.635000000e-6	2.264000000e-6	5.494400000e-7	5.318900000e-5	6.530100000e-5	13	14	14	1	2	6.704770427e-16	true	true	512	512	4656	0	NA	NA	5.765934299e-18	1.195768456e-16	4.575353676e-6	4.371246775e5	9.999939913e-1	0	
smoke	weak-32	1	jacobi	64	259	4	9.477000000e-6	2.635000000e-6	2.264000000e-6	5.494400000e-7	2.080880000e-4	2.202000000e-4	52	56	56	4	8	1.118325818e-15	true	true	512	512	4656	0	NA	NA	5.765934299e-18	1.195768456e-16	4.575353676e-6	4.371246775e5	9.999939913e-1	0	
smoke	weak-32	1	jacobi	64	259	16	9.477000000e-6	2.635000000e-6	2.264000000e-6	5.494400000e-7	8.790860000e-4	8.911980000e-4	208	224	224	16	32	1.118325818e-15	true	true	512	512	4656	0	NA	NA	5.765934299e-18	1.195768456e-16	4.575353676e-6	4.371246775e5	9.999939913e-1	0	
smoke	weak-32	1	jacobi	64	259	32	9.477000000e-6	2.635000000e-6	2.264000000e-6	5.494400000e-7	1.703172000e-3	1.715284000e-3	416	448	448	32	64	1.118325818e-15	true	true	512	512	4656	0	NA	NA	5.765934299e-18	1.195768456e-16	4.575353676e-6	4.371246775e5	9.999939913e-1	0	
smoke	weak-32	1	exact	64	259	1	9.477000000e-6	2.888170000e-4	5.882000000e-6	3.838360000e-6	3.224000000e-5	3.305340000e-4	3	4	4	1	2	1.000080014e-16	true	true	32768	512	4656	0	NA	NA	9.557036647e-16	4.147731117e-16	9.999999999e-1	1.000000000e0	9.635744139e-12	0	
smoke	weak-32	1	exact	64	259	4	9.477000000e-6	2.888170000e-4	5.882000000e-6	3.838360000e-6	1.239390000e-4	4.222330000e-4	12	16	16	4	8	7.431985710e-16	true	true	32768	512	4656	0	NA	NA	9.557036647e-16	4.147731117e-16	9.999999999e-1	1.000000000e0	9.635744139e-12	0	
smoke	weak-32	1	exact	64	259	16	9.477000000e-6	2.888170000e-4	5.882000000e-6	3.838360000e-6	4.903990000e-4	7.886930000e-4	48	64	64	16	32	1.186853288e-15	true	true	32768	512	4656	0	NA	NA	9.557036647e-16	4.147731117e-16	9.999999999e-1	1.000000000e0	9.635744139e-12	0	
smoke	weak-32	1	exact	64	259	32	9.477000000e-6	2.888170000e-4	5.882000000e-6	3.838360000e-6	9.990860000e-4	1.297380000e-3	96	128	128	32	64	1.186853288e-15	true	true	32768	512	4656	0	NA	NA	9.557036647e-16	4.147731117e-16	9.999999999e-1	1.000000000e0	9.635744139e-12	0	
smoke	weak-32	1	cmg-fixed	64	259	1	9.477000000e-6	2.122000000e-5	6.772000000e-6	3.482080000e-6	4.423200000e-5	7.492900000e-5	6	7	7	1	2	1.028495953e-13	true	true	6496	1880	4656	2	Direct	true	1.009558294e-16	2.756928676e-16	7.499179773e-1	1.333479168e0	1.138614655e-4	0	
smoke	weak-32	1	cmg-fixed	64	259	4	9.477000000e-6	2.122000000e-5	6.772000000e-6	3.482080000e-6	1.686120000e-4	1.993090000e-4	24	28	28	4	8	1.028495953e-13	true	true	6496	1880	4656	2	Direct	true	1.009558294e-16	2.756928676e-16	7.499179773e-1	1.333479168e0	1.138614655e-4	0	
smoke	weak-32	1	cmg-fixed	64	259	16	9.477000000e-6	2.122000000e-5	6.772000000e-6	3.482080000e-6	6.606870000e-4	6.913840000e-4	96	112	112	16	32	2.737024820e-13	true	true	6496	1880	4656	2	Direct	true	1.009558294e-16	2.756928676e-16	7.499179773e-1	1.333479168e0	1.138614655e-4	0	
smoke	weak-32	1	cmg-fixed	64	259	32	9.477000000e-6	2.122000000e-5	6.772000000e-6	3.482080000e-6	1.343677000e-3	1.374374000e-3	193	225	225	32	64	3.494556207e-13	true	true	6496	1880	4656	2	Direct	true	1.009558294e-16	2.756928676e-16	7.499179773e-1	1.333479168e0	1.138614655e-4	0	
smoke	weak-32	2	jacobi	64	259	1	9.477000000e-6	2.414000000e-6	2.024000000e-6	5.546400000e-7	5.372000000e-5	6.561100000e-5	13	14	14	1	2	6.704770427e-16	true	true	512	512	4656	0	NA	NA	5.765934299e-18	1.195768456e-16	4.575353676e-6	4.371246775e5	9.999939913e-1	0	
smoke	weak-32	2	jacobi	64	259	4	9.477000000e-6	2.414000000e-6	2.024000000e-6	5.546400000e-7	2.101610000e-4	2.220520000e-4	52	56	56	4	8	1.118325818e-15	true	true	512	512	4656	0	NA	NA	5.765934299e-18	1.195768456e-16	4.575353676e-6	4.371246775e5	9.999939913e-1	0	
smoke	weak-32	2	jacobi	64	259	16	9.477000000e-6	2.414000000e-6	2.024000000e-6	5.546400000e-7	8.296700000e-4	8.415610000e-4	208	224	224	16	32	1.118325818e-15	true	true	512	512	4656	0	NA	NA	5.765934299e-18	1.195768456e-16	4.575353676e-6	4.371246775e5	9.999939913e-1	0	
smoke	weak-32	2	jacobi	64	259	32	9.477000000e-6	2.414000000e-6	2.024000000e-6	5.546400000e-7	1.676024000e-3	1.687915000e-3	416	448	448	32	64	1.118325818e-15	true	true	512	512	4656	0	NA	NA	5.765934299e-18	1.195768456e-16	4.575353676e-6	4.371246775e5	9.999939913e-1	0	
smoke	weak-32	2	exact	64	259	1	9.477000000e-6	2.885860000e-4	7.905000000e-6	3.856800000e-6	3.259100000e-5	3.306540000e-4	3	4	4	1	2	1.000080014e-16	true	true	32768	512	4656	0	NA	NA	9.557036647e-16	4.147731117e-16	9.999999999e-1	1.000000000e0	9.635744139e-12	0	
smoke	weak-32	2	exact	64	259	4	9.477000000e-6	2.885860000e-4	7.905000000e-6	3.856800000e-6	1.252340000e-4	4.232970000e-4	12	16	16	4	8	7.431985710e-16	true	true	32768	512	4656	0	NA	NA	9.557036647e-16	4.147731117e-16	9.999999999e-1	1.000000000e0	9.635744139e-12	0	
smoke	weak-32	2	exact	64	259	16	9.477000000e-6	2.885860000e-4	7.905000000e-6	3.856800000e-6	4.910540000e-4	7.891170000e-4	48	64	64	16	32	1.186853288e-15	true	true	32768	512	4656	0	NA	NA	9.557036647e-16	4.147731117e-16	9.999999999e-1	1.000000000e0	9.635744139e-12	0	
smoke	weak-32	2	exact	64	259	32	9.477000000e-6	2.885860000e-4	7.905000000e-6	3.856800000e-6	9.812480000e-4	1.279311000e-3	96	128	128	32	64	1.186853288e-15	true	true	32768	512	4656	0	NA	NA	9.557036647e-16	4.147731117e-16	9.999999999e-1	1.000000000e0	9.635744139e-12	0	
smoke	weak-32	2	cmg-fixed	64	259	1	9.477000000e-6	1.989700000e-5	6.532000000e-6	2.466600000e-6	4.304000000e-5	7.241400000e-5	6	7	7	1	2	1.028495953e-13	true	true	6496	1880	4656	2	Direct	true	1.009558294e-16	2.756928676e-16	7.499179773e-1	1.333479168e0	1.138614655e-4	0	
smoke	weak-32	2	cmg-fixed	64	259	4	9.477000000e-6	1.989700000e-5	6.532000000e-6	2.466600000e-6	1.899520000e-4	2.193260000e-4	24	28	28	4	8	1.028495953e-13	true	true	6496	1880	4656	2	Direct	true	1.009558294e-16	2.756928676e-16	7.499179773e-1	1.333479168e0	1.138614655e-4	0	
smoke	weak-32	2	cmg-fixed	64	259	16	9.477000000e-6	1.989700000e-5	6.532000000e-6	2.466600000e-6	6.821990000e-4	7.115730000e-4	96	112	112	16	32	2.737024820e-13	true	true	6496	1880	4656	2	Direct	true	1.009558294e-16	2.756928676e-16	7.499179773e-1	1.333479168e0	1.138614655e-4	0	
smoke	weak-32	2	cmg-fixed	64	259	32	9.477000000e-6	1.989700000e-5	6.532000000e-6	2.466600000e-6	1.366401000e-3	1.395775000e-3	193	225	225	32	64	3.494556207e-13	true	true	6496	1880	4656	2	Direct	true	1.009558294e-16	2.756928676e-16	7.499179773e-1	1.333479168e0	1.138614655e-4	0	
smoke	weak-32	2	within-default	64	259	1	9.477000000e-6	1.353920000e-4	7.023000000e-6	2.269040000e-6	1.152540000e-4	2.601230000e-4	19	20	20	1	2	3.106568131e-12	true	true	NA	512	4656	0	NA	NA	2.985852606e-16	2.884406542e-16	6.079744625e-1	3.433267525e0	2.377287814e-4	0	
smoke	weak-32	2	within-default	64	259	4	9.477000000e-6	1.353920000e-4	7.023000000e-6	2.269040000e-6	4.677390000e-4	6.126080000e-4	79	83	83	4	8	3.106568131e-12	true	true	NA	512	4656	0	NA	NA	2.985852606e-16	2.884406542e-16	6.079744625e-1	3.433267525e0	2.377287814e-4	0	
smoke	weak-32	2	within-default	64	259	16	9.477000000e-6	1.353920000e-4	7.023000000e-6	2.269040000e-6	1.914659000e-3	2.059528000e-3	319	335	335	16	32	3.735919085e-12	true	true	NA	512	4656	0	NA	NA	2.985852606e-16	2.884406542e-16	6.079744625e-1	3.433267525e0	2.377287814e-4	0	
smoke	weak-32	2	within-default	64	259	32	9.477000000e-6	1.353920000e-4	7.023000000e-6	2.269040000e-6	3.840202000e-3	3.985071000e-3	641	673	673	32	64	5.735166689e-12	true	true	NA	512	4656	0	NA	NA	2.985852606e-16	2.884406542e-16	6.079744625e-1	3.433267525e0	2.377287814e-4	0	
smoke	dense-32	0	within-default	64	1024	1	1.769300000e-5	2.679280000e-4	7.483000000e-6	4.093600000e-6	2.394560000e-4	5.250770000e-4	16	17	17	1	2	1.451951571e-12	true	true	NA	512	16896	0	NA	NA	3.633372176e-16	7.315978288e-16	6.161449382e-1	2.427740629e0	1.531548726e-1	0	
smoke	dense-32	0	within-default	64	1024	4	1.769300000e-5	2.679280000e-4	7.483000000e-6	4.093600000e-6	9.635930000e-4	1.249214000e-3	64	68	68	4	8	2.030085291e-12	true	true	NA	512	16896	0	NA	NA	3.633372176e-16	7.315978288e-16	6.161449382e-1	2.427740629e0	1.531548726e-1	0	
smoke	dense-32	0	within-default	64	1024	16	1.769300000e-5	2.679280000e-4	7.483000000e-6	4.093600000e-6	3.809445000e-3	4.095066000e-3	254	270	270	16	32	7.704570611e-12	true	true	NA	512	16896	0	NA	NA	3.633372176e-16	7.315978288e-16	6.161449382e-1	2.427740629e0	1.531548726e-1	0	
smoke	dense-32	0	within-default	64	1024	32	1.769300000e-5	2.679280000e-4	7.483000000e-6	4.093600000e-6	7.636283000e-3	7.921904000e-3	510	542	542	32	64	7.704570611e-12	true	true	NA	512	16896	0	NA	NA	3.633372176e-16	7.315978288e-16	6.161449382e-1	2.427740629e0	1.531548726e-1	0	
smoke	dense-32	0	jacobi	64	1024	1	1.769300000e-5	2.785000000e-6	2.474000000e-6	5.522400000e-7	1.402710000e-4	1.607490000e-4	11	12	12	1	2	2.531792774e-13	true	true	512	512	16896	0	NA	NA	1.449167055e-17	1.192528852e-16	8.813357086e-1	2.269282840e0	7.257942519e-2	0	
smoke	dense-32	0	jacobi	64	1024	4	1.769300000e-5	2.785000000e-6	2.474000000e-6	5.522400000e-7	5.206680000e-4	5.411460000e-4	44	48	48	4	8	2.616301965e-13	true	true	512	512	16896	0	NA	NA	1.449167055e-17	1.192528852e-16	8.813357086e-1	2.269282840e0	7.257942519e-2	0	
smoke	dense-32	0	jacobi	64	1024	16	1.769300000e-5	2.785000000e-6	2.474000000e-6	5.522400000e-7	2.021918000e-3	2.042396000e-3	171	187	187	16	32	4.552712027e-12	true	true	512	512	16896	0	NA	NA	1.449167055e-17	1.192528852e-16	8.813357086e-1	2.269282840e0	7.257942519e-2	0	
smoke	dense-32	0	jacobi	64	1024	32	1.769300000e-5	2.785000000e-6	2.474000000e-6	5.522400000e-7	4.056587000e-3	4.077065000e-3	346	378	378	32	64	4.915934700e-12	true	true	512	512	16896	0	NA	NA	1.449167055e-17	1.192528852e-16	8.813357086e-1	2.269282840e0	7.257942519e-2	0	
smoke	dense-32	0	exact	64	1024	1	1.769300000e-5	3.605410000e-4	5.741000000e-6	3.853560000e-6	5.554300000e-5	4.337770000e-4	2	3	3	1	2	1.431717114e-15	true	true	32768	512	16896	0	NA	NA	1.374127703e-16	3.461702384e-16	1.000000000e0	1.000000000e0	4.898772675e-16	0	
smoke	dense-32	0	exact	64	1024	4	1.769300000e-5	3.605410000e-4	5.741000000e-6	3.853560000e-6	2.180760000e-4	5.963100000e-4	8	12	12	4	8	1.972659435e-15	true	true	32768	512	16896	0	NA	NA	1.374127703e-16	3.461702384e-16	1.000000000e0	1.000000000e0	4.898772675e-16	0	
smoke	dense-32	0	exact	64	1024	16	1.769300000e-5	3.605410000e-4	5.741000000e-6	3.853560000e-6	8.808700000e-4	1.259104000e-3	32	48	48	16	32	2.230331020e-15	true	true	32768	512	16896	0	NA	NA	1.374127703e-16	3.461702384e-16	1.000000000e0	1.000000000e0	4.898772675e-16	0	
smoke	dense-32	0	exact	64	1024	32	1.769300000e-5	3.605410000e-4	5.741000000e-6	3.853560000e-6	1.756779000e-3	2.135013000e-3	64	96	96	32	64	2.677034756e-15	true	true	32768	512	16896	0	NA	NA	1.374127703e-16	3.461702384e-16	1.000000000e0	1.000000000e0	4.898772675e-16	0	
smoke	dense-32	0	cmg-fixed	64	1024	1	1.769300000e-5	6.578200000e-5	1.083100000e-5	6.898440000e-6	1.901940000e-4	2.736690000e-4	10	11	11	1	2	3.513650108e-13	true	true	34824	2912	16896	2	StagnatedVertexReduction	false	3.473133502e-17	2.599371330e-16	7.468984830e-1	1.338870038e0	1.509534273e-1	0	
smoke	dense-32	0	cmg-fixed	64	1024	4	1.769300000e-5	6.578200000e-5	1.083100000e-5	6.898440000e-6	7.728080000e-4	8.562830000e-4	40	44	44	4	8	5.895220064e-13	true	true	34824	2912	16896	2	StagnatedVertexReduction	false	3.473133502e-17	2.599371330e-16	7.468984830e-1	1.338870038e0	1.509534273e-1	0	
smoke	dense-32	0	cmg-fixed	64	1024	16	1.769300000e-5	6.578200000e-5	1.083100000e-5	6.898440000e-6	3.057327000e-3	3.140802000e-3	160	176	176	16	32	1.323247358e-12	true	true	34824	2912	16896	2	StagnatedVertexReduction	false	3.473133502e-17	2.599371330e-16	7.468984830e-1	1.338870038e0	1.509534273e-1	0	
smoke	dense-32	0	cmg-fixed	64	1024	32	1.769300000e-5	6.578200000e-5	1.083100000e-5	6.898440000e-6	6.105066000e-3	6.188541000e-3	320	352	352	32	64	1.323247358e-12	true	true	34824	2912	16896	2	StagnatedVertexReduction	false	3.473133502e-17	2.599371330e-16	7.468984830e-1	1.338870038e0	1.509534273e-1	0	
smoke	dense-32	1	jacobi	64	1024	1	1.769300000e-5	2.214000000e-6	1.884000000e-6	5.474000000e-7	1.284180000e-4	1.483250000e-4	11	12	12	1	2	2.531792774e-13	true	true	512	512	16896	0	NA	NA	1.449167055e-17	1.192528852e-16	8.813357086e-1	2.269282840e0	7.257942519e-2	0	
smoke	dense-32	1	jacobi	64	1024	4	1.769300000e-5	2.214000000e-6	1.884000000e-6	5.474000000e-7	5.105690000e-4	5.304760000e-4	44	48	48	4	8	2.616301965e-13	true	true	512	512	16896	0	NA	NA	1.449167055e-17	1.192528852e-16	8.813357086e-1	2.269282840e0	7.257942519e-2	0	
smoke	dense-32	1	jacobi	64	1024	16	1.769300000e-5	2.214000000e-6	1.884000000e-6	5.474000000e-7	2.015699000e-3	2.035606000e-3	171	187	187	16	32	4.552712027e-12	true	true	512	512	16896	0	NA	NA	1.449167055e-17	1.192528852e-16	8.813357086e-1	2.269282840e0	7.257942519e-2	0	
smoke	dense-32	1	jacobi	64	1024	32	1.769300000e-5	2.214000000e-6	1.884000000e-6	5.474000000e-7	4.076500000e-3	4.096407000e-3	346	378	378	32	64	4.915934700e-12	true	true	512	512	16896	0	NA	NA	1.449167055e-17	1.192528852e-16	8.813357086e-1	2.269282840e0	7.257942519e-2	0	
smoke	dense-32	1	exact	64	1024	1	1.769300000e-5	3.554510000e-4	5.340000000e-6	3.847600000e-6	5.549400000e-5	4.286380000e-4	2	3	3	1	2	1.431717114e-15	true	true	32768	512	16896	0	NA	NA	1.374127703e-16	3.461702384e-16	1.000000000e0	1.000000000e0	4.898772675e-16	0	
smoke	dense-32	1	exact	64	1024	4	1.769300000e-5	3.554510000e-4	5.340000000e-6	3.847600000e-6	2.407180000e-4	6.138620000e-4	8	12	12	4	8	1.972659435e-15	true	true	32768	512	16896	0	NA	NA	1.374127703e-16	3.461702384e-16	1.000000000e0	1.000000000e0	4.898772675e-16	0	
smoke	dense-32	1	exact	64	1024	16	1.769300000e-5	3.554510000e-4	5.340000000e-6	3.847600000e-6	8.890040000e-4	1.262148000e-3	32	48	48	16	32	2.230331020e-15	true	true	32768	512	16896	0	NA	NA	1.374127703e-16	3.461702384e-16	1.000000000e0	1.000000000e0	4.898772675e-16	0	
smoke	dense-32	1	exact	64	1024	32	1.769300000e-5	3.554510000e-4	5.340000000e-6	3.847600000e-6	1.765424000e-3	2.138568000e-3	64	96	96	32	64	2.677034756e-15	true	true	32768	512	16896	0	NA	NA	1.374127703e-16	3.461702384e-16	1.000000000e0	1.000000000e0	4.898772675e-16	0	
smoke	dense-32	1	cmg-fixed	64	1024	1	1.769300000e-5	6.154400000e-5	1.063900000e-5	6.961360000e-6	1.926980000e-4	2.719350000e-4	10	11	11	1	2	3.513650108e-13	true	true	34824	2912	16896	2	StagnatedVertexReduction	false	3.473133502e-17	2.599371330e-16	7.468984830e-1	1.338870038e0	1.509534273e-1	0	
smoke	dense-32	1	cmg-fixed	64	1024	4	1.769300000e-5	6.154400000e-5	1.063900000e-5	6.961360000e-6	7.854810000e-4	8.647180000e-4	40	44	44	4	8	5.895220064e-13	true	true	34824	2912	16896	2	StagnatedVertexReduction	false	3.473133502e-17	2.599371330e-16	7.468984830e-1	1.338870038e0	1.509534273e-1	0	
smoke	dense-32	1	cmg-fixed	64	1024	16	1.769300000e-5	6.154400000e-5	1.063900000e-5	6.961360000e-6	3.107780000e-3	3.187017000e-3	160	176	176	16	32	1.323247358e-12	true	true	34824	2912	16896	2	StagnatedVertexReduction	false	3.473133502e-17	2.599371330e-16	7.468984830e-1	1.338870038e0	1.509534273e-1	0	
smoke	dense-32	1	cmg-fixed	64	1024	32	1.769300000e-5	6.154400000e-5	1.063900000e-5	6.961360000e-6	6.209116000e-3	6.288353000e-3	320	352	352	32	64	1.323247358e-12	true	true	34824	2912	16896	2	StagnatedVertexReduction	false	3.473133502e-17	2.599371330e-16	7.468984830e-1	1.338870038e0	1.509534273e-1	0	
smoke	dense-32	1	within-default	64	1024	1	1.769300000e-5	2.927750000e-4	9.157000000e-6	4.118040000e-6	2.624690000e-4	5.729370000e-4	16	17	17	1	2	1.451951571e-12	true	true	NA	512	16896	0	NA	NA	3.633372176e-16	7.315978288e-16	6.161449382e-1	2.427740629e0	1.531548726e-1	0	
smoke	dense-32	1	within-default	64	1024	4	1.769300000e-5	2.927750000e-4	9.157000000e-6	4.118040000e-6	9.738330000e-4	1.284301000e-3	64	68	68	4	8	2.030085291e-12	true	true	NA	512	16896	0	NA	NA	3.633372176e-16	7.315978288e-16	6.161449382e-1	2.427740629e0	1.531548726e-1	0	
smoke	dense-32	1	within-default	64	1024	16	1.769300000e-5	2.927750000e-4	9.157000000e-6	4.118040000e-6	3.841857000e-3	4.152325000e-3	254	270	270	16	32	7.704570611e-12	true	true	NA	512	16896	0	NA	NA	3.633372176e-16	7.315978288e-16	6.161449382e-1	2.427740629e0	1.531548726e-1	0	
smoke	dense-32	1	within-default	64	1024	32	1.769300000e-5	2.927750000e-4	9.157000000e-6	4.118040000e-6	7.666451000e-3	7.976919000e-3	510	542	542	32	64	7.704570611e-12	true	true	NA	512	16896	0	NA	NA	3.633372176e-16	7.315978288e-16	6.161449382e-1	2.427740629e0	1.531548726e-1	0	
smoke	dense-32	2	exact	64	1024	1	1.769300000e-5	3.718520000e-4	5.952000000e-6	4.483120000e-6	5.747700000e-5	4.470220000e-4	2	3	3	1	2	1.431717114e-15	true	true	32768	512	16896	0	NA	NA	1.374127703e-16	3.461702384e-16	1.000000000e0	1.000000000e0	4.898772675e-16	0	
smoke	dense-32	2	exact	64	1024	4	1.769300000e-5	3.718520000e-4	5.952000000e-6	4.483120000e-6	2.227740000e-4	6.123190000e-4	8	12	12	4	8	1.972659435e-15	true	true	32768	512	16896	0	NA	NA	1.374127703e-16	3.461702384e-16	1.000000000e0	1.000000000e0	4.898772675e-16	0	
smoke	dense-32	2	exact	64	1024	16	1.769300000e-5	3.718520000e-4	5.952000000e-6	4.483120000e-6	8.698980000e-4	1.259443000e-3	32	48	48	16	32	2.230331020e-15	true	true	32768	512	16896	0	NA	NA	1.374127703e-16	3.461702384e-16	1.000000000e0	1.000000000e0	4.898772675e-16	0	
smoke	dense-32	2	exact	64	1024	32	1.769300000e-5	3.718520000e-4	5.952000000e-6	4.483120000e-6	1.762116000e-3	2.151661000e-3	64	96	96	32	64	2.677034756e-15	true	true	32768	512	16896	0	NA	NA	1.374127703e-16	3.461702384e-16	1.000000000e0	1.000000000e0	4.898772675e-16	0	
smoke	dense-32	2	cmg-fixed	64	1024	1	1.769300000e-5	6.560200000e-5	1.083100000e-5	6.902800000e-6	1.902230000e-4	2.735180000e-4	10	11	11	1	2	3.513650108e-13	true	true	34824	2912	16896	2	StagnatedVertexReduction	false	3.473133502e-17	2.599371330e-16	7.468984830e-1	1.338870038e0	1.509534273e-1	0	
smoke	dense-32	2	cmg-fixed	64	1024	4	1.769300000e-5	6.560200000e-5	1.083100000e-5	6.902800000e-6	7.737490000e-4	8.570440000e-4	40	44	44	4	8	5.895220064e-13	true	true	34824	2912	16896	2	StagnatedVertexReduction	false	3.473133502e-17	2.599371330e-16	7.468984830e-1	1.338870038e0	1.509534273e-1	0	
smoke	dense-32	2	cmg-fixed	64	1024	16	1.769300000e-5	6.560200000e-5	1.083100000e-5	6.902800000e-6	3.082903000e-3	3.166198000e-3	160	176	176	16	32	1.323247358e-12	true	true	34824	2912	16896	2	StagnatedVertexReduction	false	3.473133502e-17	2.599371330e-16	7.468984830e-1	1.338870038e0	1.509534273e-1	0	
smoke	dense-32	2	cmg-fixed	64	1024	32	1.769300000e-5	6.560200000e-5	1.083100000e-5	6.902800000e-6	6.131884000e-3	6.215179000e-3	320	352	352	32	64	1.323247358e-12	true	true	34824	2912	16896	2	StagnatedVertexReduction	false	3.473133502e-17	2.599371330e-16	7.468984830e-1	1.338870038e0	1.509534273e-1	0	
smoke	dense-32	2	within-default	64	1024	1	1.769300000e-5	2.754830000e-4	9.067000000e-6	4.113240000e-6	2.514180000e-4	5.445940000e-4	16	17	17	1	2	1.451951571e-12	true	true	NA	512	16896	0	NA	NA	3.633372176e-16	7.315978288e-16	6.161449382e-1	2.427740629e0	1.531548726e-1	0	
smoke	dense-32	2	within-default	64	1024	4	1.769300000e-5	2.754830000e-4	9.067000000e-6	4.113240000e-6	9.599350000e-4	1.253111000e-3	64	68	68	4	8	2.030085291e-12	true	true	NA	512	16896	0	NA	NA	3.633372176e-16	7.315978288e-16	6.161449382e-1	2.427740629e0	1.531548726e-1	0	
smoke	dense-32	2	within-default	64	1024	16	1.769300000e-5	2.754830000e-4	9.067000000e-6	4.113240000e-6	3.812279000e-3	4.105455000e-3	254	270	270	16	32	7.704570611e-12	true	true	NA	512	16896	0	NA	NA	3.633372176e-16	7.315978288e-16	6.161449382e-1	2.427740629e0	1.531548726e-1	0	
smoke	dense-32	2	within-default	64	1024	32	1.769300000e-5	2.754830000e-4	9.067000000e-6	4.113240000e-6	7.627214000e-3	7.920390000e-3	510	542	542	32	64	7.704570611e-12	true	true	NA	512	16896	0	NA	NA	3.633372176e-16	7.315978288e-16	6.161449382e-1	2.427740629e0	1.531548726e-1	0	
smoke	dense-32	2	jacobi	64	1024	1	1.769300000e-5	2.776000000e-6	2.455000000e-6	5.466000000e-7	1.285890000e-4	1.490580000e-4	11	12	12	1	2	2.531792774e-13	true	true	512	512	16896	0	NA	NA	1.449167055e-17	1.192528852e-16	8.813357086e-1	2.269282840e0	7.257942519e-2	0	
smoke	dense-32	2	jacobi	64	1024	4	1.769300000e-5	2.776000000e-6	2.455000000e-6	5.466000000e-7	5.093480000e-4	5.298170000e-4	44	48	48	4	8	2.616301965e-13	true	true	512	512	16896	0	NA	NA	1.449167055e-17	1.192528852e-16	8.813357086e-1	2.269282840e0	7.257942519e-2	0	
smoke	dense-32	2	jacobi	64	1024	16	1.769300000e-5	2.776000000e-6	2.455000000e-6	5.466000000e-7	2.017722000e-3	2.038191000e-3	171	187	187	16	32	4.552712027e-12	true	true	512	512	16896	0	NA	NA	1.449167055e-17	1.192528852e-16	8.813357086e-1	2.269282840e0	7.257942519e-2	0	
smoke	dense-32	2	jacobi	64	1024	32	1.769300000e-5	2.776000000e-6	2.455000000e-6	5.466000000e-7	4.053547000e-3	4.074016000e-3	346	378	378	32	64	4.915934700e-12	true	true	512	512	16896	0	NA	NA	1.449167055e-17	1.192528852e-16	8.813357086e-1	2.269282840e0	7.257942519e-2	0	
smoke	dynamic-32	0	jacobi	64	96	1	4.919000000e-6	2.054000000e-6	1.713000000e-6	5.458400000e-7	1.446990000e-4	1.516720000e-4	62	63	63	1	2	4.620994948e-15	true	true	512	512	2048	0	NA	NA	2.887805482e-17	2.485072156e-16	1.630751807e-5	1.226428198e5	9.870323319e-1	0	
smoke	dynamic-32	0	jacobi	64	96	4	4.919000000e-6	2.054000000e-6	1.713000000e-6	5.458400000e-7	5.788860000e-4	5.858590000e-4	249	253	253	4	8	4.620994948e-15	true	true	512	512	2048	0	NA	NA	2.887805482e-17	2.485072156e-16	1.630751807e-5	1.226428198e5	9.870323319e-1	0	
smoke	dynamic-32	0	jacobi	64	96	16	4.919000000e-6	2.054000000e-6	1.713000000e-6	5.458400000e-7	2.345413000e-3	2.352386000e-3	1001	1017	1017	16	32	1.346348717e-14	true	true	512	512	2048	0	NA	NA	2.887805482e-17	2.485072156e-16	1.630751807e-5	1.226428198e5	9.870323319e-1	0	
smoke	dynamic-32	0	jacobi	64	96	32	4.919000000e-6	2.054000000e-6	1.713000000e-6	5.458400000e-7	4.710672000e-3	4.717645000e-3	2009	2041	2041	32	64	1.346348717e-14	true	true	512	512	2048	0	NA	NA	2.887805482e-17	2.485072156e-16	1.630751807e-5	1.226428198e5	9.870323319e-1	0	
smoke	dynamic-32	0	exact	64	96	1	4.919000000e-6	3.296440000e-4	5.240000000e-6	3.827520000e-6	2.359400000e-5	3.581570000e-4	3	4	4	1	2	2.317199801e-16	true	true	32768	512	2048	0	NA	NA	3.838831890e-16	6.353059489e-16	1.000000000e0	1.000000000e0	4.923803404e-12	0	
smoke	dynamic-32	0	exact	64	96	4	4.919000000e-6	3.296440000e-4	5.240000000e-6	3.827520000e-6	9.175100000e-5	4.263140000e-4	12	16	16	4	8	2.542287431e-16	true	true	32768	512	2048	0	NA	NA	3.838831890e-16	6.353059489e-16	1.000000000e0	1.000000000e0	4.923803404e-12	0	
smoke	dynamic-32	0	exact	64	96	16	4.919000000e-6	3.296440000e-4	5.240000000e-6	3.827520000e-6	3.731550000e-4	7.077180000e-4	48	64	64	16	32	9.194618039e-16	true	true	32768	512	2048	0	NA	NA	3.838831890e-16	6.353059489e-16	1.000000000e0	1.000000000e0	4.923803404e-12	0	
smoke	dynamic-32	0	exact	64	96	32	4.919000000e-6	3.296440000e-4	5.240000000e-6	3.827520000e-6	7.358600000e-4	1.070423000e-3	96	128	128	32	64	9.194618039e-16	true	true	32768	512	2048	0	NA	NA	3.838831890e-16	6.353059489e-16	1.000000000e0	1.000000000e0	4.923803404e-12	0	
smoke	dynamic-32	0	cmg-fixed	64	96	1	4.919000000e-6	1.995700000e-5	7.194000000e-6	2.709040000e-6	7.453900000e-5	9.941500000e-5	15	16	16	1	2	5.141728032e-16	true	true	4176	2120	2048	3	Direct	true	2.401855251e-16	4.103334180e-16	5.439740266e-1	1.838323065e0	1.078859001e-1	0	
smoke	dynamic-32	0	cmg-fixed	64	96	4	4.919000000e-6	1.995700000e-5	7.194000000e-6	2.709040000e-6	2.944590000e-4	3.193350000e-4	60	64	64	4	8	5.141728032e-16	true	true	4176	2120	2048	3	Direct	true	2.401855251e-16	4.103334180e-16	5.439740266e-1	1.838323065e0	1.078859001e-1	0	
smoke	dynamic-32	0	cmg-fixed	64	96	16	4.919000000e-6	1.995700000e-5	7.194000000e-6	2.709040000e-6	1.182380000e-3	1.207256000e-3	240	256	256	16	32	2.315963506e-15	true	true	4176	2120	2048	3	Direct	true	2.401855251e-16	4.103334180e-16	5.439740266e-1	1.838323065e0	1.078859001e-1	0	
smoke	dynamic-32	0	cmg-fixed	64	96	32	4.919000000e-6	1.995700000e-5	7.194000000e-6	2.709040000e-6	2.371383000e-3	2.396259000e-3	482	514	514	32	64	3.183486223e-15	true	true	4176	2120	2048	3	Direct	true	2.401855251e-16	4.103334180e-16	5.439740266e-1	1.838323065e0	1.078859001e-1	0	
smoke	dynamic-32	0	within-default	64	96	1	4.919000000e-6	1.017900000e-4	5.982000000e-6	2.022960000e-6	3.560600000e-5	1.423150000e-4	8	9	9	1	2	2.489223399e-16	true	true	NA	512	2048	0	NA	NA	4.391664596e-16	3.682133804e-16	9.751645103e-1	1.053133517e0	4.018144188e-3	0	
smoke	dynamic-32	0	within-default	64	96	4	4.919000000e-6	1.017900000e-4	5.982000000e-6	2.022960000e-6	1.544570000e-4	2.611660000e-4	32	36	36	4	8	6.325961273e-16	true	true	NA	512	2048	0	NA	NA	4.391664596e-16	3.682133804e-16	9.751645103e-1	1.053133517e0	4.018144188e-3	0	
smoke	dynamic-32	0	within-default	64	96	16	4.919000000e-6	1.017900000e-4	5.982000000e-6	2.022960000e-6	5.593810000e-4	6.660900000e-4	128	144	144	16	32	1.007715804e-15	true	true	NA	512	2048	0	NA	NA	4.391664596e-16	3.682133804e-16	9.751645103e-1	1.053133517e0	4.018144188e-3	0	
smoke	dynamic-32	0	within-default	64	96	32	4.919000000e-6	1.017900000e-4	5.982000000e-6	2.022960000e-6	1.109704000e-3	1.216413000e-3	256	288	288	32	64	1.138983892e-15	true	true	NA	512	2048	0	NA	NA	4.391664596e-16	3.682133804e-16	9.751645103e-1	1.053133517e0	4.018144188e-3	0	
smoke	dynamic-32	1	exact	64	96	1	4.919000000e-6	3.317570000e-4	5.350000000e-6	3.848720000e-6	2.425500000e-5	3.609310000e-4	3	4	4	1	2	2.317199801e-16	true	true	32768	512	2048	0	NA	NA	3.838831890e-16	6.353059489e-16	1.000000000e0	1.000000000e0	4.923803404e-12	0	
smoke	dynamic-32	1	exact	64	96	4	4.919000000e-6	3.317570000e-4	5.350000000e-6	3.848720000e-6	9.294200000e-5	4.296180000e-4	12	16	16	4	8	2.542287431e-16	true	true	32768	512	2048	0	NA	NA	3.838831890e-16	6.353059489e-16	1.000000000e0	1.000000000e0	4.923803404e-12	0	
smoke	dynamic-32	1	exact	64	96	16	4.919000000e-6	3.317570000e-4	5.350000000e-6	3.848720000e-6	3.673120000e-4	7.039880000e-4	48	64	64	16	32	9.194618039e-16	true	true	32768	512	2048	0	NA	NA	3.838831890e-16	6.353059489e-16	1.000000000e0	1.000000000e0	4.923803404e-12	0	
smoke	dynamic-32	1	exact	64	96	32	4.919000000e-6	3.317570000e-4	5.350000000e-6	3.848720000e-6	7.432560000e-4	1.079932000e-3	96	128	128	32	64	9.194618039e-16	true	true	32768	512	2048	0	NA	NA	3.838831890e-16	6.353059489e-16	1.000000000e0	1.000000000e0	4.923803404e-12	0	
smoke	dynamic-32	1	cmg-fixed	64	96	1	4.919000000e-6	1.914500000e-5	7.073000000e-6	3.196360000e-6	7.452900000e-5	9.859300000e-5	15	16	16	1	2	5.141728032e-16	true	true	4176	2120	2048	3	Direct	true	2.401855251e-16	4.103334180e-16	5.439740266e-1	1.838323065e0	1.078859001e-1	0	
smoke	dynamic-32	1	cmg-fixed	64	96	4	4.919000000e-6	1.914500000e-5	7.073000000e-6	3.196360000e-6	2.985770000e-4	3.226410000e-4	60	64	64	4	8	5.141728032e-16	true	true	4176	2120	2048	3	Direct	true	2.401855251e-16	4.103334180e-16	5.439740266e-1	1.838323065e0	1.078859001e-1	0	
smoke	dynamic-32	1	cmg-fixed	64	96	16	4.919000000e-6	1.914500000e-5	7.073000000e-6	3.196360000e-6	1.184072000e-3	1.208136000e-3	240	256	256	16	32	2.315963506e-15	true	true	4176	2120	2048	3	Direct	true	2.401855251e-16	4.103334180e-16	5.439740266e-1	1.838323065e0	1.078859001e-1	0	
smoke	dynamic-32	1	cmg-fixed	64	96	32	4.919000000e-6	1.914500000e-5	7.073000000e-6	3.196360000e-6	2.371248000e-3	2.395312000e-3	482	514	514	32	64	3.183486223e-15	true	true	4176	2120	2048	3	Direct	true	2.401855251e-16	4.103334180e-16	5.439740266e-1	1.838323065e0	1.078859001e-1	0	
smoke	dynamic-32	1	within-default	64	96	1	4.919000000e-6	1.083210000e-4	5.871000000e-6	2.024160000e-6	3.617700000e-5	1.494170000e-4	8	9	9	1	2	2.489223399e-16	true	true	NA	512	2048	0	NA	NA	4.391664596e-16	3.682133804e-16	9.751645103e-1	1.053133517e0	4.018144188e-3	0	
smoke	dynamic-32	1	within-default	64	96	4	4.919000000e-6	1.083210000e-4	5.871000000e-6	2.024160000e-6	1.388480000e-4	2.520880000e-4	32	36	36	4	8	6.325961273e-16	true	true	NA	512	2048	0	NA	NA	4.391664596e-16	3.682133804e-16	9.751645103e-1	1.053133517e0	4.018144188e-3	0	
smoke	dynamic-32	1	within-default	64	96	16	4.919000000e-6	1.083210000e-4	5.871000000e-6	2.024160000e-6	5.447420000e-4	6.579820000e-4	128	144	144	16	32	1.007715804e-15	true	true	NA	512	2048	0	NA	NA	4.391664596e-16	3.682133804e-16	9.751645103e-1	1.053133517e0	4.018144188e-3	0	
smoke	dynamic-32	1	within-default	64	96	32	4.919000000e-6	1.083210000e-4	5.871000000e-6	2.024160000e-6	1.099212000e-3	1.212452000e-3	256	288	288	32	64	1.138983892e-15	true	true	NA	512	2048	0	NA	NA	4.391664596e-16	3.682133804e-16	9.751645103e-1	1.053133517e0	4.018144188e-3	0	
smoke	dynamic-32	1	jacobi	64	96	1	4.919000000e-6	2.345000000e-6	1.984000000e-6	5.450400000e-7	1.450690000e-4	1.523330000e-4	62	63	63	1	2	4.620994948e-15	true	true	512	512	2048	0	NA	NA	2.887805482e-17	2.485072156e-16	1.630751807e-5	1.226428198e5	9.870323319e-1	0	
smoke	dynamic-32	1	jacobi	64	96	4	4.919000000e-6	2.345000000e-6	1.984000000e-6	5.450400000e-7	5.794560000e-4	5.867200000e-4	249	253	253	4	8	4.620994948e-15	true	true	512	512	2048	0	NA	NA	2.887805482e-17	2.485072156e-16	1.630751807e-5	1.226428198e5	9.870323319e-1	0	
smoke	dynamic-32	1	jacobi	64	96	16	4.919000000e-6	2.345000000e-6	1.984000000e-6	5.450400000e-7	2.344439000e-3	2.351703000e-3	1001	1017	1017	16	32	1.346348717e-14	true	true	512	512	2048	0	NA	NA	2.887805482e-17	2.485072156e-16	1.630751807e-5	1.226428198e5	9.870323319e-1	0	
smoke	dynamic-32	1	jacobi	64	96	32	4.919000000e-6	2.345000000e-6	1.984000000e-6	5.450400000e-7	4.702635000e-3	4.709899000e-3	2009	2041	2041	32	64	1.346348717e-14	true	true	512	512	2048	0	NA	NA	2.887805482e-17	2.485072156e-16	1.630751807e-5	1.226428198e5	9.870323319e-1	0	
smoke	dynamic-32	2	cmg-fixed	64	96	1	4.919000000e-6	1.940600000e-5	7.113000000e-6	2.716240000e-6	7.496900000e-5	9.929400000e-5	15	16	16	1	2	5.141728032e-16	true	true	4176	2120	2048	3	Direct	true	2.401855251e-16	4.103334180e-16	5.439740266e-1	1.838323065e0	1.078859001e-1	0	
smoke	dynamic-32	2	cmg-fixed	64	96	4	4.919000000e-6	1.940600000e-5	7.113000000e-6	2.716240000e-6	3.063390000e-4	3.306640000e-4	60	64	64	4	8	5.141728032e-16	true	true	4176	2120	2048	3	Direct	true	2.401855251e-16	4.103334180e-16	5.439740266e-1	1.838323065e0	1.078859001e-1	0	
smoke	dynamic-32	2	cmg-fixed	64	96	16	4.919000000e-6	1.940600000e-5	7.113000000e-6	2.716240000e-6	1.191928000e-3	1.216253000e-3	240	256	256	16	32	2.315963506e-15	true	true	4176	2120	2048	3	Direct	true	2.401855251e-16	4.103334180e-16	5.439740266e-1	1.838323065e0	1.078859001e-1	0	
smoke	dynamic-32	2	cmg-fixed	64	96	32	4.919000000e-6	1.940600000e-5	7.113000000e-6	2.716240000e-6	2.382312000e-3	2.406637000e-3	482	514	514	32	64	3.183486223e-15	true	true	4176	2120	2048	3	Direct	true	2.401855251e-16	4.103334180e-16	5.439740266e-1	1.838323065e0	1.078859001e-1	0	
smoke	dynamic-32	2	within-default	64	96	1	4.919000000e-6	1.381170000e-4	5.871000000e-6	2.024200000e-6	3.566600000e-5	1.787020000e-4	8	9	9	1	2	2.489223399e-16	true	true	NA	512	2048	0	NA	NA	4.391664596e-16	3.682133804e-16	9.751645103e-1	1.053133517e0	4.018144188e-3	0	
smoke	dynamic-32	2	within-default	64	96	4	4.919000000e-6	1.381170000e-4	5.871000000e-6	2.024200000e-6	1.378260000e-4	2.808620000e-4	32	36	36	4	8	6.325961273e-16	true	true	NA	512	2048	0	NA	NA	4.391664596e-16	3.682133804e-16	9.751645103e-1	1.053133517e0	4.018144188e-3	0	
smoke	dynamic-32	2	within-default	64	96	16	4.919000000e-6	1.381170000e-4	5.871000000e-6	2.024200000e-6	5.437720000e-4	6.868080000e-4	128	144	144	16	32	1.007715804e-15	true	true	NA	512	2048	0	NA	NA	4.391664596e-16	3.682133804e-16	9.751645103e-1	1.053133517e0	4.018144188e-3	0	
smoke	dynamic-32	2	within-default	64	96	32	4.919000000e-6	1.381170000e-4	5.871000000e-6	2.024200000e-6	1.097752000e-3	1.240788000e-3	256	288	288	32	64	1.138983892e-15	true	true	NA	512	2048	0	NA	NA	4.391664596e-16	3.682133804e-16	9.751645103e-1	1.053133517e0	4.018144188e-3	0	
smoke	dynamic-32	2	jacobi	64	96	1	4.919000000e-6	2.244000000e-6	1.903000000e-6	5.470400000e-7	1.448090000e-4	1.519720000e-4	62	63	63	1	2	4.620994948e-15	true	true	512	512	2048	0	NA	NA	2.887805482e-17	2.485072156e-16	1.630751807e-5	1.226428198e5	9.870323319e-1	0	
smoke	dynamic-32	2	jacobi	64	96	4	4.919000000e-6	2.244000000e-6	1.903000000e-6	5.470400000e-7	5.824930000e-4	5.896560000e-4	249	253	253	4	8	4.620994948e-15	true	true	512	512	2048	0	NA	NA	2.887805482e-17	2.485072156e-16	1.630751807e-5	1.226428198e5	9.870323319e-1	0	
smoke	dynamic-32	2	jacobi	64	96	16	4.919000000e-6	2.244000000e-6	1.903000000e-6	5.470400000e-7	2.399617000e-3	2.406780000e-3	1001	1017	1017	16	32	1.346348717e-14	true	true	512	512	2048	0	NA	NA	2.887805482e-17	2.485072156e-16	1.630751807e-5	1.226428198e5	9.870323319e-1	0	
smoke	dynamic-32	2	jacobi	64	96	32	4.919000000e-6	2.244000000e-6	1.903000000e-6	5.470400000e-7	4.797466000e-3	4.804629000e-3	2009	2041	2041	32	64	1.346348717e-14	true	true	512	512	2048	0	NA	NA	2.887805482e-17	2.485072156e-16	1.630751807e-5	1.226428198e5	9.870323319e-1	0	
smoke	dynamic-32	2	exact	64	96	1	4.919000000e-6	3.449320000e-4	5.801000000e-6	3.808280000e-6	2.390400000e-5	3.737550000e-4	3	4	4	1	2	2.317199801e-16	true	true	32768	512	2048	0	NA	NA	3.838831890e-16	6.353059489e-16	1.000000000e0	1.000000000e0	4.923803404e-12	0	
smoke	dynamic-32	2	exact	64	96	4	4.919000000e-6	3.449320000e-4	5.801000000e-6	3.808280000e-6	9.253100000e-5	4.423820000e-4	12	16	16	4	8	2.542287431e-16	true	true	32768	512	2048	0	NA	NA	3.838831890e-16	6.353059489e-16	1.000000000e0	1.000000000e0	4.923803404e-12	0	
smoke	dynamic-32	2	exact	64	96	16	4.919000000e-6	3.449320000e-4	5.801000000e-6	3.808280000e-6	3.673110000e-4	7.171620000e-4	48	64	64	16	32	9.194618039e-16	true	true	32768	512	2048	0	NA	NA	3.838831890e-16	6.353059489e-16	1.000000000e0	1.000000000e0	4.923803404e-12	0	
smoke	dynamic-32	2	exact	64	96	32	4.919000000e-6	3.449320000e-4	5.801000000e-6	3.808280000e-6	7.425980000e-4	1.092449000e-3	96	128	128	32	64	9.194618039e-16	true	true	32768	512	2048	0	NA	NA	3.838831890e-16	6.353059489e-16	1.000000000e0	1.000000000e0	4.923803404e-12	0	
