set	case	family	requested_seed	actual_seed	structural_skips	method	accepted	structural_admissible	selected_source	structural_baseline_selected	exact_oracle_partition	oracle_pair_recall	wrong_pair_count	fine_dimension	fine_tuples	coarse_dimension	coarse_tuples	coarse_dimension_ratio	tuple_reduction	two_level_tuple_complexity	compatible_diagonal_factor	compatible_energy_factor	baseline_map_condition	oracle_two_grid_condition	candidate_condition	oracle_improvement_recovered	pcg_iterations	pcg_converged	pcg_final_relative_residual	pcg_gramian_applications	pcg_preconditioner_applications	bootstrap_rounds	bootstrap_witnesses	repair_splits	candidate_pairs_generated	candidate_pairs_retained	retained_test_vector_bytes	retained_report_bytes_estimate	stop_reason
calibration	dominant-pair-weak-third-cover-476	dominant-pair-weak-third	476	476	0	oracle	false	true	oracle-reference	false	true	1.000000000000e0	0	36	144	18	72	5.000000000000e-1	5.000000000000e-1	1.500000000000e0	8.638396110620e-1	8.096658973623e-1	2.795616216030e1	NA	1.739291475104e0	NA	8	true	1.368968605989e-11	16	8	0	0	0	0	0	0	0	
calibration	dominant-pair-weak-third-cover-476	dominant-pair-weak-third	476	476	0	baseline-symmetric-map	true	true	baseline	false	false	0.000000000000e0	0	36	144	0	0	0.000000000000e0	0.000000000000e0	1.000000000000e0	NA	NA	2.795616216030e1	1.739291475104e0	2.795616216030e1	0.000000000000e0	13	true	7.384894912867e-11	26	13	0	0	0	0	0	0	0	baseline
calibration	dominant-pair-weak-third-cover-476	dominant-pair-weak-third	476	476	0	one-shot-pair-neighborhood	true	true	structural-baseline	false	false	0.000000000000e0	18	36	144	18	110	5.000000000000e-1	2.361111111111e-1	1.763888888889e0	7.423465163457e-1	7.218194218275e-1	2.795616216030e1	1.739291475104e0	8.906814108161e0	7.266064772137e-1	8	true	2.258042149159e-11	16	8	0	0	0	0	0	0	0	
calibration	dominant-pair-weak-third-cover-476	dominant-pair-weak-third	476	476	0	bootstrap-initial	true	true	relaxed-signature-initial	false	false	1.111111111111e-1	16	36	144	18	109	5.000000000000e-1	2.430555555556e-1	1.756944444444e0	6.992494746809e-1	6.810419723024e-1	2.795616216030e1	1.739291475104e0	5.798013894012e0	8.451866178979e-1	8	true	4.693537279822e-11	16	8	0	0	0	0	0	0	0	
calibration	dominant-pair-weak-third-cover-476	dominant-pair-weak-third	476	476	0	bootstrap-final	true	true	relaxed-signature-initial	false	false	1.111111111111e-1	16	36	144	18	109	5.000000000000e-1	2.430555555556e-1	1.756944444444e0	6.992494746809e-1	6.810419723024e-1	2.795616216030e1	1.739291475104e0	5.798013894012e0	8.451866178979e-1	8	true	4.693537279822e-11	16	8	1	0	0	198	193	1152	25616	AcceptedInitial
calibration	dominant-pair-weak-third-cover-421	dominant-pair-weak-third	421	421	0	oracle	true	true	oracle-reference	false	true	1.000000000000e0	0	36	144	18	72	5.000000000000e-1	5.000000000000e-1	1.500000000000e0	8.257364174443e-1	7.726113028270e-1	2.789858487458e1	NA	1.623275201686e0	NA	8	true	7.036389992754e-11	16	8	0	0	0	0	0	0	0	
calibration	dominant-pair-weak-third-cover-421	dominant-pair-weak-third	421	421	0	baseline-symmetric-map	true	true	baseline	false	false	0.000000000000e0	0	36	144	0	0	0.000000000000e0	0.000000000000e0	1.000000000000e0	NA	NA	2.789858487458e1	1.623275201686e0	2.789858487458e1	0.000000000000e0	14	true	2.104451290282e-12	28	14	0	0	0	0	0	0	0	baseline
calibration	dominant-pair-weak-third-cover-421	dominant-pair-weak-third	421	421	0	one-shot-pair-neighborhood	true	true	structural-baseline	false	false	0.000000000000e0	18	36	144	18	107	5.000000000000e-1	2.569444444444e-1	1.743055555556e0	7.005107296755e-1	6.803577479512e-1	2.789858487458e1	1.623275201686e0	8.858206992092e0	7.246490381855e-1	8	true	9.342856812913e-12	16	8	0	0	0	0	0	0	0	
calibration	dominant-pair-weak-third-cover-421	dominant-pair-weak-third	421	421	0	bootstrap-initial	true	true	relaxed-signature-initial	false	false	1.111111111111e-1	16	36	144	18	116	5.000000000000e-1	1.944444444444e-1	1.805555555556e0	7.073819092758e-1	6.800698350327e-1	2.789858487458e1	1.623275201686e0	5.799471656020e0	8.410600481470e-1	8	true	7.496383353063e-11	16	8	0	0	0	0	0	0	0	
calibration	dominant-pair-weak-third-cover-421	dominant-pair-weak-third	421	421	0	bootstrap-final	true	true	protected-structural-baseline	true	false	0.000000000000e0	18	36	144	18	107	5.000000000000e-1	2.569444444444e-1	1.743055555556e0	7.005107296755e-1	6.803577479512e-1	2.789858487458e1	1.623275201686e0	8.858206992092e0	7.246490381855e-1	8	true	9.342856812913e-12	16	8	1	0	0	198	194	1152	25616	AcceptedStructuralBaseline
calibration	nearly-nested-cover-175	nearly-nested	175	175	0	oracle	false	true	oracle-reference	false	true	1.000000000000e0	0	36	144	18	72	5.000000000000e-1	5.000000000000e-1	1.500000000000e0	8.725760181970e-1	8.107270338733e-1	9.072233989016e1	NA	2.068220328469e0	NA	9	true	5.239561394705e-12	18	9	0	0	0	0	0	0	0	
calibration	nearly-nested-cover-175	nearly-nested	175	175	0	baseline-symmetric-map	true	true	baseline	false	false	0.000000000000e0	0	36	144	0	0	0.000000000000e0	0.000000000000e0	1.000000000000e0	NA	NA	9.072233989016e1	2.068220328469e0	9.072233989016e1	0.000000000000e0	19	true	6.539015951407e-12	38	19	0	0	0	0	0	0	0	baseline
calibration	nearly-nested-cover-175	nearly-nested	175	175	0	one-shot-pair-neighborhood	false	true	structural-baseline	false	false	1.666666666667e-1	15	36	144	18	96	5.000000000000e-1	3.333333333333e-1	1.666666666667e0	8.977133649437e-1	8.106858216940e-1	9.072233989016e1	2.068220328469e0	4.248214822953e1	5.441393124101e-1	14	true	7.918711807714e-13	28	14	0	0	0	0	0	0	0	
calibration	nearly-nested-cover-175	nearly-nested	175	175	0	bootstrap-initial	false	true	relaxed-signature-initial	false	false	0.000000000000e0	18	36	144	18	105	5.000000000000e-1	2.708333333333e-1	1.729166666667e0	8.620018321191e-1	8.023973714938e-1	9.072233989016e1	2.068220328469e0	4.058716579428e1	5.655143195122e-1	15	true	9.148164198736e-12	30	15	0	0	0	0	0	0	0	
calibration	nearly-nested-cover-175	nearly-nested	175	175	0	bootstrap-final	true	true	witness-split-repair	false	false	0.000000000000e0	16	36	144	20	106	5.555555555556e-1	2.638888888889e-1	1.736111111111e0	8.268081180009e-1	7.803158668497e-1	9.072233989016e1	2.068220328469e0	2.932299872704e1	6.925717774502e-1	15	true	4.357312819164e-15	30	15	3	2	2	594	580	1728	89656	AcceptedAfterSplitRepair { witnesses: 2, splits: 2 }
calibration	nearly-nested-cover-370	nearly-nested	370	370	0	oracle	false	true	oracle-reference	false	true	1.000000000000e0	0	36	144	18	72	5.000000000000e-1	5.000000000000e-1	1.500000000000e0	8.543263852702e-1	7.963913442281e-1	9.094354094063e1	NA	2.542326799182e0	NA	8	true	7.106664135833e-11	16	8	0	0	0	0	0	0	0	
calibration	nearly-nested-cover-370	nearly-nested	370	370	0	baseline-symmetric-map	true	true	baseline	false	false	0.000000000000e0	0	36	144	0	0	0.000000000000e0	0.000000000000e0	1.000000000000e0	NA	NA	9.094354094063e1	2.542326799182e0	9.094354094063e1	0.000000000000e0	19	true	4.114822141885e-14	38	19	0	0	0	0	0	0	0	baseline
calibration	nearly-nested-cover-370	nearly-nested	370	370	0	one-shot-pair-neighborhood	false	true	structural-baseline	false	false	1.111111111111e-1	16	36	144	18	87	5.000000000000e-1	3.958333333333e-1	1.604166666667e0	9.017197638553e-1	7.365256920304e-1	9.094354094063e1	2.542326799182e0	4.486847593759e1	5.212039840235e-1	12	true	6.832844246268e-11	24	12	0	0	0	0	0	0	0	
calibration	nearly-nested-cover-370	nearly-nested	370	370	0	bootstrap-initial	false	true	relaxed-signature-initial	false	false	0.000000000000e0	18	36	144	18	111	5.000000000000e-1	2.291666666667e-1	1.770833333333e0	8.923341754118e-1	8.042418111959e-1	9.094354094063e1	2.542326799182e0	3.881705308573e1	5.896580534686e-1	15	true	1.110132323937e-15	30	15	0	0	0	0	0	0	0	
calibration	nearly-nested-cover-370	nearly-nested	370	370	0	bootstrap-final	true	true	witness-split-repair	false	false	0.000000000000e0	16	36	144	20	110	5.555555555556e-1	2.361111111111e-1	1.763888888889e0	8.151800608682e-1	7.615772567548e-1	9.094354094063e1	2.542326799182e0	3.438830448162e1	6.397563314969e-1	14	true	1.895684478471e-12	28	14	7	6	2	1386	1352	2880	140888	AcceptedAfterSplitRepair { witnesses: 6, splits: 2 }
calibration	nearly-nested-cover-118	nearly-nested	118	118	0	oracle	true	true	oracle-reference	false	true	1.000000000000e0	0	36	144	18	72	5.000000000000e-1	5.000000000000e-1	1.500000000000e0	8.158850931276e-1	7.557637155254e-1	9.087725409468e1	NA	1.780676786392e0	NA	8	true	9.802161580622e-13	16	8	0	0	0	0	0	0	0	
calibration	nearly-nested-cover-118	nearly-nested	118	118	0	baseline-symmetric-map	true	true	baseline	false	false	0.000000000000e0	0	36	144	0	0	0.000000000000e0	0.000000000000e0	1.000000000000e0	NA	NA	9.087725409468e1	1.780676786392e0	9.087725409468e1	0.000000000000e0	18	true	9.123824216815e-11	36	18	0	0	0	0	0	0	0	baseline
calibration	nearly-nested-cover-118	nearly-nested	118	118	0	one-shot-pair-neighborhood	false	true	structural-baseline	false	false	1.111111111111e-1	16	36	144	18	100	5.000000000000e-1	3.055555555556e-1	1.694444444444e0	8.999516018208e-1	7.621749131632e-1	9.087725409468e1	1.780676786392e0	4.180535802542e1	5.507719550153e-1	13	true	3.852535754102e-13	26	13	0	0	0	0	0	0	0	
calibration	nearly-nested-cover-118	nearly-nested	118	118	0	bootstrap-initial	false	true	relaxed-signature-initial	false	false	0.000000000000e0	18	36	144	18	109	5.000000000000e-1	2.430555555556e-1	1.756944444444e0	8.797659192010e-1	7.932503289359e-1	9.087725409468e1	1.780676786392e0	4.015937655981e1	5.692460818038e-1	14	true	3.339509259543e-12	28	14	0	0	0	0	0	0	0	
calibration	nearly-nested-cover-118	nearly-nested	118	118	0	bootstrap-final	true	true	witness-split-repair	false	false	0.000000000000e0	17	36	144	19	107	5.277777777778e-1	2.569444444444e-1	1.743055555556e0	7.964438466666e-1	7.694530376976e-1	9.087725409468e1	1.780676786392e0	3.304888672295e1	6.490526249020e-1	14	true	4.427601168384e-12	28	14	3	2	1	594	581	1728	76848	AcceptedAfterSplitRepair { witnesses: 2, splits: 1 }
calibration	nearly-nested-cover-211	nearly-nested	211	211	0	oracle	false	true	oracle-reference	false	true	1.000000000000e0	0	36	144	18	72	5.000000000000e-1	5.000000000000e-1	1.500000000000e0	8.544208060151e-1	7.950121320016e-1	9.147466490645e1	NA	1.886496692908e0	NA	8	true	5.453597675742e-11	16	8	0	0	0	0	0	0	0	
calibration	nearly-nested-cover-211	nearly-nested	211	211	0	baseline-symmetric-map	true	true	baseline	false	false	0.000000000000e0	0	36	144	0	0	0.000000000000e0	0.000000000000e0	1.000000000000e0	NA	NA	9.147466490645e1	1.886496692908e0	9.147466490645e1	0.000000000000e0	19	true	4.306421292149e-13	38	19	0	0	0	0	0	0	0	baseline
calibration	nearly-nested-cover-211	nearly-nested	211	211	0	one-shot-pair-neighborhood	true	true	structural-baseline	false	false	3.333333333333e-1	12	36	144	18	94	5.000000000000e-1	3.472222222222e-1	1.652777777778e0	7.679952896401e-1	7.380034468801e-1	9.147466490645e1	1.886496692908e0	4.452011085305e1	5.241155722871e-1	12	true	6.067758274640e-12	24	12	0	0	0	0	0	0	0	
calibration	nearly-nested-cover-211	nearly-nested	211	211	0	bootstrap-initial	false	true	relaxed-signature-initial	false	false	5.555555555556e-2	17	36	144	18	102	5.000000000000e-1	2.916666666667e-1	1.708333333333e0	8.800661245440e-1	8.062988105189e-1	9.147466490645e1	1.886496692908e0	3.576003387563e1	6.218972007332e-1	15	true	5.026511131796e-15	30	15	0	0	0	0	0	0	0	
calibration	nearly-nested-cover-211	nearly-nested	211	211	0	bootstrap-final	true	true	protected-structural-baseline	true	false	3.333333333333e-1	12	36	144	18	94	5.000000000000e-1	3.472222222222e-1	1.652777777778e0	7.679952896401e-1	7.380034468801e-1	9.147466490645e1	1.886496692908e0	4.452011085305e1	5.241155722871e-1	12	true	6.067758274640e-12	24	12	4	3	1	792	785	2016	89656	AcceptedStructuralBaseline
holdout	dominant-pair-weak-third-cover-512	dominant-pair-weak-third	512	512	0	oracle	true	true	oracle-reference	false	true	1.000000000000e0	0	36	144	18	72	5.000000000000e-1	5.000000000000e-1	1.500000000000e0	8.460315063451e-1	7.967224183918e-1	2.787874445195e1	NA	1.531596335672e0	NA	8	true	3.521784934565e-11	16	8	0	0	0	0	0	0	0	
holdout	dominant-pair-weak-third-cover-512	dominant-pair-weak-third	512	512	0	baseline-symmetric-map	true	true	baseline	false	false	0.000000000000e0	0	36	144	0	0	0.000000000000e0	0.000000000000e0	1.000000000000e0	NA	NA	2.787874445195e1	1.531596335672e0	2.787874445195e1	0.000000000000e0	13	true	4.971303526646e-11	26	13	0	0	0	0	0	0	0	baseline
holdout	dominant-pair-weak-third-cover-512	dominant-pair-weak-third	512	512	0	one-shot-pair-neighborhood	true	true	structural-baseline	false	false	1.666666666667e-1	15	36	144	18	117	5.000000000000e-1	1.875000000000e-1	1.812500000000e0	6.853026782857e-1	6.666483997812e-1	2.787874445195e1	1.531596335672e0	1.290571874303e0	1.009148028481e0	8	true	1.793457982996e-12	16	8	0	0	0	0	0	0	0	
holdout	dominant-pair-weak-third-cover-512	dominant-pair-weak-third	512	512	0	bootstrap-initial	true	true	relaxed-signature-initial	false	false	5.555555555556e-2	17	36	144	18	112	5.000000000000e-1	2.222222222222e-1	1.777777777778e0	7.594738009791e-1	7.363066709763e-1	2.787874445195e1	1.531596335672e0	1.130942110077e1	6.288848902375e-1	9	true	1.725915180268e-12	18	9	0	0	0	0	0	0	0	
holdout	dominant-pair-weak-third-cover-512	dominant-pair-weak-third	512	512	0	bootstrap-final	true	true	relaxed-signature-initial	false	false	5.555555555556e-2	17	36	144	18	112	5.000000000000e-1	2.222222222222e-1	1.777777777778e0	7.594738009791e-1	7.363066709763e-1	2.787874445195e1	1.531596335672e0	1.130942110077e1	6.288848902375e-1	9	true	1.725915180268e-12	18	9	1	0	0	198	191	1152	25616	AcceptedInitial
holdout	dominant-pair-weak-third-cover-513	dominant-pair-weak-third	513	513	0	oracle	false	true	oracle-reference	false	true	1.000000000000e0	0	36	144	18	72	5.000000000000e-1	5.000000000000e-1	1.500000000000e0	8.521781322331e-1	7.912353162495e-1	2.789617391922e1	NA	1.913376817400e0	NA	8	true	4.253994535318e-11	16	8	0	0	0	0	0	0	0	
holdout	dominant-pair-weak-third-cover-513	dominant-pair-weak-third	513	513	0	baseline-symmetric-map	true	true	baseline	false	false	0.000000000000e0	0	36	144	0	0	0.000000000000e0	0.000000000000e0	1.000000000000e0	NA	NA	2.789617391922e1	1.913376817400e0	2.789617391922e1	0.000000000000e0	13	true	5.721572029009e-11	26	13	0	0	0	0	0	0	0	baseline
holdout	dominant-pair-weak-third-cover-513	dominant-pair-weak-third	513	513	0	one-shot-pair-neighborhood	true	true	structural-baseline	false	false	0.000000000000e0	18	36	144	18	111	5.000000000000e-1	2.291666666667e-1	1.770833333333e0	6.658406156057e-1	6.512010992273e-1	2.789617391922e1	1.913376817400e0	8.785921322312e0	7.354963563784e-1	9	true	3.537910461377e-13	18	9	0	0	0	0	0	0	0	
holdout	dominant-pair-weak-third-cover-513	dominant-pair-weak-third	513	513	0	bootstrap-initial	true	true	relaxed-signature-initial	false	false	0.000000000000e0	18	36	144	18	108	5.000000000000e-1	2.500000000000e-1	1.750000000000e0	7.930921146951e-1	7.513243738083e-1	2.789617391922e1	1.913376817400e0	1.181492496165e1	6.189190830593e-1	9	true	6.340558203970e-12	18	9	0	0	0	0	0	0	0	
holdout	dominant-pair-weak-third-cover-513	dominant-pair-weak-third	513	513	0	bootstrap-final	true	true	relaxed-signature-initial	false	false	0.000000000000e0	18	36	144	18	108	5.000000000000e-1	2.500000000000e-1	1.750000000000e0	7.930921146951e-1	7.513243738083e-1	2.789617391922e1	1.913376817400e0	1.181492496165e1	6.189190830593e-1	9	true	6.340558203970e-12	18	9	1	0	0	198	190	1152	25616	AcceptedInitial
holdout	nearly-nested-cover-514	nearly-nested	514	514	0	oracle	false	true	oracle-reference	false	true	1.000000000000e0	0	36	144	18	72	5.000000000000e-1	5.000000000000e-1	1.500000000000e0	8.828664221393e-1	8.222921556803e-1	9.170673414654e1	NA	2.126378363185e0	NA	8	true	3.683434663322e-11	16	8	0	0	0	0	0	0	0	
holdout	nearly-nested-cover-514	nearly-nested	514	514	0	baseline-symmetric-map	true	true	baseline	false	false	0.000000000000e0	0	36	144	0	0	0.000000000000e0	0.000000000000e0	1.000000000000e0	NA	NA	9.170673414654e1	2.126378363185e0	9.170673414654e1	0.000000000000e0	19	true	7.822707104465e-13	38	19	0	0	0	0	0	0	0	baseline
holdout	nearly-nested-cover-514	nearly-nested	514	514	0	one-shot-pair-neighborhood	false	true	structural-baseline	false	false	2.777777777778e-1	13	36	144	18	92	5.000000000000e-1	3.611111111111e-1	1.638888888889e0	8.864443347446e-1	8.191838917524e-1	9.170673414654e1	2.126378363185e0	3.878846884943e1	5.907351543132e-1	12	true	8.624945278719e-13	24	12	0	0	0	0	0	0	0	
holdout	nearly-nested-cover-514	nearly-nested	514	514	0	bootstrap-initial	false	true	relaxed-signature-initial	false	false	0.000000000000e0	18	36	144	18	113	5.000000000000e-1	2.152777777778e-1	1.784722222222e0	9.145866538859e-1	8.411490218008e-1	9.170673414654e1	2.126378363185e0	4.390432686872e1	5.336260038242e-1	14	true	5.984342753598e-12	28	14	0	0	0	0	0	0	0	
holdout	nearly-nested-cover-514	nearly-nested	514	514	0	bootstrap-final	true	true	witness-split-repair	false	false	0.000000000000e0	17	36	144	19	110	5.277777777778e-1	2.361111111111e-1	1.763888888889e0	8.427211119790e-1	8.014181253068e-1	9.170673414654e1	2.126378363185e0	3.515570379583e1	6.312882981563e-1	14	true	4.914705793016e-12	28	14	5	4	1	990	977	2304	102464	AcceptedAfterSplitRepair { witnesses: 4, splits: 1 }
holdout	nearly-nested-cover-515	nearly-nested	515	515	0	oracle	true	true	oracle-reference	false	true	1.000000000000e0	0	36	144	18	72	5.000000000000e-1	5.000000000000e-1	1.500000000000e0	8.307569286248e-1	7.716307833898e-1	9.058732694988e1	NA	1.795913162220e0	NA	8	true	7.294597981897e-11	16	8	0	0	0	0	0	0	0	
holdout	nearly-nested-cover-515	nearly-nested	515	515	0	baseline-symmetric-map	true	true	baseline	false	false	0.000000000000e0	0	36	144	0	0	0.000000000000e0	0.000000000000e0	1.000000000000e0	NA	NA	9.058732694988e1	1.795913162220e0	9.058732694988e1	0.000000000000e0	19	true	2.552174326140e-13	38	19	0	0	0	0	0	0	0	baseline
holdout	nearly-nested-cover-515	nearly-nested	515	515	0	one-shot-pair-neighborhood	true	true	structural-baseline	false	false	1.111111111111e-1	15	36	144	19	96	5.277777777778e-1	3.333333333333e-1	1.666666666667e0	8.000290188648e-1	7.530991984567e-1	9.058732694988e1	1.795913162220e0	3.973302150195e1	5.727389989481e-1	14	true	8.569476406672e-11	28	14	0	0	0	0	0	0	0	
holdout	nearly-nested-cover-515	nearly-nested	515	515	0	bootstrap-initial	false	true	relaxed-signature-initial	false	false	0.000000000000e0	18	36	144	18	106	5.000000000000e-1	2.638888888889e-1	1.736111111111e0	8.508620048513e-1	7.888582809575e-1	9.058732694988e1	1.795913162220e0	4.118774095067e1	5.563554390219e-1	15	true	4.739480451410e-14	30	15	0	0	0	0	0	0	0	
holdout	nearly-nested-cover-515	nearly-nested	515	515	0	bootstrap-final	true	true	bootstrap-witness-rematching	false	false	5.555555555556e-2	17	36	144	18	102	5.000000000000e-1	2.916666666667e-1	1.708333333333e0	8.389387001757e-1	7.751838203499e-1	9.058732694988e1	1.795913162220e0	4.323266470273e1	5.333247915209e-1	15	true	6.495293247059e-14	30	15	4	3	0	792	774	2016	64040	AcceptedAfterBootstrap { witnesses: 3 }
holdout	weak-chain-cover-516	weak-chain	516	516	0	oracle	false	true	oracle-reference	false	true	1.000000000000e0	0	36	42	18	21	5.000000000000e-1	5.000000000000e-1	1.500000000000e0	9.818826258120e-1	8.335489107530e-1	3.269210728299e2	NA	1.625937464918e2	NA	18	true	2.526565782278e-11	36	18	0	0	0	0	0	0	0	
holdout	weak-chain-cover-516	weak-chain	516	516	0	baseline-symmetric-map	true	true	baseline	false	false	0.000000000000e0	0	36	42	0	0	0.000000000000e0	0.000000000000e0	1.000000000000e0	NA	NA	3.269210728299e2	1.625937464918e2	3.269210728299e2	0.000000000000e0	28	true	5.813157070730e-11	56	28	0	0	0	0	0	0	0	baseline
holdout	weak-chain-cover-516	weak-chain	516	516	0	one-shot-pair-neighborhood	false	true	structural-baseline	false	false	5.555555555556e-2	14	36	42	21	30	5.833333333333e-1	2.857142857143e-1	1.714285714286e0	9.606779169462e-1	8.598175451495e-1	3.269210728299e2	1.625937464918e2	4.902033488180e1	1.691141358780e0	18	true	1.322958952968e-12	36	18	0	0	0	0	0	0	0	
holdout	weak-chain-cover-516	weak-chain	516	516	0	bootstrap-initial	false	true	relaxed-signature-initial	false	false	0.000000000000e0	18	36	42	18	39	5.000000000000e-1	7.142857142857e-2	1.928571428571e0	9.689012826555e-1	8.463411682590e-1	3.269210728299e2	1.625937464918e2	1.232809747180e2	1.239234536640e0	22	true	4.986927298644e-12	44	22	0	0	0	0	0	0	0	
holdout	weak-chain-cover-516	weak-chain	516	516	0	bootstrap-final	false	false	bootstrap-witness-rematching	false	false	1.111111111111e-1	16	36	42	18	42	5.000000000000e-1	0.000000000000e0	2.000000000000e0	NA	NA	3.269210728299e2	1.625937464918e2	NA	NA	NA	NA	NA	NA	NA	4	3	0	935	867	2304	76848	SplitRepairRejected
holdout	planted-communities-cover-517	planted-communities	517	517	0	oracle	false	true	oracle-reference	false	true	1.000000000000e0	0	24	128	12	64	5.000000000000e-1	5.000000000000e-1	1.500000000000e0	9.083567791827e-1	8.217732455584e-1	2.470137046282e1	NA	3.827067655792e0	NA	7	true	2.349315900227e-14	14	7	0	0	0	0	0	0	0	
holdout	planted-communities-cover-517	planted-communities	517	517	0	baseline-symmetric-map	true	true	baseline	false	false	0.000000000000e0	0	24	128	0	0	0.000000000000e0	0.000000000000e0	1.000000000000e0	NA	NA	2.470137046282e1	3.827067655792e0	2.470137046282e1	0.000000000000e0	12	true	1.332405201044e-12	24	12	0	0	0	0	0	0	0	baseline
holdout	planted-communities-cover-517	planted-communities	517	517	0	one-shot-pair-neighborhood	true	true	structural-baseline	false	false	5.000000000000e-1	6	24	128	12	60	5.000000000000e-1	5.312500000000e-1	1.468750000000e0	8.068125450925e-1	7.806518014763e-1	2.470137046282e1	3.827067655792e0	2.352881332213e0	1.070622062792e0	6	true	4.255618850856e-11	12	6	0	0	0	0	0	0	0	
holdout	planted-communities-cover-517	planted-communities	517	517	0	bootstrap-initial	true	true	relaxed-signature-initial	false	false	1.666666666667e-1	10	24	128	12	61	5.000000000000e-1	5.234375000000e-1	1.476562500000e0	7.841100917689e-1	7.441070808185e-1	2.470137046282e1	3.827067655792e0	7.299612782718e0	8.336449768394e-1	9	true	6.956786883954e-15	18	9	0	0	0	0	0	0	0	
holdout	planted-communities-cover-517	planted-communities	517	517	0	bootstrap-final	true	true	relaxed-signature-initial	false	false	1.666666666667e-1	10	24	128	12	61	5.000000000000e-1	5.234375000000e-1	1.476562500000e0	7.841100917689e-1	7.441070808185e-1	2.470137046282e1	3.827067655792e0	7.299612782718e0	8.336449768394e-1	9	true	6.956786883954e-15	18	9	1	0	0	84	82	768	23312	AcceptedInitial
holdout	hub-power-law-cover-518	hub-power-law	518	518	0	oracle	true	true	oracle-reference	false	true	1.000000000000e0	0	36	232	18	116	5.000000000000e-1	5.000000000000e-1	1.500000000000e0	7.353211900076e-1	7.161172578731e-1	1.413546850167e0	NA	1.091242024239e0	NA	5	true	2.391715573045e-11	10	5	0	0	0	0	0	0	0	
holdout	hub-power-law-cover-518	hub-power-law	518	518	0	baseline-symmetric-map	true	true	baseline	false	false	0.000000000000e0	0	36	232	0	0	0.000000000000e0	0.000000000000e0	1.000000000000e0	NA	NA	1.413546850167e0	1.091242024239e0	1.413546850167e0	0.000000000000e0	9	true	1.683225958827e-12	18	9	0	0	0	0	0	0	0	baseline
holdout	hub-power-law-cover-518	hub-power-law	518	518	0	one-shot-pair-neighborhood	true	true	structural-baseline	false	false	3.333333333333e-1	12	36	232	18	129	5.000000000000e-1	4.439655172414e-1	1.556034482759e0	6.686864460138e-1	6.534306775503e-1	1.413546850167e0	1.091242024239e0	1.060032725208e0	1.096831621867e0	5	true	1.454430154087e-12	10	5	0	0	0	0	0	0	0	
holdout	hub-power-law-cover-518	hub-power-law	518	518	0	bootstrap-initial	true	true	relaxed-signature-initial	false	false	1.666666666667e-1	15	36	232	18	130	5.000000000000e-1	4.396551724138e-1	1.560344827586e0	6.205153828953e-1	6.106222709627e-1	1.413546850167e0	1.091242024239e0	1.054208928347e0	1.114900842036e0	5	true	9.557103985770e-13	10	5	0	0	0	0	0	0	0	
holdout	hub-power-law-cover-518	hub-power-law	518	518	0	bootstrap-final	true	true	relaxed-signature-initial	false	false	1.666666666667e-1	15	36	232	18	130	5.000000000000e-1	4.396551724138e-1	1.560344827586e0	6.205153828953e-1	6.106222709627e-1	1.413546850167e0	1.091242024239e0	1.054208928347e0	1.114900842036e0	5	true	9.557103985770e-13	10	5	1	0	0	198	155	1152	25616	AcceptedInitial
holdout	weight-dynamic-range-cover-519	weight-dynamic-range	519	519	0	oracle	false	true	oracle-reference	false	true	1.000000000000e0	0	36	72	18	36	5.000000000000e-1	5.000000000000e-1	1.500000000000e0	9.932865047054e-1	7.955047819596e-1	1.149089245954e6	NA	5.606336624557e5	NA	31	true	4.823668474890e-11	62	31	0	0	0	0	0	0	0	
holdout	weight-dynamic-range-cover-519	weight-dynamic-range	519	519	0	baseline-symmetric-map	true	true	baseline	false	false	0.000000000000e0	0	36	72	0	0	0.000000000000e0	0.000000000000e0	1.000000000000e0	NA	NA	1.149089245954e6	5.606336624557e5	1.149089245954e6	0.000000000000e0	60	true	3.785093762250e-12	120	60	0	0	0	0	0	0	0	baseline
holdout	weight-dynamic-range-cover-519	weight-dynamic-range	519	519	0	one-shot-pair-neighborhood	false	true	structural-baseline	false	false	0.000000000000e0	16	36	72	20	62	5.555555555556e-1	1.388888888889e-1	1.861111111111e0	9.678213515632e-1	8.545946622185e-1	1.149089245954e6	5.606336624557e5	2.045445074888e4	1.917960890941e0	28	true	3.072215228681e-11	56	28	0	0	0	0	0	0	0	
holdout	weight-dynamic-range-cover-519	weight-dynamic-range	519	519	0	bootstrap-initial	false	true	relaxed-signature-initial	false	false	1.111111111111e-1	15	36	72	19	62	5.277777777778e-1	1.388888888889e-1	1.861111111111e0	9.758977814911e-1	7.976516690918e-1	1.149089245954e6	5.606336624557e5	2.531941980358e5	1.522451435659e0	38	true	4.172811183579e-11	76	38	0	0	0	0	0	0	0	
holdout	weight-dynamic-range-cover-519	weight-dynamic-range	519	519	0	bootstrap-final	true	true	witness-split-repair	false	false	0.000000000000e0	12	36	72	24	69	6.666666666667e-1	4.166666666667e-2	1.958333333333e0	7.882317507530e-1	7.479145952169e-1	1.149089245954e6	5.606336624557e5	1.256416814620e5	1.739209539670e0	30	true	2.648886655859e-11	60	30	6	5	6	1181	841	2592	179312	AcceptedAfterSplitRepair { witnesses: 5, splits: 6 }
holdout	latin-square-cover-520	latin-square	520	520	0	oracle	false	true	oracle-reference	false	true	1.000000000000e0	0	36	72	18	36	5.000000000000e-1	5.000000000000e-1	1.500000000000e0	8.661340642041e-1	7.954019865307e-1	3.489441661733e0	NA	2.025360006504e0	NA	9	true	2.173023560220e-12	18	9	0	0	0	0	0	0	0	
holdout	latin-square-cover-520	latin-square	520	520	0	baseline-symmetric-map	true	true	baseline	false	false	0.000000000000e0	0	36	72	0	0	0.000000000000e0	0.000000000000e0	1.000000000000e0	NA	NA	3.489441661733e0	2.025360006504e0	3.489441661733e0	0.000000000000e0	12	true	4.200388152871e-11	24	12	0	0	0	0	0	0	0	baseline
holdout	latin-square-cover-520	latin-square	520	520	0	one-shot-pair-neighborhood	true	true	structural-baseline	false	false	0.000000000000e0	18	36	72	18	57	5.000000000000e-1	2.083333333333e-1	1.791666666667e0	7.219004186282e-1	6.976572436711e-1	3.489441661733e0	2.025360006504e0	1.525326605865e0	1.341533820093e0	7	true	4.009396544372e-11	14	7	0	0	0	0	0	0	0	
holdout	latin-square-cover-520	latin-square	520	520	0	bootstrap-initial	true	true	relaxed-signature-initial	false	false	0.000000000000e0	17	36	72	19	69	5.277777777778e-1	4.166666666667e-2	1.958333333333e0	6.821467768965e-1	6.704859899002e-1	3.489441661733e0	2.025360006504e0	1.640459918486e0	1.262895233092e0	7	true	6.238664887157e-11	14	7	0	0	0	0	0	0	0	
holdout	latin-square-cover-520	latin-square	520	520	0	bootstrap-final	true	true	relaxed-signature-initial	false	false	0.000000000000e0	17	36	72	19	69	5.277777777778e-1	4.166666666667e-2	1.958333333333e0	6.821467768965e-1	6.704859899002e-1	3.489441661733e0	2.025360006504e0	1.640459918486e0	1.262895233092e0	7	true	6.238664887157e-11	14	7	1	0	0	193	190	1152	25616	AcceptedInitial
holdout	tensor-grid-cover-521	tensor-grid	521	521	0	oracle	true	true	oracle-reference	false	true	1.000000000000e0	0	24	120	12	60	5.000000000000e-1	5.000000000000e-1	1.500000000000e0	7.759987810498e-1	7.583476900718e-1	1.500460026003e0	NA	1.124654960499e0	NA	5	true	6.778156488094e-12	10	5	0	0	0	0	0	0	0	
holdout	tensor-grid-cover-521	tensor-grid	521	521	0	baseline-symmetric-map	true	true	baseline	false	false	0.000000000000e0	0	24	120	0	0	0.000000000000e0	0.000000000000e0	1.000000000000e0	NA	NA	1.500460026003e0	1.124654960499e0	1.500460026003e0	0.000000000000e0	7	true	5.284907835201e-11	14	7	0	0	0	0	0	0	0	baseline
holdout	tensor-grid-cover-521	tensor-grid	521	521	0	one-shot-pair-neighborhood	true	true	structural-baseline	false	false	5.000000000000e-1	6	24	120	12	58	5.000000000000e-1	5.166666666667e-1	1.483333333333e0	7.554568544554e-1	7.382696896032e-1	1.500460026003e0	1.124654960499e0	1.116527206395e0	1.021627579961e0	5	true	6.131996037631e-13	10	5	0	0	0	0	0	0	0	
holdout	tensor-grid-cover-521	tensor-grid	521	521	0	bootstrap-initial	true	true	relaxed-signature-initial	false	false	1.666666666667e-1	10	24	120	12	54	5.000000000000e-1	5.500000000000e-1	1.450000000000e0	6.008950767791e-1	5.927078052345e-1	1.500460026003e0	1.124654960499e0	1.088256210056e0	1.096855401334e0	5	true	1.052139785701e-13	10	5	0	0	0	0	0	0	0	
holdout	tensor-grid-cover-521	tensor-grid	521	521	0	bootstrap-final	true	true	relaxed-signature-initial	false	false	1.666666666667e-1	10	24	120	12	54	5.000000000000e-1	5.500000000000e-1	1.450000000000e0	6.008950767791e-1	5.927078052345e-1	1.500460026003e0	1.124654960499e0	1.088256210056e0	1.096855401334e0	5	true	1.052139785701e-13	10	5	1	0	0	88	88	768	23312	AcceptedInitial
