profile	case	repeat	method	solver	rhs	factor1	factor2	factor3	tuples	components	constructor_seconds	initialization_seconds	setup_seconds	solve_seconds	iterations	converged	certified	true_residual	outer_work	work_unit	preconditioner_applications	certificate_work	known_retained_bytes	pair_components	max_pair_vertices	max_pair_edges	max_pair_cycle_excess	max_pair_levels	multilevel_pair_components	fallback_allocations	warning_count	stop_reason	error
calibration	planted-clones	0	diagonal	mlsmr	1	48	48	48	4608	1	2.665000000e-6	1.500000000e-7	2.815000000e-6	4.585750000e-4	8	true	true	7.484605802e-11	19	rectangular-operator	10	3	NA	0	0	0	0	0	0	0	0	ResidualTolerance	
calibration	planted-clones	0	diagonal	pcg-traced	1	48	48	48	4608	1	2.665000000e-6	1.500000000e-7	2.815000000e-6	2.998760000e-4	8	true	true	7.488350349e-11	16	gramian	8	0	NA	0	0	0	0	0	0	0	0	Converged	
calibration	planted-clones	0	diagonal	mlsmr	2	48	48	48	4608	1	2.665000000e-6	1.500000000e-7	2.815000000e-6	3.911680000e-4	8	true	true	8.696277972e-11	19	rectangular-operator	10	3	NA	0	0	0	0	0	0	0	0	ResidualTolerance	
calibration	planted-clones	0	diagonal	pcg-traced	2	48	48	48	4608	1	2.665000000e-6	1.500000000e-7	2.815000000e-6	3.169180000e-4	8	true	true	8.704681377e-11	16	gramian	8	0	NA	0	0	0	0	0	0	0	0	Converged	
calibration	planted-clones	0	diagonal	mlsmr	3	48	48	48	4608	1	2.665000000e-6	1.500000000e-7	2.815000000e-6	4.200630000e-4	9	true	true	4.932616312e-12	21	rectangular-operator	11	3	NA	0	0	0	0	0	0	0	0	ResidualTolerance	
calibration	planted-clones	0	diagonal	pcg-traced	3	48	48	48	4608	1	2.665000000e-6	1.500000000e-7	2.815000000e-6	3.344810000e-4	9	true	true	4.935194537e-12	18	gramian	9	0	NA	0	0	0	0	0	0	0	0	Converged	
calibration	planted-clones	0	diagonal	mlsmr	4	48	48	48	4608	1	2.665000000e-6	1.500000000e-7	2.815000000e-6	4.390980000e-4	9	true	true	1.201188338e-11	21	rectangular-operator	11	3	NA	0	0	0	0	0	0	0	0	ResidualTolerance	
calibration	planted-clones	0	diagonal	pcg-traced	4	48	48	48	4608	1	2.665000000e-6	1.500000000e-7	2.815000000e-6	3.345410000e-4	9	true	true	1.202910108e-11	18	gramian	9	0	NA	0	0	0	0	0	0	0	0	Converged	
calibration	planted-clones	0	pair-cmg-schwarz	mlsmr	1	48	48	48	4608	1	1.761253000e-3	2.025620000e-4	1.963815000e-3	1.416192000e-3	9	true	true	5.138061225e-11	21	rectangular-operator	11	3	409384	3	96	2304	2209	3	3	0	0	ResidualTolerance	
calibration	planted-clones	0	pair-cmg-schwarz	pcg-traced	1	48	48	48	4608	1	1.761253000e-3	2.025620000e-4	1.963815000e-3	1.101669000e-3	9	true	true	5.136096747e-11	18	gramian	9	0	409384	3	96	2304	2209	3	3	0	0	Converged	
calibration	planted-clones	0	pair-cmg-schwarz	mlsmr	2	48	48	48	4608	1	1.761253000e-3	2.025620000e-4	1.963815000e-3	1.338395000e-3	9	true	true	6.195213840e-11	21	rectangular-operator	11	3	409384	3	96	2304	2209	3	3	0	0	ResidualTolerance	
calibration	planted-clones	0	pair-cmg-schwarz	pcg-traced	2	48	48	48	4608	1	1.761253000e-3	2.025620000e-4	1.963815000e-3	1.097982000e-3	9	true	true	6.191137787e-11	18	gramian	9	0	409384	3	96	2304	2209	3	3	0	0	Converged	
calibration	planted-clones	0	pair-cmg-schwarz	mlsmr	3	48	48	48	4608	1	1.761253000e-3	2.025620000e-4	1.963815000e-3	1.421242000e-3	9	true	true	5.155358497e-11	21	rectangular-operator	11	3	409384	3	96	2304	2209	3	3	0	0	ResidualTolerance	
calibration	planted-clones	0	pair-cmg-schwarz	pcg-traced	3	48	48	48	4608	1	1.761253000e-3	2.025620000e-4	1.963815000e-3	1.149489000e-3	9	true	true	5.147540888e-11	18	gramian	9	0	409384	3	96	2304	2209	3	3	0	0	Converged	
calibration	planted-clones	0	pair-cmg-schwarz	mlsmr	4	48	48	48	4608	1	1.761253000e-3	2.025620000e-4	1.963815000e-3	1.418687000e-3	9	true	true	6.427800375e-11	21	rectangular-operator	11	3	409384	3	96	2304	2209	3	3	0	0	ResidualTolerance	
calibration	planted-clones	0	pair-cmg-schwarz	pcg-traced	4	48	48	48	4608	1	1.761253000e-3	2.025620000e-4	1.963815000e-3	1.140542000e-3	9	true	true	6.418763781e-11	18	gramian	9	0	409384	3	96	2304	2209	3	3	0	0	Converged	
calibration	planted-clones	0	within-default	mlsmr	1	48	48	48	4608	1	1.966942000e-3	6.042500000e-5	2.027367000e-3	1.110446000e-3	11	true	true	8.718660333e-11	25	rectangular-operator	13	3	132584	0	0	0	0	0	0	0	0	ResidualTolerance	
calibration	planted-clones	0	within-default	pcg-traced	1	48	48	48	4608	1	1.966942000e-3	6.042500000e-5	2.027367000e-3	9.249860000e-4	11	true	true	8.678647147e-11	22	gramian	11	0	132584	0	0	0	0	0	0	0	0	Converged	
calibration	planted-clones	0	within-default	mlsmr	2	48	48	48	4608	1	1.966942000e-3	6.042500000e-5	2.027367000e-3	1.158526000e-3	12	true	true	1.505621227e-11	27	rectangular-operator	14	3	132584	0	0	0	0	0	0	0	0	ResidualTolerance	
calibration	planted-clones	0	within-default	pcg-traced	2	48	48	48	4608	1	1.966942000e-3	6.042500000e-5	2.027367000e-3	1.007702000e-3	12	true	true	1.494157633e-11	24	gramian	12	0	132584	0	0	0	0	0	0	0	0	Converged	
calibration	planted-clones	0	within-default	mlsmr	3	48	48	48	4608	1	1.966942000e-3	6.042500000e-5	2.027367000e-3	1.077163000e-3	11	true	true	7.854870658e-11	25	rectangular-operator	13	3	132584	0	0	0	0	0	0	0	0	ResidualTolerance	
calibration	planted-clones	0	within-default	pcg-traced	3	48	48	48	4608	1	1.966942000e-3	6.042500000e-5	2.027367000e-3	9.090850000e-4	11	true	true	7.811692730e-11	22	gramian	11	0	132584	0	0	0	0	0	0	0	0	Converged	
calibration	planted-clones	0	within-default	mlsmr	4	48	48	48	4608	1	1.966942000e-3	6.042500000e-5	2.027367000e-3	1.156803000e-3	12	true	true	1.584074891e-11	27	rectangular-operator	14	3	132584	0	0	0	0	0	0	0	0	ResidualTolerance	
calibration	planted-clones	0	within-default	pcg-traced	4	48	48	48	4608	1	1.966942000e-3	6.042500000e-5	2.027367000e-3	9.996470000e-4	12	true	true	1.573042771e-11	24	gramian	12	0	132584	0	0	0	0	0	0	0	0	Converged	
calibration	planted-clones	1	pair-cmg-schwarz	mlsmr	1	48	48	48	4608	1	1.641808000e-3	9.699300000e-5	1.738801000e-3	1.404189000e-3	9	true	true	5.138061225e-11	21	rectangular-operator	11	3	409384	3	96	2304	2209	3	3	0	0	ResidualTolerance	
calibration	planted-clones	1	pair-cmg-schwarz	pcg-traced	1	48	48	48	4608	1	1.641808000e-3	9.699300000e-5	1.738801000e-3	1.124301000e-3	9	true	true	5.136096747e-11	18	gramian	9	0	409384	3	96	2304	2209	3	3	0	0	Converged	
calibration	planted-clones	1	pair-cmg-schwarz	mlsmr	2	48	48	48	4608	1	1.641808000e-3	9.699300000e-5	1.738801000e-3	1.397978000e-3	9	true	true	6.195213840e-11	21	rectangular-operator	11	3	409384	3	96	2304	2209	3	3	0	0	ResidualTolerance	
calibration	planted-clones	1	pair-cmg-schwarz	pcg-traced	2	48	48	48	4608	1	1.641808000e-3	9.699300000e-5	1.738801000e-3	1.109423000e-3	9	true	true	6.191137787e-11	18	gramian	9	0	409384	3	96	2304	2209	3	3	0	0	Converged	
calibration	planted-clones	1	pair-cmg-schwarz	mlsmr	3	48	48	48	4608	1	1.641808000e-3	9.699300000e-5	1.738801000e-3	1.433705000e-3	9	true	true	5.155358497e-11	21	rectangular-operator	11	3	409384	3	96	2304	2209	3	3	0	0	ResidualTolerance	
calibration	planted-clones	1	pair-cmg-schwarz	pcg-traced	3	48	48	48	4608	1	1.641808000e-3	9.699300000e-5	1.738801000e-3	1.319540000e-3	9	true	true	5.147540888e-11	18	gramian	9	0	409384	3	96	2304	2209	3	3	0	0	Converged	
calibration	planted-clones	1	pair-cmg-schwarz	mlsmr	4	48	48	48	4608	1	1.641808000e-3	9.699300000e-5	1.738801000e-3	1.430268000e-3	9	true	true	6.427800375e-11	21	rectangular-operator	11	3	409384	3	96	2304	2209	3	3	0	0	ResidualTolerance	
calibration	planted-clones	1	pair-cmg-schwarz	pcg-traced	4	48	48	48	4608	1	1.641808000e-3	9.699300000e-5	1.738801000e-3	1.144059000e-3	9	true	true	6.418763781e-11	18	gramian	9	0	409384	3	96	2304	2209	3	3	0	0	Converged	
calibration	planted-clones	1	within-default	mlsmr	1	48	48	48	4608	1	1.573620000e-3	5.500400000e-5	1.628624000e-3	1.113842000e-3	11	true	true	8.718660333e-11	25	rectangular-operator	13	3	132584	0	0	0	0	0	0	0	0	ResidualTolerance	
calibration	planted-clones	1	within-default	pcg-traced	1	48	48	48	4608	1	1.573620000e-3	5.500400000e-5	1.628624000e-3	1.030112000e-3	11	true	true	8.678647147e-11	22	gramian	11	0	132584	0	0	0	0	0	0	0	0	Converged	
calibration	planted-clones	1	within-default	mlsmr	2	48	48	48	4608	1	1.573620000e-3	5.500400000e-5	1.628624000e-3	1.399301000e-3	12	true	true	1.505621227e-11	27	rectangular-operator	14	3	132584	0	0	0	0	0	0	0	0	ResidualTolerance	
calibration	planted-clones	1	within-default	pcg-traced	2	48	48	48	4608	1	1.573620000e-3	5.500400000e-5	1.628624000e-3	1.183613000e-3	12	true	true	1.494157633e-11	24	gramian	12	0	132584	0	0	0	0	0	0	0	0	Converged	
calibration	planted-clones	1	within-default	mlsmr	3	48	48	48	4608	1	1.573620000e-3	5.500400000e-5	1.628624000e-3	1.293551000e-3	11	true	true	7.854870658e-11	25	rectangular-operator	13	3	132584	0	0	0	0	0	0	0	0	ResidualTolerance	
calibration	planted-clones	1	within-default	pcg-traced	3	48	48	48	4608	1	1.573620000e-3	5.500400000e-5	1.628624000e-3	1.077804000e-3	11	true	true	7.811692730e-11	22	gramian	11	0	132584	0	0	0	0	0	0	0	0	Converged	
calibration	planted-clones	1	within-default	mlsmr	4	48	48	48	4608	1	1.573620000e-3	5.500400000e-5	1.628624000e-3	1.384532000e-3	12	true	true	1.584074891e-11	27	rectangular-operator	14	3	132584	0	0	0	0	0	0	0	0	ResidualTolerance	
calibration	planted-clones	1	within-default	pcg-traced	4	48	48	48	4608	1	1.573620000e-3	5.500400000e-5	1.628624000e-3	1.173775000e-3	12	true	true	1.573042771e-11	24	gramian	12	0	132584	0	0	0	0	0	0	0	0	Converged	
calibration	planted-clones	1	diagonal	mlsmr	1	48	48	48	4608	1	9.910000000e-7	1.400000000e-7	1.131000000e-6	3.880820000e-4	8	true	true	7.484605802e-11	19	rectangular-operator	10	3	NA	0	0	0	0	0	0	0	0	ResidualTolerance	
calibration	planted-clones	1	diagonal	pcg-traced	1	48	48	48	4608	1	9.910000000e-7	1.400000000e-7	1.131000000e-6	2.999870000e-4	8	true	true	7.488350349e-11	16	gramian	8	0	NA	0	0	0	0	0	0	0	0	Converged	
calibration	planted-clones	1	diagonal	mlsmr	2	48	48	48	4608	1	9.910000000e-7	1.400000000e-7	1.131000000e-6	4.072290000e-4	8	true	true	8.696277972e-11	19	rectangular-operator	10	3	NA	0	0	0	0	0	0	0	0	ResidualTolerance	
calibration	planted-clones	1	diagonal	pcg-traced	2	48	48	48	4608	1	9.910000000e-7	1.400000000e-7	1.131000000e-6	2.994450000e-4	8	true	true	8.704681377e-11	16	gramian	8	0	NA	0	0	0	0	0	0	0	0	Converged	
calibration	planted-clones	1	diagonal	mlsmr	3	48	48	48	4608	1	9.910000000e-7	1.400000000e-7	1.131000000e-6	4.285390000e-4	9	true	true	4.932616312e-12	21	rectangular-operator	11	3	NA	0	0	0	0	0	0	0	0	ResidualTolerance	
calibration	planted-clones	1	diagonal	pcg-traced	3	48	48	48	4608	1	9.910000000e-7	1.400000000e-7	1.131000000e-6	3.365750000e-4	9	true	true	4.935194537e-12	18	gramian	9	0	NA	0	0	0	0	0	0	0	0	Converged	
calibration	planted-clones	1	diagonal	mlsmr	4	48	48	48	4608	1	9.910000000e-7	1.400000000e-7	1.131000000e-6	4.216060000e-4	9	true	true	1.201188338e-11	21	rectangular-operator	11	3	NA	0	0	0	0	0	0	0	0	ResidualTolerance	
calibration	planted-clones	1	diagonal	pcg-traced	4	48	48	48	4608	1	9.910000000e-7	1.400000000e-7	1.131000000e-6	3.478560000e-4	9	true	true	1.202910108e-11	18	gramian	9	0	NA	0	0	0	0	0	0	0	0	Converged	
calibration	noisy-clones	0	pair-cmg-schwarz	mlsmr	1	48	48	48	5184	1	1.671654000e-3	1.007400000e-4	1.772394000e-3	1.569953000e-3	10	true	true	6.821164714e-11	23	rectangular-operator	12	3	397308	3	96	2304	2209	2	3	0	0	ResidualTolerance	
calibration	noisy-clones	0	pair-cmg-schwarz	pcg-traced	1	48	48	48	5184	1	1.671654000e-3	1.007400000e-4	1.772394000e-3	1.248937000e-3	10	true	true	6.835804517e-11	20	gramian	10	0	397308	3	96	2304	2209	2	3	0	0	Converged	
calibration	noisy-clones	0	pair-cmg-schwarz	mlsmr	2	48	48	48	5184	1	1.671654000e-3	1.007400000e-4	1.772394000e-3	1.536910000e-3	10	true	true	7.524316855e-11	23	rectangular-operator	12	3	397308	3	96	2304	2209	2	3	0	0	ResidualTolerance	
calibration	noisy-clones	0	pair-cmg-schwarz	pcg-traced	2	48	48	48	5184	1	1.671654000e-3	1.007400000e-4	1.772394000e-3	1.248777000e-3	10	true	true	7.531981996e-11	20	gramian	10	0	397308	3	96	2304	2209	2	3	0	0	Converged	
calibration	noisy-clones	0	pair-cmg-schwarz	mlsmr	3	48	48	48	5184	1	1.671654000e-3	1.007400000e-4	1.772394000e-3	1.537782000e-3	10	true	true	8.789998308e-11	23	rectangular-operator	12	3	397308	3	96	2304	2209	2	3	0	0	ResidualTolerance	
calibration	noisy-clones	0	pair-cmg-schwarz	pcg-traced	3	48	48	48	5184	1	1.671654000e-3	1.007400000e-4	1.772394000e-3	1.248926000e-3	10	true	true	8.807380176e-11	20	gramian	10	0	397308	3	96	2304	2209	2	3	0	0	Converged	
calibration	noisy-clones	0	pair-cmg-schwarz	mlsmr	4	48	48	48	5184	1	1.671654000e-3	1.007400000e-4	1.772394000e-3	1.588437000e-3	10	true	true	6.009786873e-11	23	rectangular-operator	12	3	397308	3	96	2304	2209	2	3	0	0	ResidualTolerance	
calibration	noisy-clones	0	pair-cmg-schwarz	pcg-traced	4	48	48	48	5184	1	1.671654000e-3	1.007400000e-4	1.772394000e-3	1.297889000e-3	10	true	true	6.032005245e-11	20	gramian	10	0	397308	3	96	2304	2209	2	3	0	0	Converged	
calibration	noisy-clones	0	within-default	mlsmr	1	48	48	48	5184	1	1.699707000e-3	7.437000000e-5	1.774077000e-3	1.302468000e-3	11	true	true	9.875768931e-11	25	rectangular-operator	13	3	148712	0	0	0	0	0	0	0	0	ResidualTolerance	
calibration	noisy-clones	0	within-default	pcg-traced	1	48	48	48	5184	1	1.699707000e-3	7.437000000e-5	1.774077000e-3	1.062946000e-3	11	true	true	9.864847422e-11	22	gramian	11	0	148712	0	0	0	0	0	0	0	0	Converged	
calibration	noisy-clones	0	within-default	mlsmr	2	48	48	48	5184	1	1.699707000e-3	7.437000000e-5	1.774077000e-3	1.401144000e-3	12	true	true	1.266328081e-11	27	rectangular-operator	14	3	148712	0	0	0	0	0	0	0	0	ResidualTolerance	
calibration	noisy-clones	0	within-default	pcg-traced	2	48	48	48	5184	1	1.699707000e-3	7.437000000e-5	1.774077000e-3	1.156302000e-3	12	true	true	1.264201994e-11	24	gramian	12	0	148712	0	0	0	0	0	0	0	0	Converged	
calibration	noisy-clones	0	within-default	mlsmr	3	48	48	48	5184	1	1.699707000e-3	7.437000000e-5	1.774077000e-3	1.600833000e-3	12	true	true	1.108825443e-11	27	rectangular-operator	14	3	148712	0	0	0	0	0	0	0	0	ResidualTolerance	
calibration	noisy-clones	0	within-default	pcg-traced	3	48	48	48	5184	1	1.699707000e-3	7.437000000e-5	1.774077000e-3	9.981940000e-4	11	true	true	9.896386201e-11	22	gramian	11	0	148712	0	0	0	0	0	0	0	0	Converged	
calibration	noisy-clones	0	within-default	mlsmr	4	48	48	48	5184	1	1.699707000e-3	7.437000000e-5	1.774077000e-3	1.277140000e-3	12	true	true	9.985175162e-12	27	rectangular-operator	14	3	148712	0	0	0	0	0	0	0	0	ResidualTolerance	
calibration	noisy-clones	0	within-default	pcg-traced	4	48	48	48	5184	1	1.699707000e-3	7.437000000e-5	1.774077000e-3	1.074678000e-3	12	true	true	9.948569802e-12	24	gramian	12	0	148712	0	0	0	0	0	0	0	0	Converged	
calibration	noisy-clones	0	diagonal	mlsmr	1	48	48	48	5184	1	6.510000000e-7	1.700000000e-7	8.210000000e-7	5.957140000e-4	12	true	true	1.069951948e-11	27	rectangular-operator	14	3	NA	0	0	0	0	0	0	0	0	ResidualTolerance	
calibration	noisy-clones	0	diagonal	pcg-traced	1	48	48	48	5184	1	6.510000000e-7	1.700000000e-7	8.210000000e-7	4.958160000e-4	12	true	true	1.074299759e-11	24	gramian	12	0	NA	0	0	0	0	0	0	0	0	Converged	
calibration	noisy-clones	0	diagonal	mlsmr	2	48	48	48	5184	1	6.510000000e-7	1.700000000e-7	8.210000000e-7	5.888420000e-4	12	true	true	1.377380812e-11	27	rectangular-operator	14	3	NA	0	0	0	0	0	0	0	0	ResidualTolerance	
calibration	noisy-clones	0	diagonal	pcg-traced	2	48	48	48	5184	1	6.510000000e-7	1.700000000e-7	8.210000000e-7	4.950540000e-4	12	true	true	1.381337946e-11	24	gramian	12	0	NA	0	0	0	0	0	0	0	0	Converged	
calibration	noisy-clones	0	diagonal	mlsmr	3	48	48	48	5184	1	6.510000000e-7	1.700000000e-7	8.210000000e-7	5.783920000e-4	12	true	true	1.678772949e-11	27	rectangular-operator	14	3	NA	0	0	0	0	0	0	0	0	ResidualTolerance	
calibration	noisy-clones	0	diagonal	pcg-traced	3	48	48	48	5184	1	6.510000000e-7	1.700000000e-7	8.210000000e-7	4.946830000e-4	12	true	true	1.684902278e-11	24	gramian	12	0	NA	0	0	0	0	0	0	0	0	Converged	
calibration	noisy-clones	0	diagonal	mlsmr	4	48	48	48	5184	1	6.510000000e-7	1.700000000e-7	8.210000000e-7	5.759270000e-4	12	true	true	1.166796911e-11	27	rectangular-operator	14	3	NA	0	0	0	0	0	0	0	0	ResidualTolerance	
calibration	noisy-clones	0	diagonal	pcg-traced	4	48	48	48	5184	1	6.510000000e-7	1.700000000e-7	8.210000000e-7	4.947330000e-4	12	true	true	1.172884564e-11	24	gramian	12	0	NA	0	0	0	0	0	0	0	0	Converged	
calibration	noisy-clones	1	within-default	mlsmr	1	48	48	48	5184	1	1.638642000e-3	6.318900000e-5	1.701831000e-3	1.189134000e-3	11	true	true	9.875768931e-11	25	rectangular-operator	13	3	148712	0	0	0	0	0	0	0	0	ResidualTolerance	
calibration	noisy-clones	1	within-default	pcg-traced	1	48	48	48	5184	1	1.638642000e-3	6.318900000e-5	1.701831000e-3	1.008193000e-3	11	true	true	9.864847422e-11	22	gramian	11	0	148712	0	0	0	0	0	0	0	0	Converged	
calibration	noisy-clones	1	within-default	mlsmr	2	48	48	48	5184	1	1.638642000e-3	6.318900000e-5	1.701831000e-3	1.276940000e-3	12	true	true	1.266328081e-11	27	rectangular-operator	14	3	148712	0	0	0	0	0	0	0	0	ResidualTolerance	
calibration	noisy-clones	1	within-default	pcg-traced	2	48	48	48	5184	1	1.638642000e-3	6.318900000e-5	1.701831000e-3	1.094445000e-3	12	true	true	1.264201994e-11	24	gramian	12	0	148712	0	0	0	0	0	0	0	0	Converged	
calibration	noisy-clones	1	within-default	mlsmr	3	48	48	48	5184	1	1.638642000e-3	6.318900000e-5	1.701831000e-3	1.276840000e-3	12	true	true	1.108825443e-11	27	rectangular-operator	14	3	148712	0	0	0	0	0	0	0	0	ResidualTolerance	
calibration	noisy-clones	1	within-default	pcg-traced	3	48	48	48	5184	1	1.638642000e-3	6.318900000e-5	1.701831000e-3	1.004325000e-3	11	true	true	9.896386201e-11	22	gramian	11	0	148712	0	0	0	0	0	0	0	0	Converged	
calibration	noisy-clones	1	within-default	mlsmr	4	48	48	48	5184	1	1.638642000e-3	6.318900000e-5	1.701831000e-3	1.281619000e-3	12	true	true	9.985175162e-12	27	rectangular-operator	14	3	148712	0	0	0	0	0	0	0	0	ResidualTolerance	
calibration	noisy-clones	1	within-default	pcg-traced	4	48	48	48	5184	1	1.638642000e-3	6.318900000e-5	1.701831000e-3	1.095547000e-3	12	true	true	9.948569802e-12	24	gramian	12	0	148712	0	0	0	0	0	0	0	0	Converged	
calibration	noisy-clones	1	diagonal	mlsmr	1	48	48	48	5184	1	5.510000000e-7	1.500000000e-7	7.010000000e-7	5.965150000e-4	12	true	true	1.069951948e-11	27	rectangular-operator	14	3	NA	0	0	0	0	0	0	0	0	ResidualTolerance	
calibration	noisy-clones	1	diagonal	pcg-traced	1	48	48	48	5184	1	5.510000000e-7	1.500000000e-7	7.010000000e-7	5.077080000e-4	12	true	true	1.074299759e-11	24	gramian	12	0	NA	0	0	0	0	0	0	0	0	Converged	
calibration	noisy-clones	1	diagonal	mlsmr	2	48	48	48	5184	1	5.510000000e-7	1.500000000e-7	7.010000000e-7	5.697860000e-4	12	true	true	1.377380812e-11	27	rectangular-operator	14	3	NA	0	0	0	0	0	0	0	0	ResidualTolerance	
calibration	noisy-clones	1	diagonal	pcg-traced	2	48	48	48	5184	1	5.510000000e-7	1.500000000e-7	7.010000000e-7	5.059950000e-4	12	true	true	1.381337946e-11	24	gramian	12	0	NA	0	0	0	0	0	0	0	0	Converged	
calibration	noisy-clones	1	diagonal	mlsmr	3	48	48	48	5184	1	5.510000000e-7	1.500000000e-7	7.010000000e-7	5.664990000e-4	12	true	true	1.678772949e-11	27	rectangular-operator	14	3	NA	0	0	0	0	0	0	0	0	ResidualTolerance	
calibration	noisy-clones	1	diagonal	pcg-traced	3	48	48	48	5184	1	5.510000000e-7	1.500000000e-7	7.010000000e-7	5.085200000e-4	12	true	true	1.684902278e-11	24	gramian	12	0	NA	0	0	0	0	0	0	0	0	Converged	
calibration	noisy-clones	1	diagonal	mlsmr	4	48	48	48	5184	1	5.510000000e-7	1.500000000e-7	7.010000000e-7	5.664490000e-4	12	true	true	1.166796911e-11	27	rectangular-operator	14	3	NA	0	0	0	0	0	0	0	0	ResidualTolerance	
calibration	noisy-clones	1	diagonal	pcg-traced	4	48	48	48	5184	1	5.510000000e-7	1.500000000e-7	7.010000000e-7	5.054940000e-4	12	true	true	1.172884564e-11	24	gramian	12	0	NA	0	0	0	0	0	0	0	0	Converged	
calibration	noisy-clones	1	pair-cmg-schwarz	mlsmr	1	48	48	48	5184	1	1.697973000e-3	1.024830000e-4	1.800456000e-3	1.455386000e-3	10	true	true	6.821164714e-11	23	rectangular-operator	12	3	397308	3	96	2304	2209	2	3	0	0	ResidualTolerance	
calibration	noisy-clones	1	pair-cmg-schwarz	pcg-traced	1	48	48	48	5184	1	1.697973000e-3	1.024830000e-4	1.800456000e-3	1.137086000e-3	10	true	true	6.835804517e-11	20	gramian	10	0	397308	3	96	2304	2209	2	3	0	0	Converged	
calibration	noisy-clones	1	pair-cmg-schwarz	mlsmr	2	48	48	48	5184	1	1.697973000e-3	1.024830000e-4	1.800456000e-3	1.395443000e-3	10	true	true	7.524316855e-11	23	rectangular-operator	12	3	397308	3	96	2304	2209	2	3	0	0	ResidualTolerance	
calibration	noisy-clones	1	pair-cmg-schwarz	pcg-traced	2	48	48	48	5184	1	1.697973000e-3	1.024830000e-4	1.800456000e-3	1.119513000e-3	10	true	true	7.531981996e-11	20	gramian	10	0	397308	3	96	2304	2209	2	3	0	0	Converged	
calibration	noisy-clones	1	pair-cmg-schwarz	mlsmr	3	48	48	48	5184	1	1.697973000e-3	1.024830000e-4	1.800456000e-3	1.352602000e-3	10	true	true	8.789998308e-11	23	rectangular-operator	12	3	397308	3	96	2304	2209	2	3	0	0	ResidualTolerance	
calibration	noisy-clones	1	pair-cmg-schwarz	pcg-traced	3	48	48	48	5184	1	1.697973000e-3	1.024830000e-4	1.800456000e-3	1.140091000e-3	10	true	true	8.807380176e-11	20	gramian	10	0	397308	3	96	2304	2209	2	3	0	0	Converged	
calibration	noisy-clones	1	pair-cmg-schwarz	mlsmr	4	48	48	48	5184	1	1.697973000e-3	1.024830000e-4	1.800456000e-3	1.425069000e-3	10	true	true	6.009786873e-11	23	rectangular-operator	12	3	397308	3	96	2304	2209	2	3	0	0	ResidualTolerance	
calibration	noisy-clones	1	pair-cmg-schwarz	pcg-traced	4	48	48	48	5184	1	1.697973000e-3	1.024830000e-4	1.800456000e-3	1.178233000e-3	10	true	true	6.032005245e-11	20	gramian	10	0	397308	3	96	2304	2209	2	3	0	0	Converged	
calibration	latin-square	0	within-default	mlsmr	1	48	48	48	2304	1	1.514457000e-3	5.513400000e-5	1.569591000e-3	8.815840000e-4	12	true	true	1.137521170e-11	27	rectangular-operator	14	3	68072	0	0	0	0	0	0	0	0	ResidualTolerance	
calibration	latin-square	0	within-default	pcg-traced	1	48	48	48	2304	1	1.514457000e-3	5.513400000e-5	1.569591000e-3	7.225940000e-4	12	true	true	1.133501416e-11	24	gramian	12	0	68072	0	0	0	0	0	0	0	0	Converged	
calibration	latin-square	0	within-default	mlsmr	2	48	48	48	2304	1	1.514457000e-3	5.513400000e-5	1.569591000e-3	8.770650000e-4	12	true	true	1.489156400e-11	27	rectangular-operator	14	3	68072	0	0	0	0	0	0	0	0	ResidualTolerance	
calibration	latin-square	0	within-default	pcg-traced	2	48	48	48	2304	1	1.514457000e-3	5.513400000e-5	1.569591000e-3	7.477710000e-4	12	true	true	1.484202278e-11	24	gramian	12	0	68072	0	0	0	0	0	0	0	0	Converged	
calibration	latin-square	0	within-default	mlsmr	3	48	48	48	2304	1	1.514457000e-3	5.513400000e-5	1.569591000e-3	8.718650000e-4	12	true	true	1.208635908e-11	27	rectangular-operator	14	3	68072	0	0	0	0	0	0	0	0	ResidualTolerance	
calibration	latin-square	0	within-default	pcg-traced	3	48	48	48	2304	1	1.514457000e-3	5.513400000e-5	1.569591000e-3	7.387140000e-4	12	true	true	1.201986254e-11	24	gramian	12	0	68072	0	0	0	0	0	0	0	0	Converged	
calibration	latin-square	0	within-default	mlsmr	4	48	48	48	2304	1	1.514457000e-3	5.513400000e-5	1.569591000e-3	8.241850000e-4	12	true	true	1.684628050e-11	27	rectangular-operator	14	3	68072	0	0	0	0	0	0	0	0	ResidualTolerance	
calibration	latin-square	0	within-default	pcg-traced	4	48	48	48	2304	1	1.514457000e-3	5.513400000e-5	1.569591000e-3	7.218520000e-4	12	true	true	1.676167711e-11	24	gramian	12	0	68072	0	0	0	0	0	0	0	0	Converged	
calibration	latin-square	0	diagonal	mlsmr	1	48	48	48	2304	1	8.020000000e-7	1.610000000e-7	9.630000000e-7	2.306050000e-4	10	true	true	8.619429882e-12	23	rectangular-operator	12	3	NA	0	0	0	0	0	0	0	0	ResidualTolerance	
calibration	latin-square	0	diagonal	pcg-traced	1	48	48	48	2304	1	8.020000000e-7	1.610000000e-7	9.630000000e-7	2.238730000e-4	10	true	true	8.630868460e-12	20	gramian	10	0	NA	0	0	0	0	0	0	0	0	Converged	
calibration	latin-square	0	diagonal	mlsmr	2	48	48	48	2304	1	8.020000000e-7	1.610000000e-7	9.630000000e-7	2.297230000e-4	10	true	true	9.999798195e-12	23	rectangular-operator	12	3	NA	0	0	0	0	0	0	0	0	ResidualTolerance	
calibration	latin-square	0	diagonal	pcg-traced	2	48	48	48	2304	1	8.020000000e-7	1.610000000e-7	9.630000000e-7	1.988550000e-4	10	true	true	1.001981536e-11	20	gramian	10	0	NA	0	0	0	0	0	0	0	0	Converged	
calibration	latin-square	0	diagonal	mlsmr	3	48	48	48	2304	1	8.020000000e-7	1.610000000e-7	9.630000000e-7	2.283420000e-4	10	true	true	1.109271881e-11	23	rectangular-operator	12	3	NA	0	0	0	0	0	0	0	0	ResidualTolerance	
calibration	latin-square	0	diagonal	pcg-traced	3	48	48	48	2304	1	8.020000000e-7	1.610000000e-7	9.630000000e-7	2.116890000e-4	10	true	true	1.110514292e-11	20	gramian	10	0	NA	0	0	0	0	0	0	0	0	Converged	
calibration	latin-square	0	diagonal	mlsmr	4	48	48	48	2304	1	8.020000000e-7	1.610000000e-7	9.630000000e-7	2.218990000e-4	10	true	true	1.450102006e-11	23	rectangular-operator	12	3	NA	0	0	0	0	0	0	0	0	ResidualTolerance	
calibration	latin-square	0	diagonal	pcg-traced	4	48	48	48	2304	1	8.020000000e-7	1.610000000e-7	9.630000000e-7	2.062900000e-4	10	true	true	1.453127812e-11	20	gramian	10	0	NA	0	0	0	0	0	0	0	0	Converged	
calibration	latin-square	0	pair-cmg-schwarz	mlsmr	1	48	48	48	2304	1	1.771413000e-3	1.225110000e-4	1.893924000e-3	1.402747000e-3	10	true	true	3.162322025e-11	23	rectangular-operator	12	3	378152	3	96	2304	2209	3	3	0	0	ResidualTolerance	
calibration	latin-square	0	pair-cmg-schwarz	pcg-traced	1	48	48	48	2304	1	1.771413000e-3	1.225110000e-4	1.893924000e-3	1.177001000e-3	10	true	true	3.157040921e-11	20	gramian	10	0	378152	3	96	2304	2209	3	3	0	0	Converged	
calibration	latin-square	0	pair-cmg-schwarz	mlsmr	2	48	48	48	2304	1	1.771413000e-3	1.225110000e-4	1.893924000e-3	1.336262000e-3	10	true	true	3.970065242e-11	23	rectangular-operator	12	3	378152	3	96	2304	2209	3	3	0	0	ResidualTolerance	
calibration	latin-square	0	pair-cmg-schwarz	pcg-traced	2	48	48	48	2304	1	1.771413000e-3	1.225110000e-4	1.893924000e-3	1.145461000e-3	10	true	true	3.963925471e-11	20	gramian	10	0	378152	3	96	2304	2209	3	3	0	0	Converged	
calibration	latin-square	0	pair-cmg-schwarz	mlsmr	3	48	48	48	2304	1	1.771413000e-3	1.225110000e-4	1.893924000e-3	1.377620000e-3	10	true	true	4.084167967e-11	23	rectangular-operator	12	3	378152	3	96	2304	2209	3	3	0	0	ResidualTolerance	
calibration	latin-square	0	pair-cmg-schwarz	pcg-traced	3	48	48	48	2304	1	1.771413000e-3	1.225110000e-4	1.893924000e-3	1.172042000e-3	10	true	true	4.083422411e-11	20	gramian	10	0	378152	3	96	2304	2209	3	3	0	0	Converged	
calibration	latin-square	0	pair-cmg-schwarz	mlsmr	4	48	48	48	2304	1	1.771413000e-3	1.225110000e-4	1.893924000e-3	1.352041000e-3	10	true	true	2.914369335e-11	23	rectangular-operator	12	3	378152	3	96	2304	2209	3	3	0	0	ResidualTolerance	
calibration	latin-square	0	pair-cmg-schwarz	pcg-traced	4	48	48	48	2304	1	1.771413000e-3	1.225110000e-4	1.893924000e-3	1.245520000e-3	10	true	true	2.913606515e-11	20	gramian	10	0	378152	3	96	2304	2209	3	3	0	0	Converged	
calibration	latin-square	1	diagonal	mlsmr	1	48	48	48	2304	1	9.110000000e-7	1.600000000e-7	1.071000000e-6	2.609730000e-4	10	true	true	8.619429882e-12	23	rectangular-operator	12	3	NA	0	0	0	0	0	0	0	0	ResidualTolerance	
calibration	latin-square	1	diagonal	pcg-traced	1	48	48	48	2304	1	9.110000000e-7	1.600000000e-7	1.071000000e-6	1.997470000e-4	10	true	true	8.630868460e-12	20	gramian	10	0	NA	0	0	0	0	0	0	0	0	Converged	
calibration	latin-square	1	diagonal	mlsmr	2	48	48	48	2304	1	9.110000000e-7	1.600000000e-7	1.071000000e-6	2.283110000e-4	10	true	true	9.999798195e-12	23	rectangular-operator	12	3	NA	0	0	0	0	0	0	0	0	ResidualTolerance	
calibration	latin-square	1	diagonal	pcg-traced	2	48	48	48	2304	1	9.110000000e-7	1.600000000e-7	1.071000000e-6	1.985550000e-4	10	true	true	1.001981536e-11	20	gramian	10	0	NA	0	0	0	0	0	0	0	0	Converged	
calibration	latin-square	1	diagonal	mlsmr	3	48	48	48	2304	1	9.110000000e-7	1.600000000e-7	1.071000000e-6	2.227500000e-4	10	true	true	1.109271881e-11	23	rectangular-operator	12	3	NA	0	0	0	0	0	0	0	0	ResidualTolerance	
calibration	latin-square	1	diagonal	pcg-traced	3	48	48	48	2304	1	9.110000000e-7	1.600000000e-7	1.071000000e-6	2.113390000e-4	10	true	true	1.110514292e-11	20	gramian	10	0	NA	0	0	0	0	0	0	0	0	Converged	
calibration	latin-square	1	diagonal	mlsmr	4	48	48	48	2304	1	9.110000000e-7	1.600000000e-7	1.071000000e-6	2.224800000e-4	10	true	true	1.450102006e-11	23	rectangular-operator	12	3	NA	0	0	0	0	0	0	0	0	ResidualTolerance	
calibration	latin-square	1	diagonal	pcg-traced	4	48	48	48	2304	1	9.110000000e-7	1.600000000e-7	1.071000000e-6	1.983140000e-4	10	true	true	1.453127812e-11	20	gramian	10	0	NA	0	0	0	0	0	0	0	0	Converged	
calibration	latin-square	1	pair-cmg-schwarz	mlsmr	1	48	48	48	2304	1	1.313579000e-3	1.388220000e-4	1.452401000e-3	1.469533000e-3	10	true	true	3.162322025e-11	23	rectangular-operator	12	3	378152	3	96	2304	2209	3	3	0	0	ResidualTolerance	
calibration	latin-square	1	pair-cmg-schwarz	pcg-traced	1	48	48	48	2304	1	1.313579000e-3	1.388220000e-4	1.452401000e-3	1.159839000e-3	10	true	true	3.157040921e-11	20	gramian	10	0	378152	3	96	2304	2209	3	3	0	0	Converged	
calibration	latin-square	1	pair-cmg-schwarz	mlsmr	2	48	48	48	2304	1	1.313579000e-3	1.388220000e-4	1.452401000e-3	1.406384000e-3	10	true	true	3.970065242e-11	23	rectangular-operator	12	3	378152	3	96	2304	2209	3	3	0	0	ResidualTolerance	
calibration	latin-square	1	pair-cmg-schwarz	pcg-traced	2	48	48	48	2304	1	1.313579000e-3	1.388220000e-4	1.452401000e-3	1.137566000e-3	10	true	true	3.963925471e-11	20	gramian	10	0	378152	3	96	2304	2209	3	3	0	0	Converged	
calibration	latin-square	1	pair-cmg-schwarz	mlsmr	3	48	48	48	2304	1	1.313579000e-3	1.388220000e-4	1.452401000e-3	1.340409000e-3	10	true	true	4.084167967e-11	23	rectangular-operator	12	3	378152	3	96	2304	2209	3	3	0	0	ResidualTolerance	
calibration	latin-square	1	pair-cmg-schwarz	pcg-traced	3	48	48	48	2304	1	1.313579000e-3	1.388220000e-4	1.452401000e-3	1.220443000e-3	10	true	true	4.083422411e-11	20	gramian	10	0	378152	3	96	2304	2209	3	3	0	0	Converged	
calibration	latin-square	1	pair-cmg-schwarz	mlsmr	4	48	48	48	2304	1	1.313579000e-3	1.388220000e-4	1.452401000e-3	1.416092000e-3	10	true	true	2.914369335e-11	23	rectangular-operator	12	3	378152	3	96	2304	2209	3	3	0	0	ResidualTolerance	
calibration	latin-square	1	pair-cmg-schwarz	pcg-traced	4	48	48	48	2304	1	1.313579000e-3	1.388220000e-4	1.452401000e-3	1.250479000e-3	10	true	true	2.913606515e-11	20	gramian	10	0	378152	3	96	2304	2209	3	3	0	0	Converged	
calibration	latin-square	1	within-default	mlsmr	1	48	48	48	2304	1	1.489380000e-3	4.390300000e-5	1.533283000e-3	8.714940000e-4	12	true	true	1.137521170e-11	27	rectangular-operator	14	3	68072	0	0	0	0	0	0	0	0	ResidualTolerance	
calibration	latin-square	1	within-default	pcg-traced	1	48	48	48	2304	1	1.489380000e-3	4.390300000e-5	1.533283000e-3	7.121740000e-4	12	true	true	1.133501416e-11	24	gramian	12	0	68072	0	0	0	0	0	0	0	0	Converged	
calibration	latin-square	1	within-default	mlsmr	2	48	48	48	2304	1	1.489380000e-3	4.390300000e-5	1.533283000e-3	8.521580000e-4	12	true	true	1.489156400e-11	27	rectangular-operator	14	3	68072	0	0	0	0	0	0	0	0	ResidualTolerance	
calibration	latin-square	1	within-default	pcg-traced	2	48	48	48	2304	1	1.489380000e-3	4.390300000e-5	1.533283000e-3	7.487130000e-4	12	true	true	1.484202278e-11	24	gramian	12	0	68072	0	0	0	0	0	0	0	0	Converged	
calibration	latin-square	1	within-default	mlsmr	3	48	48	48	2304	1	1.489380000e-3	4.390300000e-5	1.533283000e-3	8.922840000e-4	12	true	true	1.208635908e-11	27	rectangular-operator	14	3	68072	0	0	0	0	0	0	0	0	ResidualTolerance	
calibration	latin-square	1	within-default	pcg-traced	3	48	48	48	2304	1	1.489380000e-3	4.390300000e-5	1.533283000e-3	8.380410000e-4	12	true	true	1.201986254e-11	24	gramian	12	0	68072	0	0	0	0	0	0	0	0	Converged	
calibration	latin-square	1	within-default	mlsmr	4	48	48	48	2304	1	1.489380000e-3	4.390300000e-5	1.533283000e-3	9.075820000e-4	12	true	true	1.684628050e-11	27	rectangular-operator	14	3	68072	0	0	0	0	0	0	0	0	ResidualTolerance	
calibration	latin-square	1	within-default	pcg-traced	4	48	48	48	2304	1	1.489380000e-3	4.390300000e-5	1.533283000e-3	8.392040000e-4	12	true	true	1.676167711e-11	24	gramian	12	0	68072	0	0	0	0	0	0	0	0	Converged	
calibration	weak-chain	0	diagonal	mlsmr	1	64	64	64	380	1	6.710000000e-7	1.600000000e-7	8.310000000e-7	1.260438000e-3	269	true	true	6.796936418e-12	541	rectangular-operator	271	3	NA	0	0	0	0	0	0	0	0	ResidualTolerance	
calibration	weak-chain	0	diagonal	pcg-traced	1	64	64	64	380	1	6.710000000e-7	1.600000000e-7	8.310000000e-7	1.826016000e-3	273	true	true	4.262228493e-11	546	gramian	273	0	NA	0	0	0	0	0	0	0	0	Converged	
calibration	weak-chain	0	diagonal	mlsmr	2	64	64	64	380	1	6.710000000e-7	1.600000000e-7	8.310000000e-7	1.190356000e-3	267	true	true	1.470927976e-11	537	rectangular-operator	269	3	NA	0	0	0	0	0	0	0	0	ResidualTolerance	
calibration	weak-chain	0	diagonal	pcg-traced	2	64	64	64	380	1	6.710000000e-7	1.600000000e-7	8.310000000e-7	1.823902000e-3	273	true	true	1.837865075e-11	546	gramian	273	0	NA	0	0	0	0	0	0	0	0	Converged	
calibration	weak-chain	0	diagonal	mlsmr	3	64	64	64	380	1	6.710000000e-7	1.600000000e-7	8.310000000e-7	1.205104000e-3	271	true	true	4.836784173e-12	545	rectangular-operator	273	3	NA	0	0	0	0	0	0	0	0	ResidualTolerance	
calibration	weak-chain	0	diagonal	pcg-traced	3	64	64	64	380	1	6.710000000e-7	1.600000000e-7	8.310000000e-7	1.822750000e-3	273	true	true	9.511178919e-11	546	gramian	273	0	NA	0	0	0	0	0	0	0	0	Converged	
calibration	weak-chain	0	diagonal	mlsmr	4	64	64	64	380	1	6.710000000e-7	1.600000000e-7	8.310000000e-7	1.209512000e-3	271	true	true	6.199151753e-12	545	rectangular-operator	273	3	NA	0	0	0	0	0	0	0	0	ResidualTolerance	
calibration	weak-chain	0	diagonal	pcg-traced	4	64	64	64	380	1	6.710000000e-7	1.600000000e-7	8.310000000e-7	1.843829000e-3	276	true	true	7.082147357e-11	552	gramian	276	0	NA	0	0	0	0	0	0	0	0	Converged	
calibration	weak-chain	0	pair-cmg-schwarz	mlsmr	1	64	64	64	380	1	1.590600000e-4	6.386000000e-5	2.229200000e-4	1.117629000e-3	31	true	true	1.486137689e-11	65	rectangular-operator	33	3	61108	3	128	252	125	4	3	0	0	ResidualTolerance	
calibration	weak-chain	0	pair-cmg-schwarz	pcg-traced	1	64	64	64	380	1	1.590600000e-4	6.386000000e-5	2.229200000e-4	1.037928000e-3	29	true	true	9.074718260e-11	58	gramian	29	0	61108	3	128	252	125	4	3	0	0	Converged	
calibration	weak-chain	0	pair-cmg-schwarz	mlsmr	2	64	64	64	380	1	1.590600000e-4	6.386000000e-5	2.229200000e-4	1.075218000e-3	31	true	true	9.292186603e-12	65	rectangular-operator	33	3	61108	3	128	252	125	4	3	0	0	ResidualTolerance	
calibration	weak-chain	0	pair-cmg-schwarz	pcg-traced	2	64	64	64	380	1	1.590600000e-4	6.386000000e-5	2.229200000e-4	1.006880000e-3	29	true	true	7.712059508e-11	58	gramian	29	0	61108	3	128	252	125	4	3	0	0	Converged	
calibration	weak-chain	0	pair-cmg-schwarz	mlsmr	3	64	64	64	380	1	1.590600000e-4	6.386000000e-5	2.229200000e-4	1.066562000e-3	31	true	true	1.099685440e-11	65	rectangular-operator	33	3	61108	3	128	252	125	4	3	0	0	ResidualTolerance	
calibration	weak-chain	0	pair-cmg-schwarz	pcg-traced	3	64	64	64	380	1	1.590600000e-4	6.386000000e-5	2.229200000e-4	1.075760000e-3	29	true	true	9.575310773e-11	58	gramian	29	0	61108	3	128	252	125	4	3	0	0	Converged	
calibration	weak-chain	0	pair-cmg-schwarz	mlsmr	4	64	64	64	380	1	1.590600000e-4	6.386000000e-5	2.229200000e-4	1.264907000e-3	32	true	true	1.842590718e-11	67	rectangular-operator	34	3	61108	3	128	252	125	4	3	0	0	ResidualTolerance	
calibration	weak-chain	0	pair-cmg-schwarz	pcg-traced	4	64	64	64	380	1	1.590600000e-4	6.386000000e-5	2.229200000e-4	1.052777000e-3	30	true	true	4.875134803e-11	60	gramian	30	0	61108	3	128	252	125	4	3	0	0	Converged	
calibration	weak-chain	0	within-default	mlsmr	1	64	64	64	380	1	2.592490000e-4	2.544800000e-5	2.846970000e-4	3.540890000e-4	12	true	true	3.096253109e-11	27	rectangular-operator	14	3	15352	0	0	0	0	0	0	0	0	ResidualTolerance	
calibration	weak-chain	0	within-default	pcg-traced	1	64	64	64	380	1	2.592490000e-4	2.544800000e-5	2.846970000e-4	3.507520000e-4	12	true	true	3.206141443e-11	24	gramian	12	0	15352	0	0	0	0	0	0	0	0	Converged	
calibration	weak-chain	0	within-default	mlsmr	2	64	64	64	380	1	2.592490000e-4	2.544800000e-5	2.846970000e-4	3.939230000e-4	13	true	true	4.708289164e-12	29	rectangular-operator	15	3	15352	0	0	0	0	0	0	0	0	ResidualTolerance	
calibration	weak-chain	0	within-default	pcg-traced	2	64	64	64	380	1	2.592490000e-4	2.544800000e-5	2.846970000e-4	3.325570000e-4	12	true	true	4.985418580e-11	24	gramian	12	0	15352	0	0	0	0	0	0	0	0	Converged	
calibration	weak-chain	0	within-default	mlsmr	3	64	64	64	380	1	2.592490000e-4	2.544800000e-5	2.846970000e-4	3.964480000e-4	13	true	true	6.087983364e-12	29	rectangular-operator	15	3	15352	0	0	0	0	0	0	0	0	ResidualTolerance	
calibration	weak-chain	0	within-default	pcg-traced	3	64	64	64	380	1	2.592490000e-4	2.544800000e-5	2.846970000e-4	3.370160000e-4	12	true	true	5.438153785e-11	24	gramian	12	0	15352	0	0	0	0	0	0	0	0	Converged	
calibration	weak-chain	0	within-default	mlsmr	4	64	64	64	380	1	2.592490000e-4	2.544800000e-5	2.846970000e-4	3.988120000e-4	13	true	true	9.146421048e-12	29	rectangular-operator	15	3	15352	0	0	0	0	0	0	0	0	ResidualTolerance	
calibration	weak-chain	0	within-default	pcg-traced	4	64	64	64	380	1	2.592490000e-4	2.544800000e-5	2.846970000e-4	3.375570000e-4	12	true	true	9.287925716e-11	24	gramian	12	0	15352	0	0	0	0	0	0	0	0	Converged	
calibration	weak-chain	1	pair-cmg-schwarz	mlsmr	1	64	64	64	380	1	1.579780000e-4	5.294000000e-5	2.109180000e-4	1.085208000e-3	31	true	true	1.486137689e-11	65	rectangular-operator	33	3	61108	3	128	252	125	4	3	0	0	ResidualTolerance	
calibration	weak-chain	1	pair-cmg-schwarz	pcg-traced	1	64	64	64	380	1	1.579780000e-4	5.294000000e-5	2.109180000e-4	1.092061000e-3	29	true	true	9.074718260e-11	58	gramian	29	0	61108	3	128	252	125	4	3	0	0	Converged	
calibration	weak-chain	1	pair-cmg-schwarz	mlsmr	2	64	64	64	380	1	1.579780000e-4	5.294000000e-5	2.109180000e-4	1.076281000e-3	31	true	true	9.292186603e-12	65	rectangular-operator	33	3	61108	3	128	252	125	4	3	0	0	ResidualTolerance	
calibration	weak-chain	1	pair-cmg-schwarz	pcg-traced	2	64	64	64	380	1	1.579780000e-4	5.294000000e-5	2.109180000e-4	1.005528000e-3	29	true	true	7.712059508e-11	58	gramian	29	0	61108	3	128	252	125	4	3	0	0	Converged	
calibration	weak-chain	1	pair-cmg-schwarz	mlsmr	3	64	64	64	380	1	1.579780000e-4	5.294000000e-5	2.109180000e-4	1.083124000e-3	31	true	true	1.099685440e-11	65	rectangular-operator	33	3	61108	3	128	252	125	4	3	0	0	ResidualTolerance	
calibration	weak-chain	1	pair-cmg-schwarz	pcg-traced	3	64	64	64	380	1	1.579780000e-4	5.294000000e-5	2.109180000e-4	1.007351000e-3	29	true	true	9.575310773e-11	58	gramian	29	0	61108	3	128	252	125	4	3	0	0	Converged	
calibration	weak-chain	1	pair-cmg-schwarz	mlsmr	4	64	64	64	380	1	1.579780000e-4	5.294000000e-5	2.109180000e-4	1.108101000e-3	32	true	true	1.842590718e-11	67	rectangular-operator	34	3	61108	3	128	252	125	4	3	0	0	ResidualTolerance	
calibration	weak-chain	1	pair-cmg-schwarz	pcg-traced	4	64	64	64	380	1	1.579780000e-4	5.294000000e-5	2.109180000e-4	1.041446000e-3	30	true	true	4.875134803e-11	60	gramian	30	0	61108	3	128	252	125	4	3	0	0	Converged	
calibration	weak-chain	1	within-default	mlsmr	1	64	64	64	380	1	2.591390000e-4	2.438600000e-5	2.835250000e-4	3.503910000e-4	12	true	true	3.096253109e-11	27	rectangular-operator	14	3	15352	0	0	0	0	0	0	0	0	ResidualTolerance	
calibration	weak-chain	1	within-default	pcg-traced	1	64	64	64	380	1	2.591390000e-4	2.438600000e-5	2.835250000e-4	3.559510000e-4	12	true	true	3.206141443e-11	24	gramian	12	0	15352	0	0	0	0	0	0	0	0	Converged	
calibration	weak-chain	1	within-default	mlsmr	2	64	64	64	380	1	2.591390000e-4	2.438600000e-5	2.835250000e-4	3.887140000e-4	13	true	true	4.708289164e-12	29	rectangular-operator	15	3	15352	0	0	0	0	0	0	0	0	ResidualTolerance	
calibration	weak-chain	1	within-default	pcg-traced	2	64	64	64	380	1	2.591390000e-4	2.438600000e-5	2.835250000e-4	3.562320000e-4	12	true	true	4.985418580e-11	24	gramian	12	0	15352	0	0	0	0	0	0	0	0	Converged	
calibration	weak-chain	1	within-default	mlsmr	3	64	64	64	380	1	2.591390000e-4	2.438600000e-5	2.835250000e-4	3.897150000e-4	13	true	true	6.087983364e-12	29	rectangular-operator	15	3	15352	0	0	0	0	0	0	0	0	ResidualTolerance	
calibration	weak-chain	1	within-default	pcg-traced	3	64	64	64	380	1	2.591390000e-4	2.438600000e-5	2.835250000e-4	3.458120000e-4	12	true	true	5.438153785e-11	24	gramian	12	0	15352	0	0	0	0	0	0	0	0	Converged	
calibration	weak-chain	1	within-default	mlsmr	4	64	64	64	380	1	2.591390000e-4	2.438600000e-5	2.835250000e-4	3.853360000e-4	13	true	true	9.146421048e-12	29	rectangular-operator	15	3	15352	0	0	0	0	0	0	0	0	ResidualTolerance	
calibration	weak-chain	1	within-default	pcg-traced	4	64	64	64	380	1	2.591390000e-4	2.438600000e-5	2.835250000e-4	3.412540000e-4	12	true	true	9.287925716e-11	24	gramian	12	0	15352	0	0	0	0	0	0	0	0	Converged	
calibration	weak-chain	1	diagonal	mlsmr	1	64	64	64	380	1	7.110000000e-7	1.500000000e-7	8.610000000e-7	1.207399000e-3	269	true	true	6.796936418e-12	541	rectangular-operator	271	3	NA	0	0	0	0	0	0	0	0	ResidualTolerance	
calibration	weak-chain	1	diagonal	pcg-traced	1	64	64	64	380	1	7.110000000e-7	1.500000000e-7	8.610000000e-7	1.821126000e-3	273	true	true	4.262228493e-11	546	gramian	273	0	NA	0	0	0	0	0	0	0	0	Converged	
calibration	weak-chain	1	diagonal	mlsmr	2	64	64	64	380	1	7.110000000e-7	1.500000000e-7	8.610000000e-7	1.179876000e-3	267	true	true	1.470927976e-11	537	rectangular-operator	269	3	NA	0	0	0	0	0	0	0	0	ResidualTolerance	
calibration	weak-chain	1	diagonal	pcg-traced	2	64	64	64	380	1	7.110000000e-7	1.500000000e-7	8.610000000e-7	1.818341000e-3	273	true	true	1.837865075e-11	546	gramian	273	0	NA	0	0	0	0	0	0	0	0	Converged	
calibration	weak-chain	1	diagonal	mlsmr	3	64	64	64	380	1	7.110000000e-7	1.500000000e-7	8.610000000e-7	1.197359000e-3	271	true	true	4.836784173e-12	545	rectangular-operator	273	3	NA	0	0	0	0	0	0	0	0	ResidualTolerance	
calibration	weak-chain	1	diagonal	pcg-traced	3	64	64	64	380	1	7.110000000e-7	1.500000000e-7	8.610000000e-7	1.820585000e-3	273	true	true	9.511178919e-11	546	gramian	273	0	NA	0	0	0	0	0	0	0	0	Converged	
calibration	weak-chain	1	diagonal	mlsmr	4	64	64	64	380	1	7.110000000e-7	1.500000000e-7	8.610000000e-7	1.196988000e-3	271	true	true	6.199151753e-12	545	rectangular-operator	273	3	NA	0	0	0	0	0	0	0	0	ResidualTolerance	
calibration	weak-chain	1	diagonal	pcg-traced	4	64	64	64	380	1	7.110000000e-7	1.500000000e-7	8.610000000e-7	1.835835000e-3	276	true	true	7.082147357e-11	552	gramian	276	0	NA	0	0	0	0	0	0	0	0	Converged	
calibration	disconnected-latin	0	pair-cmg-schwarz	mlsmr	1	48	48	48	1152	2	7.198680000e-4	1.079830000e-4	8.278510000e-4	1.004055000e-3	10	true	true	4.215900608e-11	23	rectangular-operator	12	3	225680	6	48	576	529	4	6	0	0	ResidualTolerance	
calibration	disconnected-latin	0	pair-cmg-schwarz	pcg-traced	1	48	48	48	1152	2	7.198680000e-4	1.079830000e-4	8.278510000e-4	8.086560000e-4	10	true	true	4.203163407e-11	20	gramian	10	0	225680	6	48	576	529	4	6	0	0	Converged	
calibration	disconnected-latin	0	pair-cmg-schwarz	mlsmr	2	48	48	48	1152	2	7.198680000e-4	1.079830000e-4	8.278510000e-4	9.307360000e-4	10	true	true	4.976606398e-11	23	rectangular-operator	12	3	225680	6	48	576	529	4	6	0	0	ResidualTolerance	
calibration	disconnected-latin	0	pair-cmg-schwarz	pcg-traced	2	48	48	48	1152	2	7.198680000e-4	1.079830000e-4	8.278510000e-4	8.046380000e-4	10	true	true	4.964103180e-11	20	gramian	10	0	225680	6	48	576	529	4	6	0	0	Converged	
calibration	disconnected-latin	0	pair-cmg-schwarz	mlsmr	3	48	48	48	1152	2	7.198680000e-4	1.079830000e-4	8.278510000e-4	9.195250000e-4	10	true	true	3.560210135e-11	23	rectangular-operator	12	3	225680	6	48	576	529	4	6	0	0	ResidualTolerance	
calibration	disconnected-latin	0	pair-cmg-schwarz	pcg-traced	3	48	48	48	1152	2	7.198680000e-4	1.079830000e-4	8.278510000e-4	8.087960000e-4	10	true	true	3.552360438e-11	20	gramian	10	0	225680	6	48	576	529	4	6	0	0	Converged	
calibration	disconnected-latin	0	pair-cmg-schwarz	mlsmr	4	48	48	48	1152	2	7.198680000e-4	1.079830000e-4	8.278510000e-4	9.366880000e-4	10	true	true	4.378859393e-11	23	rectangular-operator	12	3	225680	6	48	576	529	4	6	0	0	ResidualTolerance	
calibration	disconnected-latin	0	pair-cmg-schwarz	pcg-traced	4	48	48	48	1152	2	7.198680000e-4	1.079830000e-4	8.278510000e-4	8.238750000e-4	10	true	true	4.370223912e-11	20	gramian	10	0	225680	6	48	576	529	4	6	0	0	Converged	
calibration	disconnected-latin	0	within-default	mlsmr	1	48	48	48	1152	2	3.914980000e-4	3.419500000e-5	4.256930000e-4	3.644980000e-4	8	true	true	1.729371124e-11	19	rectangular-operator	10	3	35920	0	0	0	0	0	0	0	0	ResidualTolerance	
calibration	disconnected-latin	0	within-default	pcg-traced	1	48	48	48	1152	2	3.914980000e-4	3.419500000e-5	4.256930000e-4	3.350920000e-4	8	true	true	1.733831399e-11	16	gramian	8	0	35920	0	0	0	0	0	0	0	0	Converged	
calibration	disconnected-latin	0	within-default	mlsmr	2	48	48	48	1152	2	3.914980000e-4	3.419500000e-5	4.256930000e-4	3.883930000e-4	8	true	true	2.081947186e-11	19	rectangular-operator	10	3	35920	0	0	0	0	0	0	0	0	ResidualTolerance	
calibration	disconnected-latin	0	within-default	pcg-traced	2	48	48	48	1152	2	3.914980000e-4	3.419500000e-5	4.256930000e-4	3.136320000e-4	8	true	true	2.088747968e-11	16	gramian	8	0	35920	0	0	0	0	0	0	0	0	Converged	
calibration	disconnected-latin	0	within-default	mlsmr	3	48	48	48	1152	2	3.914980000e-4	3.419500000e-5	4.256930000e-4	3.806990000e-4	8	true	true	1.517844075e-11	19	rectangular-operator	10	3	35920	0	0	0	0	0	0	0	0	ResidualTolerance	
calibration	disconnected-latin	0	within-default	pcg-traced	3	48	48	48	1152	2	3.914980000e-4	3.419500000e-5	4.256930000e-4	3.322770000e-4	8	true	true	1.522331058e-11	16	gramian	8	0	35920	0	0	0	0	0	0	0	0	Converged	
calibration	disconnected-latin	0	within-default	mlsmr	4	48	48	48	1152	2	3.914980000e-4	3.419500000e-5	4.256930000e-4	3.783440000e-4	8	true	true	1.872287069e-11	19	rectangular-operator	10	3	35920	0	0	0	0	0	0	0	0	ResidualTolerance	
calibration	disconnected-latin	0	within-default	pcg-traced	4	48	48	48	1152	2	3.914980000e-4	3.419500000e-5	4.256930000e-4	3.146340000e-4	8	true	true	1.878069497e-11	16	gramian	8	0	35920	0	0	0	0	0	0	0	0	Converged	
calibration	disconnected-latin	0	diagonal	mlsmr	1	48	48	48	1152	2	5.610000000e-7	1.300000000e-7	6.910000000e-7	1.426190000e-4	10	true	true	2.385926831e-11	23	rectangular-operator	12	3	NA	0	0	0	0	0	0	0	0	ResidualTolerance	
calibration	disconnected-latin	0	diagonal	pcg-traced	1	48	48	48	1152	2	5.610000000e-7	1.300000000e-7	6.910000000e-7	1.124330000e-4	10	true	true	2.392575912e-11	20	gramian	10	0	NA	0	0	0	0	0	0	0	0	Converged	
calibration	disconnected-latin	0	diagonal	mlsmr	2	48	48	48	1152	2	5.610000000e-7	1.300000000e-7	6.910000000e-7	1.179130000e-4	10	true	true	3.508301138e-11	23	rectangular-operator	12	3	NA	0	0	0	0	0	0	0	0	ResidualTolerance	
calibration	disconnected-latin	0	diagonal	pcg-traced	2	48	48	48	1152	2	5.610000000e-7	1.300000000e-7	6.910000000e-7	1.117010000e-4	10	true	true	3.518322217e-11	20	gramian	10	0	NA	0	0	0	0	0	0	0	0	Converged	
calibration	disconnected-latin	0	diagonal	mlsmr	3	48	48	48	1152	2	5.610000000e-7	1.300000000e-7	6.910000000e-7	1.168800000e-4	10	true	true	2.997251283e-11	23	rectangular-operator	12	3	NA	0	0	0	0	0	0	0	0	ResidualTolerance	
calibration	disconnected-latin	0	diagonal	pcg-traced	3	48	48	48	1152	2	5.610000000e-7	1.300000000e-7	6.910000000e-7	1.115510000e-4	10	true	true	3.006882962e-11	20	gramian	10	0	NA	0	0	0	0	0	0	0	0	Converged	
calibration	disconnected-latin	0	diagonal	mlsmr	4	48	48	48	1152	2	5.610000000e-7	1.300000000e-7	6.910000000e-7	1.168800000e-4	10	true	true	3.966258434e-11	23	rectangular-operator	12	3	NA	0	0	0	0	0	0	0	0	ResidualTolerance	
calibration	disconnected-latin	0	diagonal	pcg-traced	4	48	48	48	1152	2	5.610000000e-7	1.300000000e-7	6.910000000e-7	1.147960000e-4	10	true	true	3.984184866e-11	20	gramian	10	0	NA	0	0	0	0	0	0	0	0	Converged	
calibration	disconnected-latin	1	within-default	mlsmr	1	48	48	48	1152	2	3.750580000e-4	2.865500000e-5	4.037130000e-4	3.716920000e-4	8	true	true	1.729371124e-11	19	rectangular-operator	10	3	35920	0	0	0	0	0	0	0	0	ResidualTolerance	
calibration	disconnected-latin	1	within-default	pcg-traced	1	48	48	48	1152	2	3.750580000e-4	2.865500000e-5	4.037130000e-4	3.151250000e-4	8	true	true	1.733831399e-11	16	gramian	8	0	35920	0	0	0	0	0	0	0	0	Converged	
calibration	disconnected-latin	1	within-default	mlsmr	2	48	48	48	1152	2	3.750580000e-4	2.865500000e-5	4.037130000e-4	3.801070000e-4	8	true	true	2.081947186e-11	19	rectangular-operator	10	3	35920	0	0	0	0	0	0	0	0	ResidualTolerance	
calibration	disconnected-latin	1	within-default	pcg-traced	2	48	48	48	1152	2	3.750580000e-4	2.865500000e-5	4.037130000e-4	3.131810000e-4	8	true	true	2.088747968e-11	16	gramian	8	0	35920	0	0	0	0	0	0	0	0	Converged	
calibration	disconnected-latin	1	within-default	mlsmr	3	48	48	48	1152	2	3.750580000e-4	2.865500000e-5	4.037130000e-4	3.971890000e-4	8	true	true	1.517844075e-11	19	rectangular-operator	10	3	35920	0	0	0	0	0	0	0	0	ResidualTolerance	
calibration	disconnected-latin	1	within-default	pcg-traced	3	48	48	48	1152	2	3.750580000e-4	2.865500000e-5	4.037130000e-4	3.133110000e-4	8	true	true	1.522331058e-11	16	gramian	8	0	35920	0	0	0	0	0	0	0	0	Converged	
calibration	disconnected-latin	1	within-default	mlsmr	4	48	48	48	1152	2	3.750580000e-4	2.865500000e-5	4.037130000e-4	3.732940000e-4	8	true	true	1.872287069e-11	19	rectangular-operator	10	3	35920	0	0	0	0	0	0	0	0	ResidualTolerance	
calibration	disconnected-latin	1	within-default	pcg-traced	4	48	48	48	1152	2	3.750580000e-4	2.865500000e-5	4.037130000e-4	3.242720000e-4	8	true	true	1.878069497e-11	16	gramian	8	0	35920	0	0	0	0	0	0	0	0	Converged	
calibration	disconnected-latin	1	diagonal	mlsmr	1	48	48	48	1152	2	5.510000000e-7	1.300000000e-7	6.810000000e-7	1.179720000e-4	10	true	true	2.385926831e-11	23	rectangular-operator	12	3	NA	0	0	0	0	0	0	0	0	ResidualTolerance	
calibration	disconnected-latin	1	diagonal	pcg-traced	1	48	48	48	1152	2	5.510000000e-7	1.300000000e-7	6.810000000e-7	1.121210000e-4	10	true	true	2.392575912e-11	20	gramian	10	0	NA	0	0	0	0	0	0	0	0	Converged	
calibration	disconnected-latin	1	diagonal	mlsmr	2	48	48	48	1152	2	5.510000000e-7	1.300000000e-7	6.810000000e-7	1.166500000e-4	10	true	true	3.508301138e-11	23	rectangular-operator	12	3	NA	0	0	0	0	0	0	0	0	ResidualTolerance	
calibration	disconnected-latin	1	diagonal	pcg-traced	2	48	48	48	1152	2	5.510000000e-7	1.300000000e-7	6.810000000e-7	1.117810000e-4	10	true	true	3.518322217e-11	20	gramian	10	0	NA	0	0	0	0	0	0	0	0	Converged	
calibration	disconnected-latin	1	diagonal	mlsmr	3	48	48	48	1152	2	5.510000000e-7	1.300000000e-7	6.810000000e-7	1.162290000e-4	10	true	true	2.997251283e-11	23	rectangular-operator	12	3	NA	0	0	0	0	0	0	0	0	ResidualTolerance	
calibration	disconnected-latin	1	diagonal	pcg-traced	3	48	48	48	1152	2	5.510000000e-7	1.300000000e-7	6.810000000e-7	1.116710000e-4	10	true	true	3.006882962e-11	20	gramian	10	0	NA	0	0	0	0	0	0	0	0	Converged	
calibration	disconnected-latin	1	diagonal	mlsmr	4	48	48	48	1152	2	5.510000000e-7	1.300000000e-7	6.810000000e-7	1.414070000e-4	10	true	true	3.966258434e-11	23	rectangular-operator	12	3	NA	0	0	0	0	0	0	0	0	ResidualTolerance	
calibration	disconnected-latin	1	diagonal	pcg-traced	4	48	48	48	1152	2	5.510000000e-7	1.300000000e-7	6.810000000e-7	1.122620000e-4	10	true	true	3.984184866e-11	20	gramian	10	0	NA	0	0	0	0	0	0	0	0	Converged	
calibration	disconnected-latin	1	pair-cmg-schwarz	mlsmr	1	48	48	48	1152	2	6.947910000e-4	8.960900000e-5	7.844000000e-4	1.091981000e-3	10	true	true	4.215900608e-11	23	rectangular-operator	12	3	225680	6	48	576	529	4	6	0	0	ResidualTolerance	
calibration	disconnected-latin	1	pair-cmg-schwarz	pcg-traced	1	48	48	48	1152	2	6.947910000e-4	8.960900000e-5	7.844000000e-4	9.202970000e-4	10	true	true	4.203163407e-11	20	gramian	10	0	225680	6	48	576	529	4	6	0	0	Converged	
calibration	disconnected-latin	1	pair-cmg-schwarz	mlsmr	2	48	48	48	1152	2	6.947910000e-4	8.960900000e-5	7.844000000e-4	9.524380000e-4	10	true	true	4.976606398e-11	23	rectangular-operator	12	3	225680	6	48	576	529	4	6	0	0	ResidualTolerance	
calibration	disconnected-latin	1	pair-cmg-schwarz	pcg-traced	2	48	48	48	1152	2	6.947910000e-4	8.960900000e-5	7.844000000e-4	8.002300000e-4	10	true	true	4.964103180e-11	20	gramian	10	0	225680	6	48	576	529	4	6	0	0	Converged	
calibration	disconnected-latin	1	pair-cmg-schwarz	mlsmr	3	48	48	48	1152	2	6.947910000e-4	8.960900000e-5	7.844000000e-4	9.069520000e-4	10	true	true	3.560210135e-11	23	rectangular-operator	12	3	225680	6	48	576	529	4	6	0	0	ResidualTolerance	
calibration	disconnected-latin	1	pair-cmg-schwarz	pcg-traced	3	48	48	48	1152	2	6.947910000e-4	8.960900000e-5	7.844000000e-4	8.312890000e-4	10	true	true	3.552360438e-11	20	gramian	10	0	225680	6	48	576	529	4	6	0	0	Converged	
calibration	disconnected-latin	1	pair-cmg-schwarz	mlsmr	4	48	48	48	1152	2	6.947910000e-4	8.960900000e-5	7.844000000e-4	9.408660000e-4	10	true	true	4.378859393e-11	23	rectangular-operator	12	3	225680	6	48	576	529	4	6	0	0	ResidualTolerance	
calibration	disconnected-latin	1	pair-cmg-schwarz	pcg-traced	4	48	48	48	1152	2	6.947910000e-4	8.960900000e-5	7.844000000e-4	9.549310000e-4	10	true	true	4.370223912e-11	20	gramian	10	0	225680	6	48	576	529	4	6	0	0	Converged	
calibration	unbalanced-cycle	0	within-default	mlsmr	1	192	96	24	1536	1	7.976150000e-4	3.616800000e-5	8.337830000e-4	9.970110000e-4	18	true	true	1.408328311e-11	39	rectangular-operator	20	3	50600	0	0	0	0	0	0	0	0	ResidualTolerance	
calibration	unbalanced-cycle	0	within-default	pcg-traced	1	192	96	24	1536	1	7.976150000e-4	3.616800000e-5	8.337830000e-4	9.463650000e-4	17	true	true	6.668674089e-11	34	gramian	17	0	50600	0	0	0	0	0	0	0	0	Converged	
calibration	unbalanced-cycle	0	within-default	mlsmr	2	192	96	24	1536	1	7.976150000e-4	3.616800000e-5	8.337830000e-4	1.017851000e-3	18	true	true	1.884769416e-11	39	rectangular-operator	20	3	50600	0	0	0	0	0	0	0	0	ResidualTolerance	
calibration	unbalanced-cycle	0	within-default	pcg-traced	2	192	96	24	1536	1	7.976150000e-4	3.616800000e-5	8.337830000e-4	9.778250000e-4	17	true	true	9.004201932e-11	34	gramian	17	0	50600	0	0	0	0	0	0	0	0	Converged	
calibration	unbalanced-cycle	0	within-default	mlsmr	3	192	96	24	1536	1	7.976150000e-4	3.616800000e-5	8.337830000e-4	1.005157000e-3	18	true	true	1.630857389e-11	39	rectangular-operator	20	3	50600	0	0	0	0	0	0	0	0	ResidualTolerance	
calibration	unbalanced-cycle	0	within-default	pcg-traced	3	192	96	24	1536	1	7.976150000e-4	3.616800000e-5	8.337830000e-4	9.549720000e-4	17	true	true	7.972423553e-11	34	gramian	17	0	50600	0	0	0	0	0	0	0	0	Converged	
calibration	unbalanced-cycle	0	within-default	mlsmr	4	192	96	24	1536	1	7.976150000e-4	3.616800000e-5	8.337830000e-4	1.049029000e-3	18	true	true	1.610357815e-11	39	rectangular-operator	20	3	50600	0	0	0	0	0	0	0	0	ResidualTolerance	
calibration	unbalanced-cycle	0	within-default	pcg-traced	4	192	96	24	1536	1	7.976150000e-4	3.616800000e-5	8.337830000e-4	1.081400000e-3	17	true	true	7.556628741e-11	34	gramian	17	0	50600	0	0	0	0	0	0	0	0	Converged	
calibration	unbalanced-cycle	0	diagonal	mlsmr	1	192	96	24	1536	1	9.510000000e-7	1.810000000e-7	1.132000000e-6	7.269520000e-4	56	true	true	2.260416743e-11	115	rectangular-operator	58	3	NA	0	0	0	0	0	0	0	0	ResidualTolerance	
calibration	unbalanced-cycle	0	diagonal	pcg-traced	1	192	96	24	1536	1	9.510000000e-7	1.810000000e-7	1.132000000e-6	8.925540000e-4	56	true	true	5.993959516e-11	112	gramian	56	0	NA	0	0	0	0	0	0	0	0	Converged	
calibration	unbalanced-cycle	0	diagonal	mlsmr	2	192	96	24	1536	1	9.510000000e-7	1.810000000e-7	1.132000000e-6	6.860040000e-4	56	true	true	1.941266535e-11	115	rectangular-operator	58	3	NA	0	0	0	0	0	0	0	0	ResidualTolerance	
calibration	unbalanced-cycle	0	diagonal	pcg-traced	2	192	96	24	1536	1	9.510000000e-7	1.810000000e-7	1.132000000e-6	8.848800000e-4	56	true	true	6.746264328e-11	112	gramian	56	0	NA	0	0	0	0	0	0	0	0	Converged	
calibration	unbalanced-cycle	0	diagonal	mlsmr	3	192	96	24	1536	1	9.510000000e-7	1.810000000e-7	1.132000000e-6	6.990990000e-4	56	true	true	2.686302256e-11	115	rectangular-operator	58	3	NA	0	0	0	0	0	0	0	0	ResidualTolerance	
calibration	unbalanced-cycle	0	diagonal	pcg-traced	3	192	96	24	1536	1	9.510000000e-7	1.810000000e-7	1.132000000e-6	8.877160000e-4	56	true	true	7.424288270e-11	112	gramian	56	0	NA	0	0	0	0	0	0	0	0	Converged	
calibration	unbalanced-cycle	0	diagonal	mlsmr	4	192	96	24	1536	1	9.510000000e-7	1.810000000e-7	1.132000000e-6	6.742620000e-4	55	true	true	4.391641430e-11	113	rectangular-operator	57	3	NA	0	0	0	0	0	0	0	0	ResidualTolerance	
calibration	unbalanced-cycle	0	diagonal	pcg-traced	4	192	96	24	1536	1	9.510000000e-7	1.810000000e-7	1.132000000e-6	8.751310000e-4	56	true	true	3.380952418e-11	112	gramian	56	0	NA	0	0	0	0	0	0	0	0	Converged	
calibration	unbalanced-cycle	0	pair-cmg-schwarz	mlsmr	1	192	96	24	1536	1	7.774770000e-4	1.437910000e-4	9.212680000e-4	3.389877000e-3	28	true	true	2.763538826e-11	59	rectangular-operator	30	3	167380	6	288	1536	1249	4	6	0	0	ResidualTolerance	
calibration	unbalanced-cycle	0	pair-cmg-schwarz	pcg-traced	1	192	96	24	1536	1	7.774770000e-4	1.437910000e-4	9.212680000e-4	3.141906000e-3	27	true	true	6.889072564e-11	54	gramian	27	0	167380	6	288	1536	1249	4	6	0	0	Converged	
calibration	unbalanced-cycle	0	pair-cmg-schwarz	mlsmr	2	192	96	24	1536	1	7.774770000e-4	1.437910000e-4	9.212680000e-4	3.389077000e-3	28	true	true	3.411438326e-11	59	rectangular-operator	30	3	167380	6	288	1536	1249	4	6	0	0	ResidualTolerance	
calibration	unbalanced-cycle	0	pair-cmg-schwarz	pcg-traced	2	192	96	24	1536	1	7.774770000e-4	1.437910000e-4	9.212680000e-4	3.323191000e-3	28	true	true	4.470788221e-11	56	gramian	28	0	167380	6	288	1536	1249	4	6	0	0	Converged	
calibration	unbalanced-cycle	0	pair-cmg-schwarz	mlsmr	3	192	96	24	1536	1	7.774770000e-4	1.437910000e-4	9.212680000e-4	3.452625000e-3	28	true	true	3.037717462e-11	59	rectangular-operator	30	3	167380	6	288	1536	1249	4	6	0	0	ResidualTolerance	
calibration	unbalanced-cycle	0	pair-cmg-schwarz	pcg-traced	3	192	96	24	1536	1	7.774770000e-4	1.437910000e-4	9.212680000e-4	3.369568000e-3	28	true	true	3.815444538e-11	56	gramian	28	0	167380	6	288	1536	1249	4	6	0	0	Converged	
calibration	unbalanced-cycle	0	pair-cmg-schwarz	mlsmr	4	192	96	24	1536	1	7.774770000e-4	1.437910000e-4	9.212680000e-4	3.359760000e-3	28	true	true	2.424638566e-11	59	rectangular-operator	30	3	167380	6	288	1536	1249	4	6	0	0	ResidualTolerance	
calibration	unbalanced-cycle	0	pair-cmg-schwarz	pcg-traced	4	192	96	24	1536	1	7.774770000e-4	1.437910000e-4	9.212680000e-4	2.454682000e-3	27	true	true	5.893865283e-11	54	gramian	27	0	167380	6	288	1536	1249	4	6	0	0	Converged	
calibration	unbalanced-cycle	1	diagonal	mlsmr	1	192	96	24	1536	1	6.081000000e-6	1.810000000e-7	6.262000000e-6	7.123340000e-4	56	true	true	2.260416743e-11	115	rectangular-operator	58	3	NA	0	0	0	0	0	0	0	0	ResidualTolerance	
calibration	unbalanced-cycle	1	diagonal	pcg-traced	1	192	96	24	1536	1	6.081000000e-6	1.810000000e-7	6.262000000e-6	8.865930000e-4	56	true	true	5.993959516e-11	112	gramian	56	0	NA	0	0	0	0	0	0	0	0	Converged	
calibration	unbalanced-cycle	1	diagonal	mlsmr	2	192	96	24	1536	1	6.081000000e-6	1.810000000e-7	6.262000000e-6	6.967350000e-4	56	true	true	1.941266535e-11	115	rectangular-operator	58	3	NA	0	0	0	0	0	0	0	0	ResidualTolerance	
calibration	unbalanced-cycle	1	diagonal	pcg-traced	2	192	96	24	1536	1	6.081000000e-6	1.810000000e-7	6.262000000e-6	8.625270000e-4	56	true	true	6.746264328e-11	112	gramian	56	0	NA	0	0	0	0	0	0	0	0	Converged	
calibration	unbalanced-cycle	1	diagonal	mlsmr	3	192	96	24	1536	1	6.081000000e-6	1.810000000e-7	6.262000000e-6	6.941900000e-4	56	true	true	2.686302256e-11	115	rectangular-operator	58	3	NA	0	0	0	0	0	0	0	0	ResidualTolerance	
calibration	unbalanced-cycle	1	diagonal	pcg-traced	3	192	96	24	1536	1	6.081000000e-6	1.810000000e-7	6.262000000e-6	8.710940000e-4	56	true	true	7.424288270e-11	112	gramian	56	0	NA	0	0	0	0	0	0	0	0	Converged	
calibration	unbalanced-cycle	1	diagonal	mlsmr	4	192	96	24	1536	1	6.081000000e-6	1.810000000e-7	6.262000000e-6	6.826390000e-4	55	true	true	4.391641430e-11	113	rectangular-operator	57	3	NA	0	0	0	0	0	0	0	0	ResidualTolerance	
calibration	unbalanced-cycle	1	diagonal	pcg-traced	4	192	96	24	1536	1	6.081000000e-6	1.810000000e-7	6.262000000e-6	8.710740000e-4	56	true	true	3.380952418e-11	112	gramian	56	0	NA	0	0	0	0	0	0	0	0	Converged	
calibration	unbalanced-cycle	1	pair-cmg-schwarz	mlsmr	1	192	96	24	1536	1	7.535720000e-4	1.060090000e-4	8.595810000e-4	2.725332000e-3	28	true	true	2.763538826e-11	59	rectangular-operator	30	3	167380	6	288	1536	1249	4	6	0	0	ResidualTolerance	
calibration	unbalanced-cycle	1	pair-cmg-schwarz	pcg-traced	1	192	96	24	1536	1	7.535720000e-4	1.060090000e-4	8.595810000e-4	2.603463000e-3	27	true	true	6.889072564e-11	54	gramian	27	0	167380	6	288	1536	1249	4	6	0	0	Converged	
calibration	unbalanced-cycle	1	pair-cmg-schwarz	mlsmr	2	192	96	24	1536	1	7.535720000e-4	1.060090000e-4	8.595810000e-4	2.692480000e-3	28	true	true	3.411438326e-11	59	rectangular-operator	30	3	167380	6	288	1536	1249	4	6	0	0	ResidualTolerance	
calibration	unbalanced-cycle	1	pair-cmg-schwarz	pcg-traced	2	192	96	24	1536	1	7.535720000e-4	1.060090000e-4	8.595810000e-4	2.709202000e-3	28	true	true	4.470788221e-11	56	gramian	28	0	167380	6	288	1536	1249	4	6	0	0	Converged	
calibration	unbalanced-cycle	1	pair-cmg-schwarz	mlsmr	3	192	96	24	1536	1	7.535720000e-4	1.060090000e-4	8.595810000e-4	2.666492000e-3	28	true	true	3.037717462e-11	59	rectangular-operator	30	3	167380	6	288	1536	1249	4	6	0	0	ResidualTolerance	
calibration	unbalanced-cycle	1	pair-cmg-schwarz	pcg-traced	3	192	96	24	1536	1	7.535720000e-4	1.060090000e-4	8.595810000e-4	2.705314000e-3	28	true	true	3.815444538e-11	56	gramian	28	0	167380	6	288	1536	1249	4	6	0	0	Converged	
calibration	unbalanced-cycle	1	pair-cmg-schwarz	mlsmr	4	192	96	24	1536	1	7.535720000e-4	1.060090000e-4	8.595810000e-4	2.664799000e-3	28	true	true	2.424638566e-11	59	rectangular-operator	30	3	167380	6	288	1536	1249	4	6	0	0	ResidualTolerance	
calibration	unbalanced-cycle	1	pair-cmg-schwarz	pcg-traced	4	192	96	24	1536	1	7.535720000e-4	1.060090000e-4	8.595810000e-4	4.615449000e-3	27	true	true	5.893865283e-11	54	gramian	27	0	167380	6	288	1536	1249	4	6	0	0	Converged	
calibration	unbalanced-cycle	1	within-default	mlsmr	1	192	96	24	1536	1	7.783180000e-4	3.867300000e-5	8.169910000e-4	1.141264000e-3	18	true	true	1.408328311e-11	39	rectangular-operator	20	3	50600	0	0	0	0	0	0	0	0	ResidualTolerance	
calibration	unbalanced-cycle	1	within-default	pcg-traced	1	192	96	24	1536	1	7.783180000e-4	3.867300000e-5	8.169910000e-4	1.065670000e-3	17	true	true	6.668674089e-11	34	gramian	17	0	50600	0	0	0	0	0	0	0	0	Converged	
calibration	unbalanced-cycle	1	within-default	mlsmr	2	192	96	24	1536	1	7.783180000e-4	3.867300000e-5	8.169910000e-4	1.102200000e-3	18	true	true	1.884769416e-11	39	rectangular-operator	20	3	50600	0	0	0	0	0	0	0	0	ResidualTolerance	
calibration	unbalanced-cycle	1	within-default	pcg-traced	2	192	96	24	1536	1	7.783180000e-4	3.867300000e-5	8.169910000e-4	1.005718000e-3	17	true	true	9.004201932e-11	34	gramian	17	0	50600	0	0	0	0	0	0	0	0	Converged	
calibration	unbalanced-cycle	1	within-default	mlsmr	3	192	96	24	1536	1	7.783180000e-4	3.867300000e-5	8.169910000e-4	1.103092000e-3	18	true	true	1.630857389e-11	39	rectangular-operator	20	3	50600	0	0	0	0	0	0	0	0	ResidualTolerance	
calibration	unbalanced-cycle	1	within-default	pcg-traced	3	192	96	24	1536	1	7.783180000e-4	3.867300000e-5	8.169910000e-4	1.050693000e-3	17	true	true	7.972423553e-11	34	gramian	17	0	50600	0	0	0	0	0	0	0	0	Converged	
calibration	unbalanced-cycle	1	within-default	mlsmr	4	192	96	24	1536	1	7.783180000e-4	3.867300000e-5	8.169910000e-4	1.131064000e-3	18	true	true	1.610357815e-11	39	rectangular-operator	20	3	50600	0	0	0	0	0	0	0	0	ResidualTolerance	
calibration	unbalanced-cycle	1	within-default	pcg-traced	4	192	96	24	1536	1	7.783180000e-4	3.867300000e-5	8.169910000e-4	1.047296000e-3	17	true	true	7.556628741e-11	34	gramian	17	0	50600	0	0	0	0	0	0	0	0	Converged	
