set	case	family	method	iteration	relative_true_residual
portfolio-holdout	dominant-pair-weak-third-cover-600	dominant-pair-weak-third	baseline-symmetric-map	0	1.000000000000e0
portfolio-holdout	dominant-pair-weak-third-cover-600	dominant-pair-weak-third	baseline-symmetric-map	1	1.941561329234e-2
portfolio-holdout	dominant-pair-weak-third-cover-600	dominant-pair-weak-third	baseline-symmetric-map	2	8.820856068990e-3
portfolio-holdout	dominant-pair-weak-third-cover-600	dominant-pair-weak-third	baseline-symmetric-map	3	3.825760323607e-3
portfolio-holdout	dominant-pair-weak-third-cover-600	dominant-pair-weak-third	baseline-symmetric-map	4	4.623463091231e-3
portfolio-holdout	dominant-pair-weak-third-cover-600	dominant-pair-weak-third	baseline-symmetric-map	5	3.812173583801e-3
portfolio-holdout	dominant-pair-weak-third-cover-600	dominant-pair-weak-third	baseline-symmetric-map	6	2.648366940252e-3
portfolio-holdout	dominant-pair-weak-third-cover-600	dominant-pair-weak-third	baseline-symmetric-map	7	1.204125454956e-3
portfolio-holdout	dominant-pair-weak-third-cover-600	dominant-pair-weak-third	baseline-symmetric-map	8	1.520493841104e-4
portfolio-holdout	dominant-pair-weak-third-cover-600	dominant-pair-weak-third	baseline-symmetric-map	9	6.232601164249e-5
portfolio-holdout	dominant-pair-weak-third-cover-600	dominant-pair-weak-third	baseline-symmetric-map	10	8.169552265975e-6
portfolio-holdout	dominant-pair-weak-third-cover-600	dominant-pair-weak-third	baseline-symmetric-map	11	4.326037140133e-7
portfolio-holdout	dominant-pair-weak-third-cover-600	dominant-pair-weak-third	baseline-symmetric-map	12	5.738069357306e-9
portfolio-holdout	dominant-pair-weak-third-cover-600	dominant-pair-weak-third	baseline-symmetric-map	13	3.868020174505e-10
portfolio-holdout	dominant-pair-weak-third-cover-600	dominant-pair-weak-third	baseline-symmetric-map	14	2.701601045158e-12
portfolio-holdout	dominant-pair-weak-third-cover-600	dominant-pair-weak-third	oracle	0	1.000000000000e0
portfolio-holdout	dominant-pair-weak-third-cover-600	dominant-pair-weak-third	oracle	1	1.053001495962e-2
portfolio-holdout	dominant-pair-weak-third-cover-600	dominant-pair-weak-third	oracle	2	1.828431569752e-3
portfolio-holdout	dominant-pair-weak-third-cover-600	dominant-pair-weak-third	oracle	3	5.771129820726e-4
portfolio-holdout	dominant-pair-weak-third-cover-600	dominant-pair-weak-third	oracle	4	8.576454687347e-5
portfolio-holdout	dominant-pair-weak-third-cover-600	dominant-pair-weak-third	oracle	5	5.831605586463e-6
portfolio-holdout	dominant-pair-weak-third-cover-600	dominant-pair-weak-third	oracle	6	9.001107495852e-7
portfolio-holdout	dominant-pair-weak-third-cover-600	dominant-pair-weak-third	oracle	7	1.636971596812e-8
portfolio-holdout	dominant-pair-weak-third-cover-600	dominant-pair-weak-third	oracle	8	1.534869590548e-10
portfolio-holdout	dominant-pair-weak-third-cover-600	dominant-pair-weak-third	oracle	9	2.161567608390e-13
portfolio-holdout	dominant-pair-weak-third-cover-600	dominant-pair-weak-third	one-shot-pair-neighborhood	0	1.000000000000e0
portfolio-holdout	dominant-pair-weak-third-cover-600	dominant-pair-weak-third	one-shot-pair-neighborhood	1	7.162091701454e-3
portfolio-holdout	dominant-pair-weak-third-cover-600	dominant-pair-weak-third	one-shot-pair-neighborhood	2	2.714986355782e-3
portfolio-holdout	dominant-pair-weak-third-cover-600	dominant-pair-weak-third	one-shot-pair-neighborhood	3	1.795894233592e-3
portfolio-holdout	dominant-pair-weak-third-cover-600	dominant-pair-weak-third	one-shot-pair-neighborhood	4	3.880896276882e-4
portfolio-holdout	dominant-pair-weak-third-cover-600	dominant-pair-weak-third	one-shot-pair-neighborhood	5	2.700638375126e-5
portfolio-holdout	dominant-pair-weak-third-cover-600	dominant-pair-weak-third	one-shot-pair-neighborhood	6	1.761924727131e-6
portfolio-holdout	dominant-pair-weak-third-cover-600	dominant-pair-weak-third	one-shot-pair-neighborhood	7	1.208978808661e-7
portfolio-holdout	dominant-pair-weak-third-cover-600	dominant-pair-weak-third	one-shot-pair-neighborhood	8	4.520361686622e-10
portfolio-holdout	dominant-pair-weak-third-cover-600	dominant-pair-weak-third	one-shot-pair-neighborhood	9	1.791836556711e-12
portfolio-holdout	dominant-pair-weak-third-cover-600	dominant-pair-weak-third	primary-bootstrap-final	0	1.000000000000e0
portfolio-holdout	dominant-pair-weak-third-cover-600	dominant-pair-weak-third	primary-bootstrap-final	1	7.162091701454e-3
portfolio-holdout	dominant-pair-weak-third-cover-600	dominant-pair-weak-third	primary-bootstrap-final	2	2.714986355782e-3
portfolio-holdout	dominant-pair-weak-third-cover-600	dominant-pair-weak-third	primary-bootstrap-final	3	1.795894233592e-3
portfolio-holdout	dominant-pair-weak-third-cover-600	dominant-pair-weak-third	primary-bootstrap-final	4	3.880896276882e-4
portfolio-holdout	dominant-pair-weak-third-cover-600	dominant-pair-weak-third	primary-bootstrap-final	5	2.700638375126e-5
portfolio-holdout	dominant-pair-weak-third-cover-600	dominant-pair-weak-third	primary-bootstrap-final	6	1.761924727131e-6
portfolio-holdout	dominant-pair-weak-third-cover-600	dominant-pair-weak-third	primary-bootstrap-final	7	1.208978808661e-7
portfolio-holdout	dominant-pair-weak-third-cover-600	dominant-pair-weak-third	primary-bootstrap-final	8	4.520361686622e-10
portfolio-holdout	dominant-pair-weak-third-cover-600	dominant-pair-weak-third	primary-bootstrap-final	9	1.791836556711e-12
portfolio-holdout	dominant-pair-weak-third-cover-600	dominant-pair-weak-third	portfolio-final	0	1.000000000000e0
portfolio-holdout	dominant-pair-weak-third-cover-600	dominant-pair-weak-third	portfolio-final	1	7.162091701454e-3
portfolio-holdout	dominant-pair-weak-third-cover-600	dominant-pair-weak-third	portfolio-final	2	2.714986355782e-3
portfolio-holdout	dominant-pair-weak-third-cover-600	dominant-pair-weak-third	portfolio-final	3	1.795894233592e-3
portfolio-holdout	dominant-pair-weak-third-cover-600	dominant-pair-weak-third	portfolio-final	4	3.880896276882e-4
portfolio-holdout	dominant-pair-weak-third-cover-600	dominant-pair-weak-third	portfolio-final	5	2.700638375126e-5
portfolio-holdout	dominant-pair-weak-third-cover-600	dominant-pair-weak-third	portfolio-final	6	1.761924727131e-6
portfolio-holdout	dominant-pair-weak-third-cover-600	dominant-pair-weak-third	portfolio-final	7	1.208978808661e-7
portfolio-holdout	dominant-pair-weak-third-cover-600	dominant-pair-weak-third	portfolio-final	8	4.520361686622e-10
portfolio-holdout	dominant-pair-weak-third-cover-600	dominant-pair-weak-third	portfolio-final	9	1.791836556711e-12
portfolio-holdout	dominant-pair-weak-third-cover-601	dominant-pair-weak-third	baseline-symmetric-map	0	1.000000000000e0
portfolio-holdout	dominant-pair-weak-third-cover-601	dominant-pair-weak-third	baseline-symmetric-map	1	2.687703765928e-2
portfolio-holdout	dominant-pair-weak-third-cover-601	dominant-pair-weak-third	baseline-symmetric-map	2	9.475734289718e-3
portfolio-holdout	dominant-pair-weak-third-cover-601	dominant-pair-weak-third	baseline-symmetric-map	3	5.644516537880e-3
portfolio-holdout	dominant-pair-weak-third-cover-601	dominant-pair-weak-third	baseline-symmetric-map	4	3.708732824775e-3
portfolio-holdout	dominant-pair-weak-third-cover-601	dominant-pair-weak-third	baseline-symmetric-map	5	3.621314145036e-3
portfolio-holdout	dominant-pair-weak-third-cover-601	dominant-pair-weak-third	baseline-symmetric-map	6	2.860633262848e-3
portfolio-holdout	dominant-pair-weak-third-cover-601	dominant-pair-weak-third	baseline-symmetric-map	7	5.972125905691e-4
portfolio-holdout	dominant-pair-weak-third-cover-601	dominant-pair-weak-third	baseline-symmetric-map	8	1.165769718870e-4
portfolio-holdout	dominant-pair-weak-third-cover-601	dominant-pair-weak-third	baseline-symmetric-map	9	1.273580262546e-5
portfolio-holdout	dominant-pair-weak-third-cover-601	dominant-pair-weak-third	baseline-symmetric-map	10	1.980194107236e-6
portfolio-holdout	dominant-pair-weak-third-cover-601	dominant-pair-weak-third	baseline-symmetric-map	11	4.735594207556e-8
portfolio-holdout	dominant-pair-weak-third-cover-601	dominant-pair-weak-third	baseline-symmetric-map	12	2.786158666701e-9
portfolio-holdout	dominant-pair-weak-third-cover-601	dominant-pair-weak-third	baseline-symmetric-map	13	4.209483448166e-11
portfolio-holdout	dominant-pair-weak-third-cover-601	dominant-pair-weak-third	oracle	0	1.000000000000e0
portfolio-holdout	dominant-pair-weak-third-cover-601	dominant-pair-weak-third	oracle	1	1.226581917437e-2
portfolio-holdout	dominant-pair-weak-third-cover-601	dominant-pair-weak-third	oracle	2	3.809446826525e-3
portfolio-holdout	dominant-pair-weak-third-cover-601	dominant-pair-weak-third	oracle	3	6.188951795126e-4
portfolio-holdout	dominant-pair-weak-third-cover-601	dominant-pair-weak-third	oracle	4	7.178388400251e-5
portfolio-holdout	dominant-pair-weak-third-cover-601	dominant-pair-weak-third	oracle	5	2.535827854597e-6
portfolio-holdout	dominant-pair-weak-third-cover-601	dominant-pair-weak-third	oracle	6	1.041400456651e-7
portfolio-holdout	dominant-pair-weak-third-cover-601	dominant-pair-weak-third	oracle	7	3.845693396977e-9
portfolio-holdout	dominant-pair-weak-third-cover-601	dominant-pair-weak-third	oracle	8	5.639042953448e-12
portfolio-holdout	dominant-pair-weak-third-cover-601	dominant-pair-weak-third	one-shot-pair-neighborhood	0	1.000000000000e0
portfolio-holdout	dominant-pair-weak-third-cover-601	dominant-pair-weak-third	one-shot-pair-neighborhood	1	8.027256609682e-3
portfolio-holdout	dominant-pair-weak-third-cover-601	dominant-pair-weak-third	one-shot-pair-neighborhood	2	5.586907205017e-4
portfolio-holdout	dominant-pair-weak-third-cover-601	dominant-pair-weak-third	one-shot-pair-neighborhood	3	7.459458561162e-5
portfolio-holdout	dominant-pair-weak-third-cover-601	dominant-pair-weak-third	one-shot-pair-neighborhood	4	2.205987851549e-6
portfolio-holdout	dominant-pair-weak-third-cover-601	dominant-pair-weak-third	one-shot-pair-neighborhood	5	4.195124754840e-8
portfolio-holdout	dominant-pair-weak-third-cover-601	dominant-pair-weak-third	one-shot-pair-neighborhood	6	2.137133023191e-9
portfolio-holdout	dominant-pair-weak-third-cover-601	dominant-pair-weak-third	one-shot-pair-neighborhood	7	3.465348204077e-11
portfolio-holdout	dominant-pair-weak-third-cover-601	dominant-pair-weak-third	primary-bootstrap-final	0	1.000000000000e0
portfolio-holdout	dominant-pair-weak-third-cover-601	dominant-pair-weak-third	primary-bootstrap-final	1	8.569656206728e-3
portfolio-holdout	dominant-pair-weak-third-cover-601	dominant-pair-weak-third	primary-bootstrap-final	2	3.386082450883e-3
portfolio-holdout	dominant-pair-weak-third-cover-601	dominant-pair-weak-third	primary-bootstrap-final	3	3.340422857626e-3
portfolio-holdout	dominant-pair-weak-third-cover-601	dominant-pair-weak-third	primary-bootstrap-final	4	7.597500262082e-4
portfolio-holdout	dominant-pair-weak-third-cover-601	dominant-pair-weak-third	primary-bootstrap-final	5	3.571538235204e-5
portfolio-holdout	dominant-pair-weak-third-cover-601	dominant-pair-weak-third	primary-bootstrap-final	6	1.280803693338e-6
portfolio-holdout	dominant-pair-weak-third-cover-601	dominant-pair-weak-third	primary-bootstrap-final	7	3.154442055589e-8
portfolio-holdout	dominant-pair-weak-third-cover-601	dominant-pair-weak-third	primary-bootstrap-final	8	1.063368830507e-10
portfolio-holdout	dominant-pair-weak-third-cover-601	dominant-pair-weak-third	primary-bootstrap-final	9	2.055586562169e-13
portfolio-holdout	dominant-pair-weak-third-cover-601	dominant-pair-weak-third	portfolio-final	0	1.000000000000e0
portfolio-holdout	dominant-pair-weak-third-cover-601	dominant-pair-weak-third	portfolio-final	1	8.569656206728e-3
portfolio-holdout	dominant-pair-weak-third-cover-601	dominant-pair-weak-third	portfolio-final	2	3.386082450883e-3
portfolio-holdout	dominant-pair-weak-third-cover-601	dominant-pair-weak-third	portfolio-final	3	3.340422857626e-3
portfolio-holdout	dominant-pair-weak-third-cover-601	dominant-pair-weak-third	portfolio-final	4	7.597500262082e-4
portfolio-holdout	dominant-pair-weak-third-cover-601	dominant-pair-weak-third	portfolio-final	5	3.571538235204e-5
portfolio-holdout	dominant-pair-weak-third-cover-601	dominant-pair-weak-third	portfolio-final	6	1.280803693338e-6
portfolio-holdout	dominant-pair-weak-third-cover-601	dominant-pair-weak-third	portfolio-final	7	3.154442055589e-8
portfolio-holdout	dominant-pair-weak-third-cover-601	dominant-pair-weak-third	portfolio-final	8	1.063368830507e-10
portfolio-holdout	dominant-pair-weak-third-cover-601	dominant-pair-weak-third	portfolio-final	9	2.055586562169e-13
portfolio-holdout	nearly-nested-cover-602	nearly-nested	baseline-symmetric-map	0	1.000000000000e0
portfolio-holdout	nearly-nested-cover-602	nearly-nested	baseline-symmetric-map	1	1.917085008162e-2
portfolio-holdout	nearly-nested-cover-602	nearly-nested	baseline-symmetric-map	2	6.081011483393e-3
portfolio-holdout	nearly-nested-cover-602	nearly-nested	baseline-symmetric-map	3	5.618128197435e-3
portfolio-holdout	nearly-nested-cover-602	nearly-nested	baseline-symmetric-map	4	6.394811740194e-3
portfolio-holdout	nearly-nested-cover-602	nearly-nested	baseline-symmetric-map	5	2.508487333860e-3
portfolio-holdout	nearly-nested-cover-602	nearly-nested	baseline-symmetric-map	6	3.906717289353e-3
portfolio-holdout	nearly-nested-cover-602	nearly-nested	baseline-symmetric-map	7	4.764612161779e-3
portfolio-holdout	nearly-nested-cover-602	nearly-nested	baseline-symmetric-map	8	9.650241657851e-4
portfolio-holdout	nearly-nested-cover-602	nearly-nested	baseline-symmetric-map	9	1.935981187852e-3
portfolio-holdout	nearly-nested-cover-602	nearly-nested	baseline-symmetric-map	10	8.524652087782e-4
portfolio-holdout	nearly-nested-cover-602	nearly-nested	baseline-symmetric-map	11	8.065577502909e-5
portfolio-holdout	nearly-nested-cover-602	nearly-nested	baseline-symmetric-map	12	6.630627397415e-5
portfolio-holdout	nearly-nested-cover-602	nearly-nested	baseline-symmetric-map	13	1.261522402867e-4
portfolio-holdout	nearly-nested-cover-602	nearly-nested	baseline-symmetric-map	14	9.769037823433e-6
portfolio-holdout	nearly-nested-cover-602	nearly-nested	baseline-symmetric-map	15	2.914888819657e-5
portfolio-holdout	nearly-nested-cover-602	nearly-nested	baseline-symmetric-map	16	2.951168193278e-6
portfolio-holdout	nearly-nested-cover-602	nearly-nested	baseline-symmetric-map	17	2.934580650686e-6
portfolio-holdout	nearly-nested-cover-602	nearly-nested	baseline-symmetric-map	18	1.203834312935e-6
portfolio-holdout	nearly-nested-cover-602	nearly-nested	baseline-symmetric-map	19	2.622767890853e-9
portfolio-holdout	nearly-nested-cover-602	nearly-nested	baseline-symmetric-map	20	2.126422421992e-13
portfolio-holdout	nearly-nested-cover-602	nearly-nested	oracle	0	1.000000000000e0
portfolio-holdout	nearly-nested-cover-602	nearly-nested	oracle	1	6.832387745989e-3
portfolio-holdout	nearly-nested-cover-602	nearly-nested	oracle	2	4.291787114382e-4
portfolio-holdout	nearly-nested-cover-602	nearly-nested	oracle	3	1.355852299332e-4
portfolio-holdout	nearly-nested-cover-602	nearly-nested	oracle	4	2.861211883009e-4
portfolio-holdout	nearly-nested-cover-602	nearly-nested	oracle	5	2.588767692319e-5
portfolio-holdout	nearly-nested-cover-602	nearly-nested	oracle	6	5.137974391858e-5
portfolio-holdout	nearly-nested-cover-602	nearly-nested	oracle	7	5.218119593821e-6
portfolio-holdout	nearly-nested-cover-602	nearly-nested	oracle	8	8.004773444605e-8
portfolio-holdout	nearly-nested-cover-602	nearly-nested	oracle	9	4.843045681167e-10
portfolio-holdout	nearly-nested-cover-602	nearly-nested	oracle	10	9.443212103717e-13
portfolio-holdout	nearly-nested-cover-602	nearly-nested	one-shot-pair-neighborhood	0	1.000000000000e0
portfolio-holdout	nearly-nested-cover-602	nearly-nested	one-shot-pair-neighborhood	1	4.544044969729e-3
portfolio-holdout	nearly-nested-cover-602	nearly-nested	one-shot-pair-neighborhood	2	3.678316634831e-3
portfolio-holdout	nearly-nested-cover-602	nearly-nested	one-shot-pair-neighborhood	3	3.733151831733e-3
portfolio-holdout	nearly-nested-cover-602	nearly-nested	one-shot-pair-neighborhood	4	4.975854901928e-4
portfolio-holdout	nearly-nested-cover-602	nearly-nested	one-shot-pair-neighborhood	5	1.133685416721e-3
portfolio-holdout	nearly-nested-cover-602	nearly-nested	one-shot-pair-neighborhood	6	3.602319561335e-5
portfolio-holdout	nearly-nested-cover-602	nearly-nested	one-shot-pair-neighborhood	7	4.086296408495e-5
portfolio-holdout	nearly-nested-cover-602	nearly-nested	one-shot-pair-neighborhood	8	2.875366562749e-6
portfolio-holdout	nearly-nested-cover-602	nearly-nested	one-shot-pair-neighborhood	9	9.371043479133e-8
portfolio-holdout	nearly-nested-cover-602	nearly-nested	one-shot-pair-neighborhood	10	4.601716002729e-10
portfolio-holdout	nearly-nested-cover-602	nearly-nested	one-shot-pair-neighborhood	11	7.099968443116e-13
portfolio-holdout	nearly-nested-cover-602	nearly-nested	primary-bootstrap-final	0	1.000000000000e0
portfolio-holdout	nearly-nested-cover-602	nearly-nested	primary-bootstrap-final	1	4.853248304984e-3
portfolio-holdout	nearly-nested-cover-602	nearly-nested	primary-bootstrap-final	2	6.551894688828e-3
portfolio-holdout	nearly-nested-cover-602	nearly-nested	primary-bootstrap-final	3	2.679153590095e-3
portfolio-holdout	nearly-nested-cover-602	nearly-nested	primary-bootstrap-final	4	7.033414402835e-3
portfolio-holdout	nearly-nested-cover-602	nearly-nested	primary-bootstrap-final	5	1.564329359524e-3
portfolio-holdout	nearly-nested-cover-602	nearly-nested	primary-bootstrap-final	6	2.565546405729e-3
portfolio-holdout	nearly-nested-cover-602	nearly-nested	primary-bootstrap-final	7	3.466676381507e-4
portfolio-holdout	nearly-nested-cover-602	nearly-nested	primary-bootstrap-final	8	5.789520874403e-4
portfolio-holdout	nearly-nested-cover-602	nearly-nested	primary-bootstrap-final	9	1.005166167372e-4
portfolio-holdout	nearly-nested-cover-602	nearly-nested	primary-bootstrap-final	10	6.043490432587e-5
portfolio-holdout	nearly-nested-cover-602	nearly-nested	primary-bootstrap-final	11	5.154001706268e-5
portfolio-holdout	nearly-nested-cover-602	nearly-nested	primary-bootstrap-final	12	6.126730098629e-6
portfolio-holdout	nearly-nested-cover-602	nearly-nested	primary-bootstrap-final	13	1.089560673364e-5
portfolio-holdout	nearly-nested-cover-602	nearly-nested	primary-bootstrap-final	14	2.829074238585e-8
portfolio-holdout	nearly-nested-cover-602	nearly-nested	primary-bootstrap-final	15	2.863342777687e-12
portfolio-holdout	nearly-nested-cover-602	nearly-nested	portfolio-final	0	1.000000000000e0
portfolio-holdout	nearly-nested-cover-602	nearly-nested	portfolio-final	1	4.853248304984e-3
portfolio-holdout	nearly-nested-cover-602	nearly-nested	portfolio-final	2	6.551894688828e-3
portfolio-holdout	nearly-nested-cover-602	nearly-nested	portfolio-final	3	2.679153590095e-3
portfolio-holdout	nearly-nested-cover-602	nearly-nested	portfolio-final	4	7.033414402835e-3
portfolio-holdout	nearly-nested-cover-602	nearly-nested	portfolio-final	5	1.564329359524e-3
portfolio-holdout	nearly-nested-cover-602	nearly-nested	portfolio-final	6	2.565546405729e-3
portfolio-holdout	nearly-nested-cover-602	nearly-nested	portfolio-final	7	3.466676381507e-4
portfolio-holdout	nearly-nested-cover-602	nearly-nested	portfolio-final	8	5.789520874403e-4
portfolio-holdout	nearly-nested-cover-602	nearly-nested	portfolio-final	9	1.005166167372e-4
portfolio-holdout	nearly-nested-cover-602	nearly-nested	portfolio-final	10	6.043490432587e-5
portfolio-holdout	nearly-nested-cover-602	nearly-nested	portfolio-final	11	5.154001706268e-5
portfolio-holdout	nearly-nested-cover-602	nearly-nested	portfolio-final	12	6.126730098629e-6
portfolio-holdout	nearly-nested-cover-602	nearly-nested	portfolio-final	13	1.089560673364e-5
portfolio-holdout	nearly-nested-cover-602	nearly-nested	portfolio-final	14	2.829074238585e-8
portfolio-holdout	nearly-nested-cover-602	nearly-nested	portfolio-final	15	2.863342777687e-12
portfolio-holdout	nearly-nested-cover-603	nearly-nested	baseline-symmetric-map	0	1.000000000000e0
portfolio-holdout	nearly-nested-cover-603	nearly-nested	baseline-symmetric-map	1	3.794987891539e-2
portfolio-holdout	nearly-nested-cover-603	nearly-nested	baseline-symmetric-map	2	1.381255894063e-2
portfolio-holdout	nearly-nested-cover-603	nearly-nested	baseline-symmetric-map	3	5.946114195306e-3
portfolio-holdout	nearly-nested-cover-603	nearly-nested	baseline-symmetric-map	4	6.146985422863e-3
portfolio-holdout	nearly-nested-cover-603	nearly-nested	baseline-symmetric-map	5	8.164996740822e-3
portfolio-holdout	nearly-nested-cover-603	nearly-nested	baseline-symmetric-map	6	2.868953940833e-3
portfolio-holdout	nearly-nested-cover-603	nearly-nested	baseline-symmetric-map	7	2.378176012238e-3
portfolio-holdout	nearly-nested-cover-603	nearly-nested	baseline-symmetric-map	8	5.383728214308e-3
portfolio-holdout	nearly-nested-cover-603	nearly-nested	baseline-symmetric-map	9	2.933236410668e-3
portfolio-holdout	nearly-nested-cover-603	nearly-nested	baseline-symmetric-map	10	8.181122613535e-4
portfolio-holdout	nearly-nested-cover-603	nearly-nested	baseline-symmetric-map	11	1.808125110426e-3
portfolio-holdout	nearly-nested-cover-603	nearly-nested	baseline-symmetric-map	12	6.915129311543e-4
portfolio-holdout	nearly-nested-cover-603	nearly-nested	baseline-symmetric-map	13	6.551960576829e-5
portfolio-holdout	nearly-nested-cover-603	nearly-nested	baseline-symmetric-map	14	1.483957887670e-5
portfolio-holdout	nearly-nested-cover-603	nearly-nested	baseline-symmetric-map	15	4.232598026428e-5
portfolio-holdout	nearly-nested-cover-603	nearly-nested	baseline-symmetric-map	16	7.222644457831e-6
portfolio-holdout	nearly-nested-cover-603	nearly-nested	baseline-symmetric-map	17	2.557022530795e-5
portfolio-holdout	nearly-nested-cover-603	nearly-nested	baseline-symmetric-map	18	4.646502436071e-8
portfolio-holdout	nearly-nested-cover-603	nearly-nested	baseline-symmetric-map	19	8.300740834967e-13
portfolio-holdout	nearly-nested-cover-603	nearly-nested	oracle	0	1.000000000000e0
portfolio-holdout	nearly-nested-cover-603	nearly-nested	oracle	1	1.711369271510e-2
portfolio-holdout	nearly-nested-cover-603	nearly-nested	oracle	2	3.748493647324e-3
portfolio-holdout	nearly-nested-cover-603	nearly-nested	oracle	3	1.751331331087e-4
portfolio-holdout	nearly-nested-cover-603	nearly-nested	oracle	4	1.817527183094e-5
portfolio-holdout	nearly-nested-cover-603	nearly-nested	oracle	5	1.361835200671e-6
portfolio-holdout	nearly-nested-cover-603	nearly-nested	oracle	6	3.575602198435e-8
portfolio-holdout	nearly-nested-cover-603	nearly-nested	oracle	7	2.042471628944e-9
portfolio-holdout	nearly-nested-cover-603	nearly-nested	oracle	8	1.737326589917e-11
portfolio-holdout	nearly-nested-cover-603	nearly-nested	one-shot-pair-neighborhood	0	1.000000000000e0
portfolio-holdout	nearly-nested-cover-603	nearly-nested	one-shot-pair-neighborhood	1	1.277930207529e-2
portfolio-holdout	nearly-nested-cover-603	nearly-nested	one-shot-pair-neighborhood	2	2.705799496853e-3
portfolio-holdout	nearly-nested-cover-603	nearly-nested	one-shot-pair-neighborhood	3	1.269431220731e-3
portfolio-holdout	nearly-nested-cover-603	nearly-nested	one-shot-pair-neighborhood	4	9.872681446748e-4
portfolio-holdout	nearly-nested-cover-603	nearly-nested	one-shot-pair-neighborhood	5	7.925040328005e-5
portfolio-holdout	nearly-nested-cover-603	nearly-nested	one-shot-pair-neighborhood	6	1.533885981498e-4
portfolio-holdout	nearly-nested-cover-603	nearly-nested	one-shot-pair-neighborhood	7	2.367113256310e-5
portfolio-holdout	nearly-nested-cover-603	nearly-nested	one-shot-pair-neighborhood	8	5.834380387785e-7
portfolio-holdout	nearly-nested-cover-603	nearly-nested	one-shot-pair-neighborhood	9	1.822292043446e-8
portfolio-holdout	nearly-nested-cover-603	nearly-nested	one-shot-pair-neighborhood	10	4.494463805809e-11
portfolio-holdout	nearly-nested-cover-603	nearly-nested	primary-bootstrap-final	0	1.000000000000e0
portfolio-holdout	nearly-nested-cover-603	nearly-nested	primary-bootstrap-final	1	1.277930207529e-2
portfolio-holdout	nearly-nested-cover-603	nearly-nested	primary-bootstrap-final	2	2.705799496853e-3
portfolio-holdout	nearly-nested-cover-603	nearly-nested	primary-bootstrap-final	3	1.269431220731e-3
portfolio-holdout	nearly-nested-cover-603	nearly-nested	primary-bootstrap-final	4	9.872681446748e-4
portfolio-holdout	nearly-nested-cover-603	nearly-nested	primary-bootstrap-final	5	7.925040328005e-5
portfolio-holdout	nearly-nested-cover-603	nearly-nested	primary-bootstrap-final	6	1.533885981498e-4
portfolio-holdout	nearly-nested-cover-603	nearly-nested	primary-bootstrap-final	7	2.367113256310e-5
portfolio-holdout	nearly-nested-cover-603	nearly-nested	primary-bootstrap-final	8	5.834380387785e-7
portfolio-holdout	nearly-nested-cover-603	nearly-nested	primary-bootstrap-final	9	1.822292043446e-8
portfolio-holdout	nearly-nested-cover-603	nearly-nested	primary-bootstrap-final	10	4.494463805809e-11
portfolio-holdout	nearly-nested-cover-603	nearly-nested	portfolio-final	0	1.000000000000e0
portfolio-holdout	nearly-nested-cover-603	nearly-nested	portfolio-final	1	1.277930207529e-2
portfolio-holdout	nearly-nested-cover-603	nearly-nested	portfolio-final	2	2.705799496853e-3
portfolio-holdout	nearly-nested-cover-603	nearly-nested	portfolio-final	3	1.269431220731e-3
portfolio-holdout	nearly-nested-cover-603	nearly-nested	portfolio-final	4	9.872681446748e-4
portfolio-holdout	nearly-nested-cover-603	nearly-nested	portfolio-final	5	7.925040328005e-5
portfolio-holdout	nearly-nested-cover-603	nearly-nested	portfolio-final	6	1.533885981498e-4
portfolio-holdout	nearly-nested-cover-603	nearly-nested	portfolio-final	7	2.367113256310e-5
portfolio-holdout	nearly-nested-cover-603	nearly-nested	portfolio-final	8	5.834380387785e-7
portfolio-holdout	nearly-nested-cover-603	nearly-nested	portfolio-final	9	1.822292043446e-8
portfolio-holdout	nearly-nested-cover-603	nearly-nested	portfolio-final	10	4.494463805809e-11
portfolio-holdout	weak-chain-cover-604	weak-chain	baseline-symmetric-map	0	1.000000000000e0
portfolio-holdout	weak-chain-cover-604	weak-chain	baseline-symmetric-map	1	1.703119608205e-2
portfolio-holdout	weak-chain-cover-604	weak-chain	baseline-symmetric-map	2	1.110116179903e-2
portfolio-holdout	weak-chain-cover-604	weak-chain	baseline-symmetric-map	3	8.275517607086e-3
portfolio-holdout	weak-chain-cover-604	weak-chain	baseline-symmetric-map	4	6.485745053926e-3
portfolio-holdout	weak-chain-cover-604	weak-chain	baseline-symmetric-map	5	3.914634720673e-3
portfolio-holdout	weak-chain-cover-604	weak-chain	baseline-symmetric-map	6	2.250867973401e-3
portfolio-holdout	weak-chain-cover-604	weak-chain	baseline-symmetric-map	7	1.487546055335e-3
portfolio-holdout	weak-chain-cover-604	weak-chain	baseline-symmetric-map	8	8.040046821463e-4
portfolio-holdout	weak-chain-cover-604	weak-chain	baseline-symmetric-map	9	6.234862590522e-4
portfolio-holdout	weak-chain-cover-604	weak-chain	baseline-symmetric-map	10	5.683757643333e-4
portfolio-holdout	weak-chain-cover-604	weak-chain	baseline-symmetric-map	11	5.055155553017e-4
portfolio-holdout	weak-chain-cover-604	weak-chain	baseline-symmetric-map	12	1.834817585099e-3
portfolio-holdout	weak-chain-cover-604	weak-chain	baseline-symmetric-map	13	2.868983944128e-4
portfolio-holdout	weak-chain-cover-604	weak-chain	baseline-symmetric-map	14	3.055157113322e-4
portfolio-holdout	weak-chain-cover-604	weak-chain	baseline-symmetric-map	15	1.596368391863e-4
portfolio-holdout	weak-chain-cover-604	weak-chain	baseline-symmetric-map	16	8.491884541345e-5
portfolio-holdout	weak-chain-cover-604	weak-chain	baseline-symmetric-map	17	3.736170964935e-5
portfolio-holdout	weak-chain-cover-604	weak-chain	baseline-symmetric-map	18	4.039241381510e-5
portfolio-holdout	weak-chain-cover-604	weak-chain	baseline-symmetric-map	19	4.144227226324e-5
portfolio-holdout	weak-chain-cover-604	weak-chain	baseline-symmetric-map	20	2.315333143424e-4
portfolio-holdout	weak-chain-cover-604	weak-chain	baseline-symmetric-map	21	3.816554441658e-5
portfolio-holdout	weak-chain-cover-604	weak-chain	baseline-symmetric-map	22	1.429750355952e-5
portfolio-holdout	weak-chain-cover-604	weak-chain	baseline-symmetric-map	23	6.725620878801e-6
portfolio-holdout	weak-chain-cover-604	weak-chain	baseline-symmetric-map	24	2.967221291325e-6
portfolio-holdout	weak-chain-cover-604	weak-chain	baseline-symmetric-map	25	3.755694865705e-6
portfolio-holdout	weak-chain-cover-604	weak-chain	baseline-symmetric-map	26	1.676529362079e-8
portfolio-holdout	weak-chain-cover-604	weak-chain	baseline-symmetric-map	27	2.131156154490e-8
portfolio-holdout	weak-chain-cover-604	weak-chain	baseline-symmetric-map	28	6.289581398568e-10
portfolio-holdout	weak-chain-cover-604	weak-chain	baseline-symmetric-map	29	1.892913455935e-11
portfolio-holdout	weak-chain-cover-604	weak-chain	oracle	0	1.000000000000e0
portfolio-holdout	weak-chain-cover-604	weak-chain	oracle	1	1.180384979452e-2
portfolio-holdout	weak-chain-cover-604	weak-chain	oracle	2	5.334697536308e-3
portfolio-holdout	weak-chain-cover-604	weak-chain	oracle	3	2.285268284535e-3
portfolio-holdout	weak-chain-cover-604	weak-chain	oracle	4	2.049209888982e-3
portfolio-holdout	weak-chain-cover-604	weak-chain	oracle	5	1.194877353851e-3
portfolio-holdout	weak-chain-cover-604	weak-chain	oracle	6	5.809428490171e-4
portfolio-holdout	weak-chain-cover-604	weak-chain	oracle	7	4.630063623096e-4
portfolio-holdout	weak-chain-cover-604	weak-chain	oracle	8	5.256149730580e-4
portfolio-holdout	weak-chain-cover-604	weak-chain	oracle	9	4.634615608430e-4
portfolio-holdout	weak-chain-cover-604	weak-chain	oracle	10	2.774853566558e-4
portfolio-holdout	weak-chain-cover-604	weak-chain	oracle	11	1.142622831387e-4
portfolio-holdout	weak-chain-cover-604	weak-chain	oracle	12	1.188085001856e-4
portfolio-holdout	weak-chain-cover-604	weak-chain	oracle	13	2.135734832254e-4
portfolio-holdout	weak-chain-cover-604	weak-chain	oracle	14	1.338408325713e-4
portfolio-holdout	weak-chain-cover-604	weak-chain	oracle	15	1.599394293536e-4
portfolio-holdout	weak-chain-cover-604	weak-chain	oracle	16	3.324463212568e-5
portfolio-holdout	weak-chain-cover-604	weak-chain	oracle	17	3.198468441681e-6
portfolio-holdout	weak-chain-cover-604	weak-chain	oracle	18	8.335669640923e-10
portfolio-holdout	weak-chain-cover-604	weak-chain	oracle	19	2.613823135304e-13
portfolio-holdout	weak-chain-cover-604	weak-chain	one-shot-pair-neighborhood	0	1.000000000000e0
portfolio-holdout	weak-chain-cover-604	weak-chain	one-shot-pair-neighborhood	1	1.428616189945e-2
portfolio-holdout	weak-chain-cover-604	weak-chain	one-shot-pair-neighborhood	2	6.370468018769e-3
portfolio-holdout	weak-chain-cover-604	weak-chain	one-shot-pair-neighborhood	3	4.230897131099e-3
portfolio-holdout	weak-chain-cover-604	weak-chain	one-shot-pair-neighborhood	4	3.199879020228e-3
portfolio-holdout	weak-chain-cover-604	weak-chain	one-shot-pair-neighborhood	5	1.854104392551e-3
portfolio-holdout	weak-chain-cover-604	weak-chain	one-shot-pair-neighborhood	6	1.034824159407e-3
portfolio-holdout	weak-chain-cover-604	weak-chain	one-shot-pair-neighborhood	7	4.746446030282e-4
portfolio-holdout	weak-chain-cover-604	weak-chain	one-shot-pair-neighborhood	8	2.582064033225e-4
portfolio-holdout	weak-chain-cover-604	weak-chain	one-shot-pair-neighborhood	9	3.061993015325e-4
portfolio-holdout	weak-chain-cover-604	weak-chain	one-shot-pair-neighborhood	10	2.972065957684e-4
portfolio-holdout	weak-chain-cover-604	weak-chain	one-shot-pair-neighborhood	11	2.240148919228e-4
portfolio-holdout	weak-chain-cover-604	weak-chain	one-shot-pair-neighborhood	12	2.261057202141e-4
portfolio-holdout	weak-chain-cover-604	weak-chain	one-shot-pair-neighborhood	13	1.167193400833e-4
portfolio-holdout	weak-chain-cover-604	weak-chain	one-shot-pair-neighborhood	14	4.581413524012e-5
portfolio-holdout	weak-chain-cover-604	weak-chain	one-shot-pair-neighborhood	15	3.673006733374e-5
portfolio-holdout	weak-chain-cover-604	weak-chain	one-shot-pair-neighborhood	16	2.644566568276e-5
portfolio-holdout	weak-chain-cover-604	weak-chain	one-shot-pair-neighborhood	17	2.008472743575e-5
portfolio-holdout	weak-chain-cover-604	weak-chain	one-shot-pair-neighborhood	18	6.830253410330e-6
portfolio-holdout	weak-chain-cover-604	weak-chain	one-shot-pair-neighborhood	19	6.393790442067e-6
portfolio-holdout	weak-chain-cover-604	weak-chain	one-shot-pair-neighborhood	20	2.259683053912e-13
portfolio-holdout	planted-communities-cover-605	planted-communities	baseline-symmetric-map	0	1.000000000000e0
portfolio-holdout	planted-communities-cover-605	planted-communities	baseline-symmetric-map	1	1.944663523917e-2
portfolio-holdout	planted-communities-cover-605	planted-communities	baseline-symmetric-map	2	2.063416088656e-2
portfolio-holdout	planted-communities-cover-605	planted-communities	baseline-symmetric-map	3	1.217169460402e-2
portfolio-holdout	planted-communities-cover-605	planted-communities	baseline-symmetric-map	4	5.463294904652e-3
portfolio-holdout	planted-communities-cover-605	planted-communities	baseline-symmetric-map	5	7.384741476943e-3
portfolio-holdout	planted-communities-cover-605	planted-communities	baseline-symmetric-map	6	1.119979720676e-3
portfolio-holdout	planted-communities-cover-605	planted-communities	baseline-symmetric-map	7	8.720262022366e-5
portfolio-holdout	planted-communities-cover-605	planted-communities	baseline-symmetric-map	8	2.468201940496e-5
portfolio-holdout	planted-communities-cover-605	planted-communities	baseline-symmetric-map	9	2.859661929418e-5
portfolio-holdout	planted-communities-cover-605	planted-communities	baseline-symmetric-map	10	1.669467554007e-6
portfolio-holdout	planted-communities-cover-605	planted-communities	baseline-symmetric-map	11	2.903246728158e-9
portfolio-holdout	planted-communities-cover-605	planted-communities	baseline-symmetric-map	12	1.610156613805e-11
portfolio-holdout	planted-communities-cover-605	planted-communities	oracle	0	1.000000000000e0
portfolio-holdout	planted-communities-cover-605	planted-communities	oracle	1	4.027774018453e-3
portfolio-holdout	planted-communities-cover-605	planted-communities	oracle	2	9.878234260820e-4
portfolio-holdout	planted-communities-cover-605	planted-communities	oracle	3	4.186575791737e-4
portfolio-holdout	planted-communities-cover-605	planted-communities	oracle	4	4.787675883346e-6
portfolio-holdout	planted-communities-cover-605	planted-communities	oracle	5	5.652318533374e-8
portfolio-holdout	planted-communities-cover-605	planted-communities	oracle	6	5.971664928338e-10
portfolio-holdout	planted-communities-cover-605	planted-communities	oracle	7	7.661784747728e-13
portfolio-holdout	planted-communities-cover-605	planted-communities	one-shot-pair-neighborhood	0	1.000000000000e0
portfolio-holdout	planted-communities-cover-605	planted-communities	one-shot-pair-neighborhood	1	4.022850485218e-3
portfolio-holdout	planted-communities-cover-605	planted-communities	one-shot-pair-neighborhood	2	9.882128351638e-4
portfolio-holdout	planted-communities-cover-605	planted-communities	one-shot-pair-neighborhood	3	4.170866326112e-4
portfolio-holdout	planted-communities-cover-605	planted-communities	one-shot-pair-neighborhood	4	4.757710112038e-6
portfolio-holdout	planted-communities-cover-605	planted-communities	one-shot-pair-neighborhood	5	5.231912463927e-8
portfolio-holdout	planted-communities-cover-605	planted-communities	one-shot-pair-neighborhood	6	3.089285805402e-10
portfolio-holdout	planted-communities-cover-605	planted-communities	one-shot-pair-neighborhood	7	6.629936282503e-13
portfolio-holdout	planted-communities-cover-605	planted-communities	primary-bootstrap-final	0	1.000000000000e0
portfolio-holdout	planted-communities-cover-605	planted-communities	primary-bootstrap-final	1	1.448400492102e-2
portfolio-holdout	planted-communities-cover-605	planted-communities	primary-bootstrap-final	2	6.411993031420e-3
portfolio-holdout	planted-communities-cover-605	planted-communities	primary-bootstrap-final	3	6.932104477302e-3
portfolio-holdout	planted-communities-cover-605	planted-communities	primary-bootstrap-final	4	8.971322485663e-4
portfolio-holdout	planted-communities-cover-605	planted-communities	primary-bootstrap-final	5	5.200451190118e-4
portfolio-holdout	planted-communities-cover-605	planted-communities	primary-bootstrap-final	6	8.849511172158e-6
portfolio-holdout	planted-communities-cover-605	planted-communities	primary-bootstrap-final	7	3.326936137598e-8
portfolio-holdout	planted-communities-cover-605	planted-communities	primary-bootstrap-final	8	3.164658160551e-10
portfolio-holdout	planted-communities-cover-605	planted-communities	primary-bootstrap-final	9	9.460263248726e-14
portfolio-holdout	planted-communities-cover-605	planted-communities	portfolio-final	0	1.000000000000e0
portfolio-holdout	planted-communities-cover-605	planted-communities	portfolio-final	1	1.448400492102e-2
portfolio-holdout	planted-communities-cover-605	planted-communities	portfolio-final	2	6.411993031420e-3
portfolio-holdout	planted-communities-cover-605	planted-communities	portfolio-final	3	6.932104477302e-3
portfolio-holdout	planted-communities-cover-605	planted-communities	portfolio-final	4	8.971322485663e-4
portfolio-holdout	planted-communities-cover-605	planted-communities	portfolio-final	5	5.200451190118e-4
portfolio-holdout	planted-communities-cover-605	planted-communities	portfolio-final	6	8.849511172158e-6
portfolio-holdout	planted-communities-cover-605	planted-communities	portfolio-final	7	3.326936137598e-8
portfolio-holdout	planted-communities-cover-605	planted-communities	portfolio-final	8	3.164658160551e-10
portfolio-holdout	planted-communities-cover-605	planted-communities	portfolio-final	9	9.460263248726e-14
portfolio-holdout	hub-power-law-cover-606	hub-power-law	baseline-symmetric-map	0	1.000000000000e0
portfolio-holdout	hub-power-law-cover-606	hub-power-law	baseline-symmetric-map	1	2.687396550832e-2
portfolio-holdout	hub-power-law-cover-606	hub-power-law	baseline-symmetric-map	2	4.409667066048e-3
portfolio-holdout	hub-power-law-cover-606	hub-power-law	baseline-symmetric-map	3	3.193532729765e-4
portfolio-holdout	hub-power-law-cover-606	hub-power-law	baseline-symmetric-map	4	3.658359042081e-5
portfolio-holdout	hub-power-law-cover-606	hub-power-law	baseline-symmetric-map	5	3.643558245335e-6
portfolio-holdout	hub-power-law-cover-606	hub-power-law	baseline-symmetric-map	6	2.405195393844e-7
portfolio-holdout	hub-power-law-cover-606	hub-power-law	baseline-symmetric-map	7	1.656783409651e-8
portfolio-holdout	hub-power-law-cover-606	hub-power-law	baseline-symmetric-map	8	6.845383255732e-10
portfolio-holdout	hub-power-law-cover-606	hub-power-law	baseline-symmetric-map	9	5.568622269050e-11
portfolio-holdout	hub-power-law-cover-606	hub-power-law	oracle	0	1.000000000000e0
portfolio-holdout	hub-power-law-cover-606	hub-power-law	oracle	1	1.104339740760e-3
portfolio-holdout	hub-power-law-cover-606	hub-power-law	oracle	2	6.112695712483e-5
portfolio-holdout	hub-power-law-cover-606	hub-power-law	oracle	3	1.710156814780e-6
portfolio-holdout	hub-power-law-cover-606	hub-power-law	oracle	4	2.552271571189e-8
portfolio-holdout	hub-power-law-cover-606	hub-power-law	oracle	5	1.070719795589e-10
portfolio-holdout	hub-power-law-cover-606	hub-power-law	oracle	6	4.629403857503e-13
portfolio-holdout	hub-power-law-cover-606	hub-power-law	one-shot-pair-neighborhood	0	1.000000000000e0
portfolio-holdout	hub-power-law-cover-606	hub-power-law	one-shot-pair-neighborhood	1	7.133800274454e-4
portfolio-holdout	hub-power-law-cover-606	hub-power-law	one-shot-pair-neighborhood	2	1.324934586972e-5
portfolio-holdout	hub-power-law-cover-606	hub-power-law	one-shot-pair-neighborhood	3	2.473889419277e-7
portfolio-holdout	hub-power-law-cover-606	hub-power-law	one-shot-pair-neighborhood	4	5.960367776090e-9
portfolio-holdout	hub-power-law-cover-606	hub-power-law	one-shot-pair-neighborhood	5	1.213709918522e-11
portfolio-holdout	hub-power-law-cover-606	hub-power-law	primary-bootstrap-final	0	1.000000000000e0
portfolio-holdout	hub-power-law-cover-606	hub-power-law	primary-bootstrap-final	1	3.252955094992e-4
portfolio-holdout	hub-power-law-cover-606	hub-power-law	primary-bootstrap-final	2	1.409800450961e-5
portfolio-holdout	hub-power-law-cover-606	hub-power-law	primary-bootstrap-final	3	1.977210311098e-7
portfolio-holdout	hub-power-law-cover-606	hub-power-law	primary-bootstrap-final	4	1.549048213564e-9
portfolio-holdout	hub-power-law-cover-606	hub-power-law	primary-bootstrap-final	5	1.893641131456e-11
portfolio-holdout	hub-power-law-cover-606	hub-power-law	portfolio-final	0	1.000000000000e0
portfolio-holdout	hub-power-law-cover-606	hub-power-law	portfolio-final	1	3.252955094992e-4
portfolio-holdout	hub-power-law-cover-606	hub-power-law	portfolio-final	2	1.409800450961e-5
portfolio-holdout	hub-power-law-cover-606	hub-power-law	portfolio-final	3	1.977210311098e-7
portfolio-holdout	hub-power-law-cover-606	hub-power-law	portfolio-final	4	1.549048213564e-9
portfolio-holdout	hub-power-law-cover-606	hub-power-law	portfolio-final	5	1.893641131456e-11
portfolio-holdout	weight-dynamic-range-cover-607	weight-dynamic-range	baseline-symmetric-map	0	1.000000000000e0
portfolio-holdout	weight-dynamic-range-cover-607	weight-dynamic-range	baseline-symmetric-map	1	1.144853912437e-2
portfolio-holdout	weight-dynamic-range-cover-607	weight-dynamic-range	baseline-symmetric-map	2	7.091844494620e-3
portfolio-holdout	weight-dynamic-range-cover-607	weight-dynamic-range	baseline-symmetric-map	3	3.616202231985e-3
portfolio-holdout	weight-dynamic-range-cover-607	weight-dynamic-range	baseline-symmetric-map	4	1.446792317001e-3
portfolio-holdout	weight-dynamic-range-cover-607	weight-dynamic-range	baseline-symmetric-map	5	2.676719641522e-4
portfolio-holdout	weight-dynamic-range-cover-607	weight-dynamic-range	baseline-symmetric-map	6	2.038157747485e-4
portfolio-holdout	weight-dynamic-range-cover-607	weight-dynamic-range	baseline-symmetric-map	7	2.518250432744e-4
portfolio-holdout	weight-dynamic-range-cover-607	weight-dynamic-range	baseline-symmetric-map	8	2.863456310841e-4
portfolio-holdout	weight-dynamic-range-cover-607	weight-dynamic-range	baseline-symmetric-map	9	7.369863947896e-5
portfolio-holdout	weight-dynamic-range-cover-607	weight-dynamic-range	baseline-symmetric-map	10	2.613672208488e-5
portfolio-holdout	weight-dynamic-range-cover-607	weight-dynamic-range	baseline-symmetric-map	11	1.812647301888e-5
portfolio-holdout	weight-dynamic-range-cover-607	weight-dynamic-range	baseline-symmetric-map	12	2.516265161647e-5
portfolio-holdout	weight-dynamic-range-cover-607	weight-dynamic-range	baseline-symmetric-map	13	5.693654545467e-5
portfolio-holdout	weight-dynamic-range-cover-607	weight-dynamic-range	baseline-symmetric-map	14	2.510305559697e-5
portfolio-holdout	weight-dynamic-range-cover-607	weight-dynamic-range	baseline-symmetric-map	15	2.773989942527e-5
portfolio-holdout	weight-dynamic-range-cover-607	weight-dynamic-range	baseline-symmetric-map	16	9.661771682247e-6
portfolio-holdout	weight-dynamic-range-cover-607	weight-dynamic-range	baseline-symmetric-map	17	4.774086025995e-6
portfolio-holdout	weight-dynamic-range-cover-607	weight-dynamic-range	baseline-symmetric-map	18	5.042553073094e-6
portfolio-holdout	weight-dynamic-range-cover-607	weight-dynamic-range	baseline-symmetric-map	19	4.706871940743e-5
portfolio-holdout	weight-dynamic-range-cover-607	weight-dynamic-range	baseline-symmetric-map	20	1.043762696617e-6
portfolio-holdout	weight-dynamic-range-cover-607	weight-dynamic-range	baseline-symmetric-map	21	1.988262617117e-5
portfolio-holdout	weight-dynamic-range-cover-607	weight-dynamic-range	baseline-symmetric-map	22	6.126622946554e-6
portfolio-holdout	weight-dynamic-range-cover-607	weight-dynamic-range	baseline-symmetric-map	23	5.007124156426e-5
portfolio-holdout	weight-dynamic-range-cover-607	weight-dynamic-range	baseline-symmetric-map	24	6.524680195078e-7
portfolio-holdout	weight-dynamic-range-cover-607	weight-dynamic-range	baseline-symmetric-map	25	8.489350998309e-7
portfolio-holdout	weight-dynamic-range-cover-607	weight-dynamic-range	baseline-symmetric-map	26	3.722908661306e-7
portfolio-holdout	weight-dynamic-range-cover-607	weight-dynamic-range	baseline-symmetric-map	27	1.153102751878e-6
portfolio-holdout	weight-dynamic-range-cover-607	weight-dynamic-range	baseline-symmetric-map	28	3.287369077360e-7
portfolio-holdout	weight-dynamic-range-cover-607	weight-dynamic-range	baseline-symmetric-map	29	4.551377157953e-7
portfolio-holdout	weight-dynamic-range-cover-607	weight-dynamic-range	baseline-symmetric-map	30	1.577870119834e-6
portfolio-holdout	weight-dynamic-range-cover-607	weight-dynamic-range	baseline-symmetric-map	31	2.411812872003e-7
portfolio-holdout	weight-dynamic-range-cover-607	weight-dynamic-range	baseline-symmetric-map	32	6.686292101376e-7
portfolio-holdout	weight-dynamic-range-cover-607	weight-dynamic-range	baseline-symmetric-map	33	7.330872860784e-7
portfolio-holdout	weight-dynamic-range-cover-607	weight-dynamic-range	baseline-symmetric-map	34	6.119425110664e-6
portfolio-holdout	weight-dynamic-range-cover-607	weight-dynamic-range	baseline-symmetric-map	35	6.577994550476e-8
portfolio-holdout	weight-dynamic-range-cover-607	weight-dynamic-range	baseline-symmetric-map	36	8.018847594853e-8
portfolio-holdout	weight-dynamic-range-cover-607	weight-dynamic-range	baseline-symmetric-map	37	7.008601906350e-8
portfolio-holdout	weight-dynamic-range-cover-607	weight-dynamic-range	baseline-symmetric-map	38	4.997680943632e-8
portfolio-holdout	weight-dynamic-range-cover-607	weight-dynamic-range	baseline-symmetric-map	39	4.859933576513e-8
portfolio-holdout	weight-dynamic-range-cover-607	weight-dynamic-range	baseline-symmetric-map	40	4.912525891790e-8
portfolio-holdout	weight-dynamic-range-cover-607	weight-dynamic-range	baseline-symmetric-map	41	7.827576377223e-8
portfolio-holdout	weight-dynamic-range-cover-607	weight-dynamic-range	baseline-symmetric-map	42	3.512813342587e-7
portfolio-holdout	weight-dynamic-range-cover-607	weight-dynamic-range	baseline-symmetric-map	43	1.660751851160e-7
portfolio-holdout	weight-dynamic-range-cover-607	weight-dynamic-range	baseline-symmetric-map	44	2.098568510222e-6
portfolio-holdout	weight-dynamic-range-cover-607	weight-dynamic-range	baseline-symmetric-map	45	1.769848622370e-7
portfolio-holdout	weight-dynamic-range-cover-607	weight-dynamic-range	baseline-symmetric-map	46	2.465361567830e-8
portfolio-holdout	weight-dynamic-range-cover-607	weight-dynamic-range	baseline-symmetric-map	47	1.875767134294e-8
portfolio-holdout	weight-dynamic-range-cover-607	weight-dynamic-range	baseline-symmetric-map	48	2.602683850333e-8
portfolio-holdout	weight-dynamic-range-cover-607	weight-dynamic-range	baseline-symmetric-map	49	1.448394280343e-8
portfolio-holdout	weight-dynamic-range-cover-607	weight-dynamic-range	baseline-symmetric-map	50	5.885432021043e-8
portfolio-holdout	weight-dynamic-range-cover-607	weight-dynamic-range	baseline-symmetric-map	51	2.852635235305e-8
portfolio-holdout	weight-dynamic-range-cover-607	weight-dynamic-range	baseline-symmetric-map	52	9.110448080306e-8
portfolio-holdout	weight-dynamic-range-cover-607	weight-dynamic-range	baseline-symmetric-map	53	3.938134863686e-8
portfolio-holdout	weight-dynamic-range-cover-607	weight-dynamic-range	baseline-symmetric-map	54	2.482661279472e-7
portfolio-holdout	weight-dynamic-range-cover-607	weight-dynamic-range	baseline-symmetric-map	55	4.105122455707e-7
portfolio-holdout	weight-dynamic-range-cover-607	weight-dynamic-range	baseline-symmetric-map	56	1.157332794428e-7
portfolio-holdout	weight-dynamic-range-cover-607	weight-dynamic-range	baseline-symmetric-map	57	1.221099697134e-8
portfolio-holdout	weight-dynamic-range-cover-607	weight-dynamic-range	baseline-symmetric-map	58	1.517541648082e-9
portfolio-holdout	weight-dynamic-range-cover-607	weight-dynamic-range	baseline-symmetric-map	59	1.253715868174e-11
portfolio-holdout	weight-dynamic-range-cover-607	weight-dynamic-range	oracle	0	1.000000000000e0
portfolio-holdout	weight-dynamic-range-cover-607	weight-dynamic-range	oracle	1	1.403068394349e-3
portfolio-holdout	weight-dynamic-range-cover-607	weight-dynamic-range	oracle	2	5.878013697828e-4
portfolio-holdout	weight-dynamic-range-cover-607	weight-dynamic-range	oracle	3	1.203706186036e-4
portfolio-holdout	weight-dynamic-range-cover-607	weight-dynamic-range	oracle	4	1.118968962759e-4
portfolio-holdout	weight-dynamic-range-cover-607	weight-dynamic-range	oracle	5	2.025769643572e-5
portfolio-holdout	weight-dynamic-range-cover-607	weight-dynamic-range	oracle	6	2.182403083709e-5
portfolio-holdout	weight-dynamic-range-cover-607	weight-dynamic-range	oracle	7	4.952393852537e-6
portfolio-holdout	weight-dynamic-range-cover-607	weight-dynamic-range	oracle	8	4.737107926884e-6
portfolio-holdout	weight-dynamic-range-cover-607	weight-dynamic-range	oracle	9	2.893062398529e-6
portfolio-holdout	weight-dynamic-range-cover-607	weight-dynamic-range	oracle	10	2.864981628450e-6
portfolio-holdout	weight-dynamic-range-cover-607	weight-dynamic-range	oracle	11	1.715670382624e-6
portfolio-holdout	weight-dynamic-range-cover-607	weight-dynamic-range	oracle	12	1.215063494269e-6
portfolio-holdout	weight-dynamic-range-cover-607	weight-dynamic-range	oracle	13	1.195690855242e-5
portfolio-holdout	weight-dynamic-range-cover-607	weight-dynamic-range	oracle	14	5.043685312047e-7
portfolio-holdout	weight-dynamic-range-cover-607	weight-dynamic-range	oracle	15	5.041225397811e-7
portfolio-holdout	weight-dynamic-range-cover-607	weight-dynamic-range	oracle	16	8.735278664135e-6
portfolio-holdout	weight-dynamic-range-cover-607	weight-dynamic-range	oracle	17	1.264179903999e-6
portfolio-holdout	weight-dynamic-range-cover-607	weight-dynamic-range	oracle	18	1.150455944966e-6
portfolio-holdout	weight-dynamic-range-cover-607	weight-dynamic-range	oracle	19	1.254594164355e-7
portfolio-holdout	weight-dynamic-range-cover-607	weight-dynamic-range	oracle	20	1.260712913417e-7
portfolio-holdout	weight-dynamic-range-cover-607	weight-dynamic-range	oracle	21	7.724770801237e-8
portfolio-holdout	weight-dynamic-range-cover-607	weight-dynamic-range	oracle	22	4.493865073113e-8
portfolio-holdout	weight-dynamic-range-cover-607	weight-dynamic-range	oracle	23	4.790515904004e-8
portfolio-holdout	weight-dynamic-range-cover-607	weight-dynamic-range	oracle	24	3.645210248496e-7
portfolio-holdout	weight-dynamic-range-cover-607	weight-dynamic-range	oracle	25	9.861391122609e-8
portfolio-holdout	weight-dynamic-range-cover-607	weight-dynamic-range	oracle	26	1.014701070898e-6
portfolio-holdout	weight-dynamic-range-cover-607	weight-dynamic-range	oracle	27	9.273205737904e-7
portfolio-holdout	weight-dynamic-range-cover-607	weight-dynamic-range	oracle	28	4.207738028413e-8
portfolio-holdout	weight-dynamic-range-cover-607	weight-dynamic-range	oracle	29	4.068566733117e-8
portfolio-holdout	weight-dynamic-range-cover-607	weight-dynamic-range	oracle	30	1.318387757444e-8
portfolio-holdout	weight-dynamic-range-cover-607	weight-dynamic-range	oracle	31	5.631062046119e-8
portfolio-holdout	weight-dynamic-range-cover-607	weight-dynamic-range	oracle	32	3.720674613261e-8
portfolio-holdout	weight-dynamic-range-cover-607	weight-dynamic-range	oracle	33	1.350457196000e-12
portfolio-holdout	weight-dynamic-range-cover-607	weight-dynamic-range	one-shot-pair-neighborhood	0	1.000000000000e0
portfolio-holdout	weight-dynamic-range-cover-607	weight-dynamic-range	one-shot-pair-neighborhood	1	7.223859926173e-3
portfolio-holdout	weight-dynamic-range-cover-607	weight-dynamic-range	one-shot-pair-neighborhood	2	4.099297350232e-4
portfolio-holdout	weight-dynamic-range-cover-607	weight-dynamic-range	one-shot-pair-neighborhood	3	3.706773393665e-4
portfolio-holdout	weight-dynamic-range-cover-607	weight-dynamic-range	one-shot-pair-neighborhood	4	2.420745628370e-4
portfolio-holdout	weight-dynamic-range-cover-607	weight-dynamic-range	one-shot-pair-neighborhood	5	1.193153197935e-4
portfolio-holdout	weight-dynamic-range-cover-607	weight-dynamic-range	one-shot-pair-neighborhood	6	2.961653540124e-5
portfolio-holdout	weight-dynamic-range-cover-607	weight-dynamic-range	one-shot-pair-neighborhood	7	1.730657671359e-5
portfolio-holdout	weight-dynamic-range-cover-607	weight-dynamic-range	one-shot-pair-neighborhood	8	1.623637070572e-5
portfolio-holdout	weight-dynamic-range-cover-607	weight-dynamic-range	one-shot-pair-neighborhood	9	1.039068917718e-5
portfolio-holdout	weight-dynamic-range-cover-607	weight-dynamic-range	one-shot-pair-neighborhood	10	8.105079084696e-5
portfolio-holdout	weight-dynamic-range-cover-607	weight-dynamic-range	one-shot-pair-neighborhood	11	3.152838343475e-6
portfolio-holdout	weight-dynamic-range-cover-607	weight-dynamic-range	one-shot-pair-neighborhood	12	3.160162062020e-6
portfolio-holdout	weight-dynamic-range-cover-607	weight-dynamic-range	one-shot-pair-neighborhood	13	1.245958250090e-6
portfolio-holdout	weight-dynamic-range-cover-607	weight-dynamic-range	one-shot-pair-neighborhood	14	6.568554799125e-6
portfolio-holdout	weight-dynamic-range-cover-607	weight-dynamic-range	one-shot-pair-neighborhood	15	5.881990512174e-6
portfolio-holdout	weight-dynamic-range-cover-607	weight-dynamic-range	one-shot-pair-neighborhood	16	5.662297050335e-7
portfolio-holdout	weight-dynamic-range-cover-607	weight-dynamic-range	one-shot-pair-neighborhood	17	4.490972603548e-7
portfolio-holdout	weight-dynamic-range-cover-607	weight-dynamic-range	one-shot-pair-neighborhood	18	7.123952705478e-7
portfolio-holdout	weight-dynamic-range-cover-607	weight-dynamic-range	one-shot-pair-neighborhood	19	2.705347171024e-7
portfolio-holdout	weight-dynamic-range-cover-607	weight-dynamic-range	one-shot-pair-neighborhood	20	2.656671180749e-7
portfolio-holdout	weight-dynamic-range-cover-607	weight-dynamic-range	one-shot-pair-neighborhood	21	1.775838641078e-6
portfolio-holdout	weight-dynamic-range-cover-607	weight-dynamic-range	one-shot-pair-neighborhood	22	1.187175216936e-6
portfolio-holdout	weight-dynamic-range-cover-607	weight-dynamic-range	one-shot-pair-neighborhood	23	9.592325377719e-7
portfolio-holdout	weight-dynamic-range-cover-607	weight-dynamic-range	one-shot-pair-neighborhood	24	2.260726899149e-7
portfolio-holdout	weight-dynamic-range-cover-607	weight-dynamic-range	one-shot-pair-neighborhood	25	2.043189947283e-7
portfolio-holdout	weight-dynamic-range-cover-607	weight-dynamic-range	one-shot-pair-neighborhood	26	3.731662120100e-6
portfolio-holdout	weight-dynamic-range-cover-607	weight-dynamic-range	one-shot-pair-neighborhood	27	2.556814923044e-6
portfolio-holdout	weight-dynamic-range-cover-607	weight-dynamic-range	one-shot-pair-neighborhood	28	2.447231520584e-7
portfolio-holdout	weight-dynamic-range-cover-607	weight-dynamic-range	one-shot-pair-neighborhood	29	1.041378657044e-7
portfolio-holdout	weight-dynamic-range-cover-607	weight-dynamic-range	one-shot-pair-neighborhood	30	8.394505682077e-11
portfolio-holdout	weight-dynamic-range-cover-607	weight-dynamic-range	primary-bootstrap-final	0	1.000000000000e0
portfolio-holdout	weight-dynamic-range-cover-607	weight-dynamic-range	primary-bootstrap-final	1	5.578566497583e-4
portfolio-holdout	weight-dynamic-range-cover-607	weight-dynamic-range	primary-bootstrap-final	2	5.021864022611e-4
portfolio-holdout	weight-dynamic-range-cover-607	weight-dynamic-range	primary-bootstrap-final	3	2.811636651386e-4
portfolio-holdout	weight-dynamic-range-cover-607	weight-dynamic-range	primary-bootstrap-final	4	2.680969826402e-5
portfolio-holdout	weight-dynamic-range-cover-607	weight-dynamic-range	primary-bootstrap-final	5	1.977914921652e-5
portfolio-holdout	weight-dynamic-range-cover-607	weight-dynamic-range	primary-bootstrap-final	6	7.262272936449e-6
portfolio-holdout	weight-dynamic-range-cover-607	weight-dynamic-range	primary-bootstrap-final	7	6.683760783316e-6
portfolio-holdout	weight-dynamic-range-cover-607	weight-dynamic-range	primary-bootstrap-final	8	3.140344418049e-6
portfolio-holdout	weight-dynamic-range-cover-607	weight-dynamic-range	primary-bootstrap-final	9	5.100373754516e-6
portfolio-holdout	weight-dynamic-range-cover-607	weight-dynamic-range	primary-bootstrap-final	10	3.102761869148e-6
portfolio-holdout	weight-dynamic-range-cover-607	weight-dynamic-range	primary-bootstrap-final	11	2.609767615669e-6
portfolio-holdout	weight-dynamic-range-cover-607	weight-dynamic-range	primary-bootstrap-final	12	2.279046903387e-6
portfolio-holdout	weight-dynamic-range-cover-607	weight-dynamic-range	primary-bootstrap-final	13	3.744263787811e-5
portfolio-holdout	weight-dynamic-range-cover-607	weight-dynamic-range	primary-bootstrap-final	14	2.010727392424e-6
portfolio-holdout	weight-dynamic-range-cover-607	weight-dynamic-range	primary-bootstrap-final	15	1.521401803081e-6
portfolio-holdout	weight-dynamic-range-cover-607	weight-dynamic-range	primary-bootstrap-final	16	1.121443567362e-6
portfolio-holdout	weight-dynamic-range-cover-607	weight-dynamic-range	primary-bootstrap-final	17	8.422188639598e-7
portfolio-holdout	weight-dynamic-range-cover-607	weight-dynamic-range	primary-bootstrap-final	18	7.527695979912e-7
portfolio-holdout	weight-dynamic-range-cover-607	weight-dynamic-range	primary-bootstrap-final	19	3.489893777918e-6
portfolio-holdout	weight-dynamic-range-cover-607	weight-dynamic-range	primary-bootstrap-final	20	3.765042645301e-6
portfolio-holdout	weight-dynamic-range-cover-607	weight-dynamic-range	primary-bootstrap-final	21	3.618499117178e-6
portfolio-holdout	weight-dynamic-range-cover-607	weight-dynamic-range	primary-bootstrap-final	22	1.055790771420e-6
portfolio-holdout	weight-dynamic-range-cover-607	weight-dynamic-range	primary-bootstrap-final	23	1.779546239819e-6
portfolio-holdout	weight-dynamic-range-cover-607	weight-dynamic-range	primary-bootstrap-final	24	4.112052326204e-8
portfolio-holdout	weight-dynamic-range-cover-607	weight-dynamic-range	primary-bootstrap-final	25	3.816354630101e-8
portfolio-holdout	weight-dynamic-range-cover-607	weight-dynamic-range	primary-bootstrap-final	26	6.140340970190e-7
portfolio-holdout	weight-dynamic-range-cover-607	weight-dynamic-range	primary-bootstrap-final	27	3.033414484728e-6
portfolio-holdout	weight-dynamic-range-cover-607	weight-dynamic-range	primary-bootstrap-final	28	8.369692511509e-9
portfolio-holdout	weight-dynamic-range-cover-607	weight-dynamic-range	primary-bootstrap-final	29	1.600848767234e-9
portfolio-holdout	weight-dynamic-range-cover-607	weight-dynamic-range	primary-bootstrap-final	30	2.619351106771e-9
portfolio-holdout	weight-dynamic-range-cover-607	weight-dynamic-range	primary-bootstrap-final	31	7.106116448412e-11
portfolio-holdout	weight-dynamic-range-cover-607	weight-dynamic-range	portfolio-final	0	1.000000000000e0
portfolio-holdout	weight-dynamic-range-cover-607	weight-dynamic-range	portfolio-final	1	5.578566497583e-4
portfolio-holdout	weight-dynamic-range-cover-607	weight-dynamic-range	portfolio-final	2	5.021864022611e-4
portfolio-holdout	weight-dynamic-range-cover-607	weight-dynamic-range	portfolio-final	3	2.811636651386e-4
portfolio-holdout	weight-dynamic-range-cover-607	weight-dynamic-range	portfolio-final	4	2.680969826402e-5
portfolio-holdout	weight-dynamic-range-cover-607	weight-dynamic-range	portfolio-final	5	1.977914921652e-5
portfolio-holdout	weight-dynamic-range-cover-607	weight-dynamic-range	portfolio-final	6	7.262272936449e-6
portfolio-holdout	weight-dynamic-range-cover-607	weight-dynamic-range	portfolio-final	7	6.683760783316e-6
portfolio-holdout	weight-dynamic-range-cover-607	weight-dynamic-range	portfolio-final	8	3.140344418049e-6
portfolio-holdout	weight-dynamic-range-cover-607	weight-dynamic-range	portfolio-final	9	5.100373754516e-6
portfolio-holdout	weight-dynamic-range-cover-607	weight-dynamic-range	portfolio-final	10	3.102761869148e-6
portfolio-holdout	weight-dynamic-range-cover-607	weight-dynamic-range	portfolio-final	11	2.609767615669e-6
portfolio-holdout	weight-dynamic-range-cover-607	weight-dynamic-range	portfolio-final	12	2.279046903387e-6
portfolio-holdout	weight-dynamic-range-cover-607	weight-dynamic-range	portfolio-final	13	3.744263787811e-5
portfolio-holdout	weight-dynamic-range-cover-607	weight-dynamic-range	portfolio-final	14	2.010727392424e-6
portfolio-holdout	weight-dynamic-range-cover-607	weight-dynamic-range	portfolio-final	15	1.521401803081e-6
portfolio-holdout	weight-dynamic-range-cover-607	weight-dynamic-range	portfolio-final	16	1.121443567362e-6
portfolio-holdout	weight-dynamic-range-cover-607	weight-dynamic-range	portfolio-final	17	8.422188639598e-7
portfolio-holdout	weight-dynamic-range-cover-607	weight-dynamic-range	portfolio-final	18	7.527695979912e-7
portfolio-holdout	weight-dynamic-range-cover-607	weight-dynamic-range	portfolio-final	19	3.489893777918e-6
portfolio-holdout	weight-dynamic-range-cover-607	weight-dynamic-range	portfolio-final	20	3.765042645301e-6
portfolio-holdout	weight-dynamic-range-cover-607	weight-dynamic-range	portfolio-final	21	3.618499117178e-6
portfolio-holdout	weight-dynamic-range-cover-607	weight-dynamic-range	portfolio-final	22	1.055790771420e-6
portfolio-holdout	weight-dynamic-range-cover-607	weight-dynamic-range	portfolio-final	23	1.779546239819e-6
portfolio-holdout	weight-dynamic-range-cover-607	weight-dynamic-range	portfolio-final	24	4.112052326204e-8
portfolio-holdout	weight-dynamic-range-cover-607	weight-dynamic-range	portfolio-final	25	3.816354630101e-8
portfolio-holdout	weight-dynamic-range-cover-607	weight-dynamic-range	portfolio-final	26	6.140340970190e-7
portfolio-holdout	weight-dynamic-range-cover-607	weight-dynamic-range	portfolio-final	27	3.033414484728e-6
portfolio-holdout	weight-dynamic-range-cover-607	weight-dynamic-range	portfolio-final	28	8.369692511509e-9
portfolio-holdout	weight-dynamic-range-cover-607	weight-dynamic-range	portfolio-final	29	1.600848767234e-9
portfolio-holdout	weight-dynamic-range-cover-607	weight-dynamic-range	portfolio-final	30	2.619351106771e-9
portfolio-holdout	weight-dynamic-range-cover-607	weight-dynamic-range	portfolio-final	31	7.106116448412e-11
portfolio-holdout	latin-square-cover-608	latin-square	baseline-symmetric-map	0	1.000000000000e0
portfolio-holdout	latin-square-cover-608	latin-square	baseline-symmetric-map	1	4.338060522348e-2
portfolio-holdout	latin-square-cover-608	latin-square	baseline-symmetric-map	2	1.218208964172e-2
portfolio-holdout	latin-square-cover-608	latin-square	baseline-symmetric-map	3	6.251022870097e-3
portfolio-holdout	latin-square-cover-608	latin-square	baseline-symmetric-map	4	2.450692317829e-3
portfolio-holdout	latin-square-cover-608	latin-square	baseline-symmetric-map	5	2.870391814896e-4
portfolio-holdout	latin-square-cover-608	latin-square	baseline-symmetric-map	6	9.556980153711e-5
portfolio-holdout	latin-square-cover-608	latin-square	baseline-symmetric-map	7	1.053639886392e-5
portfolio-holdout	latin-square-cover-608	latin-square	baseline-symmetric-map	8	1.506001365342e-6
portfolio-holdout	latin-square-cover-608	latin-square	baseline-symmetric-map	9	9.528119620659e-8
portfolio-holdout	latin-square-cover-608	latin-square	baseline-symmetric-map	10	2.359569889189e-8
portfolio-holdout	latin-square-cover-608	latin-square	baseline-symmetric-map	11	2.130154879355e-9
portfolio-holdout	latin-square-cover-608	latin-square	baseline-symmetric-map	12	2.137611531559e-10
portfolio-holdout	latin-square-cover-608	latin-square	baseline-symmetric-map	13	4.225680007292e-12
portfolio-holdout	latin-square-cover-608	latin-square	oracle	0	1.000000000000e0
portfolio-holdout	latin-square-cover-608	latin-square	oracle	1	1.604727389220e-2
portfolio-holdout	latin-square-cover-608	latin-square	oracle	2	4.826551461600e-3
portfolio-holdout	latin-square-cover-608	latin-square	oracle	3	1.101518015045e-3
portfolio-holdout	latin-square-cover-608	latin-square	oracle	4	6.084954615677e-5
portfolio-holdout	latin-square-cover-608	latin-square	oracle	5	5.013118553311e-6
portfolio-holdout	latin-square-cover-608	latin-square	oracle	6	2.055539053761e-7
portfolio-holdout	latin-square-cover-608	latin-square	oracle	7	1.082737208321e-8
portfolio-holdout	latin-square-cover-608	latin-square	oracle	8	2.887274340445e-10
portfolio-holdout	latin-square-cover-608	latin-square	oracle	9	2.233961384338e-12
portfolio-holdout	latin-square-cover-608	latin-square	one-shot-pair-neighborhood	0	1.000000000000e0
portfolio-holdout	latin-square-cover-608	latin-square	one-shot-pair-neighborhood	1	1.172982341156e-2
portfolio-holdout	latin-square-cover-608	latin-square	one-shot-pair-neighborhood	2	2.570068312130e-3
portfolio-holdout	latin-square-cover-608	latin-square	one-shot-pair-neighborhood	3	9.239085642878e-5
portfolio-holdout	latin-square-cover-608	latin-square	one-shot-pair-neighborhood	4	2.312265239153e-6
portfolio-holdout	latin-square-cover-608	latin-square	one-shot-pair-neighborhood	5	1.592202991096e-7
portfolio-holdout	latin-square-cover-608	latin-square	one-shot-pair-neighborhood	6	2.918737756187e-9
portfolio-holdout	latin-square-cover-608	latin-square	one-shot-pair-neighborhood	7	7.425956240617e-11
portfolio-holdout	latin-square-cover-608	latin-square	primary-bootstrap-final	0	1.000000000000e0
portfolio-holdout	latin-square-cover-608	latin-square	primary-bootstrap-final	1	1.172982341156e-2
portfolio-holdout	latin-square-cover-608	latin-square	primary-bootstrap-final	2	2.570068312130e-3
portfolio-holdout	latin-square-cover-608	latin-square	primary-bootstrap-final	3	9.239085642878e-5
portfolio-holdout	latin-square-cover-608	latin-square	primary-bootstrap-final	4	2.312265239153e-6
portfolio-holdout	latin-square-cover-608	latin-square	primary-bootstrap-final	5	1.592202991096e-7
portfolio-holdout	latin-square-cover-608	latin-square	primary-bootstrap-final	6	2.918737756187e-9
portfolio-holdout	latin-square-cover-608	latin-square	primary-bootstrap-final	7	7.425956240617e-11
portfolio-holdout	latin-square-cover-608	latin-square	portfolio-final	0	1.000000000000e0
portfolio-holdout	latin-square-cover-608	latin-square	portfolio-final	1	1.172982341156e-2
portfolio-holdout	latin-square-cover-608	latin-square	portfolio-final	2	2.570068312130e-3
portfolio-holdout	latin-square-cover-608	latin-square	portfolio-final	3	9.239085642878e-5
portfolio-holdout	latin-square-cover-608	latin-square	portfolio-final	4	2.312265239153e-6
portfolio-holdout	latin-square-cover-608	latin-square	portfolio-final	5	1.592202991096e-7
portfolio-holdout	latin-square-cover-608	latin-square	portfolio-final	6	2.918737756187e-9
portfolio-holdout	latin-square-cover-608	latin-square	portfolio-final	7	7.425956240617e-11
portfolio-holdout	tensor-grid-cover-609	tensor-grid	baseline-symmetric-map	0	1.000000000000e0
portfolio-holdout	tensor-grid-cover-609	tensor-grid	baseline-symmetric-map	1	2.615003380030e-3
portfolio-holdout	tensor-grid-cover-609	tensor-grid	baseline-symmetric-map	2	2.895723773761e-4
portfolio-holdout	tensor-grid-cover-609	tensor-grid	baseline-symmetric-map	3	2.761665735590e-5
portfolio-holdout	tensor-grid-cover-609	tensor-grid	baseline-symmetric-map	4	2.010011166531e-6
portfolio-holdout	tensor-grid-cover-609	tensor-grid	baseline-symmetric-map	5	9.622332844454e-8
portfolio-holdout	tensor-grid-cover-609	tensor-grid	baseline-symmetric-map	6	3.242666444345e-9
portfolio-holdout	tensor-grid-cover-609	tensor-grid	baseline-symmetric-map	7	5.975624528047e-11
portfolio-holdout	tensor-grid-cover-609	tensor-grid	oracle	0	1.000000000000e0
portfolio-holdout	tensor-grid-cover-609	tensor-grid	oracle	1	4.300178455081e-4
portfolio-holdout	tensor-grid-cover-609	tensor-grid	oracle	2	1.062736092759e-5
portfolio-holdout	tensor-grid-cover-609	tensor-grid	oracle	3	2.018682322037e-7
portfolio-holdout	tensor-grid-cover-609	tensor-grid	oracle	4	9.729046547883e-10
portfolio-holdout	tensor-grid-cover-609	tensor-grid	oracle	5	2.552040122819e-12
portfolio-holdout	tensor-grid-cover-609	tensor-grid	one-shot-pair-neighborhood	0	1.000000000000e0
portfolio-holdout	tensor-grid-cover-609	tensor-grid	one-shot-pair-neighborhood	1	4.054954835244e-4
portfolio-holdout	tensor-grid-cover-609	tensor-grid	one-shot-pair-neighborhood	2	1.021069392152e-5
portfolio-holdout	tensor-grid-cover-609	tensor-grid	one-shot-pair-neighborhood	3	2.261445137012e-7
portfolio-holdout	tensor-grid-cover-609	tensor-grid	one-shot-pair-neighborhood	4	5.688604010570e-10
portfolio-holdout	tensor-grid-cover-609	tensor-grid	one-shot-pair-neighborhood	5	1.149034445141e-12
portfolio-holdout	tensor-grid-cover-609	tensor-grid	primary-bootstrap-final	0	1.000000000000e0
portfolio-holdout	tensor-grid-cover-609	tensor-grid	primary-bootstrap-final	1	2.620903267391e-4
portfolio-holdout	tensor-grid-cover-609	tensor-grid	primary-bootstrap-final	2	2.466399903138e-6
portfolio-holdout	tensor-grid-cover-609	tensor-grid	primary-bootstrap-final	3	1.261706068774e-8
portfolio-holdout	tensor-grid-cover-609	tensor-grid	primary-bootstrap-final	4	2.415022099415e-11
portfolio-holdout	tensor-grid-cover-609	tensor-grid	portfolio-final	0	1.000000000000e0
portfolio-holdout	tensor-grid-cover-609	tensor-grid	portfolio-final	1	2.620903267391e-4
portfolio-holdout	tensor-grid-cover-609	tensor-grid	portfolio-final	2	2.466399903138e-6
portfolio-holdout	tensor-grid-cover-609	tensor-grid	portfolio-final	3	1.261706068774e-8
portfolio-holdout	tensor-grid-cover-609	tensor-grid	portfolio-final	4	2.415022099415e-11
