case	family	depth	dimension	tuples	components	level_dimensions	level_tuples	terminal_rank	method	pair_levels	dimension_complexity	tuple_complexity	preconditioned_condition_number	optimal_energy_spectral_radius	one_cycle_error_spectral_radius	one_cycle_energy_operator_norm	pcg_iterations	pcg_final_relative_residual	gramian_applications	preconditioner_applications	retained_bytes_estimate	apply_scratch_bytes_estimate
weak-chain-depth-2	weak-chain-depth-2	2	24	80	1	NA	NA	0	diagonal	0	1.000000000	1.000000000	1.693251916918e2	9.882577557663e-1	9.911413063525e-1	9.911413063525e-1	19	4.271895642572e-11	38	19	3032	0
weak-chain-depth-2	weak-chain-depth-2	2	24	80	1	NA	NA	0	symmetric-map	0	1.000000000	1.000000000	5.547778426759e1	9.645878458949e-1	9.819747667791e-1	9.819747667791e-1	9	4.929394174408e-11	18	9	2840	0
weak-chain-depth-2	weak-chain-depth-2	2	24	80	1	NA	NA	0	pair-cmg	0	1.000000000	1.000000000	2.054762469013e0	3.452846104115e-1	5.000000000000e-1	5.000000000000e-1	11	1.397376167842e-11	22	11	13648	0
weak-chain-depth-2	weak-chain-depth-2	2	24	80	1	24,12,6	80,20,5	4	oracle-jacobi	0	1.750000000	1.312500000	1.597156407628e0	2.299270101232e-1	3.738872440896e-1	3.738872440896e-1	10	2.200422951330e-11	20	10	4788	2352
weak-chain-depth-2	weak-chain-depth-2	2	24	80	1	24,12,6	80,20,5	4	oracle-pair-finest	1	1.750000000	1.312500000	1.020740351277e0	1.026373886401e-2	2.031892954118e-2	2.031892954118e-2	4	8.119083675138e-11	8	4	15012	2352
weak-chain-depth-2	weak-chain-depth-2	2	24	80	1	24,12,6	80,20,5	4	oracle-pair-first-two	2	1.750000000	1.312500000	1.018121222915e0	8.979253926438e-3	1.779868890562e-2	1.779868890562e-2	4	4.779561373876e-11	8	4	18708	2352
weak-chain-depth-2	weak-chain-depth-2	2	24	80	1	24,12,6	80,20,5	4	oracle-pair-all-levels	2	1.750000000	1.312500000	1.018121222915e0	8.979253926438e-3	1.779868890562e-2	1.779868890562e-2	4	4.779561373876e-11	8	4	18708	2352
weak-chain-depth-2	weak-chain-depth-2	2	24	80	1	24,12,6	80,20,5	4	oracle-map-all-levels	0	1.750000000	1.312500000	1.002851500941e0	1.423720600340e-3	2.843393003481e-3	2.843393003481e-3	3	4.364389623398e-11	6	3	4500	2352
community-depth-2	community-depth-2	2	24	128	1	NA	NA	0	diagonal	0	1.000000000	1.000000000	7.127941637203e1	9.723296050191e-1	9.789560566522e-1	9.789560566522e-1	19	9.426489860462e-12	38	19	4376	0
community-depth-2	community-depth-2	2	24	128	1	NA	NA	0	symmetric-map	0	1.000000000	1.000000000	2.245648332944e1	9.147357269242e-1	9.554694301272e-1	9.554694301272e-1	9	1.475647764505e-11	18	9	4184	0
community-depth-2	community-depth-2	2	24	128	1	NA	NA	0	pair-cmg	0	1.000000000	1.000000000	2.063709935980e0	3.471966857854e-1	5.000000000000e-1	5.000000000000e-1	10	4.384366303121e-11	20	10	14992	0
community-depth-2	community-depth-2	2	24	128	1	24,12,6	128,32,8	4	oracle-jacobi	0	1.750000000	1.312500000	1.607806904497e0	2.330720512507e-1	3.780347644962e-1	3.780347644962e-1	10	1.909915831780e-11	20	10	6552	2352
community-depth-2	community-depth-2	2	24	128	1	24,12,6	128,32,8	4	oracle-pair-finest	1	1.750000000	1.312500000	1.030495449785e0	1.501872352770e-2	2.959299800007e-2	2.959299800007e-2	5	1.347069988280e-12	10	5	16776	2352
community-depth-2	community-depth-2	2	24	128	1	24,12,6	128,32,8	4	oracle-pair-first-two	2	1.750000000	1.312500000	1.022039517450e0	1.089964724208e-2	2.156425174706e-2	2.156425174706e-2	4	5.721901959855e-11	8	4	20472	2352
community-depth-2	community-depth-2	2	24	128	1	24,12,6	128,32,8	4	oracle-pair-all-levels	2	1.750000000	1.312500000	1.022039517450e0	1.089964724208e-2	2.156425174706e-2	2.156425174706e-2	4	5.721901959855e-11	8	4	20472	2352
community-depth-2	community-depth-2	2	24	128	1	24,12,6	128,32,8	4	oracle-map-all-levels	0	1.750000000	1.312500000	1.004389380542e0	2.189884153412e-3	4.370198079300e-3	4.370198079300e-3	3	8.437566335464e-11	6	3	6264	2352
weak-chain-depth-3	weak-chain-depth-3	3	48	320	1	NA	NA	0	diagonal	0	1.000000000	1.000000000	1.692030451384e2	9.882493289214e-1	9.911349113205e-1	9.911349113205e-1	21	2.199292210980e-11	42	21	10520	0
weak-chain-depth-3	weak-chain-depth-3	3	48	320	1	NA	NA	0	symmetric-map	0	1.000000000	1.000000000	5.543279012322e1	9.645596116082e-1	9.819601359091e-1	9.819601359091e-1	10	6.526682229131e-12	20	10	10136	0
weak-chain-depth-3	weak-chain-depth-3	3	48	320	1	NA	NA	0	pair-cmg	0	1.000000000	1.000000000	2.054680640044e0	3.452670718563e-1	5.000000000000e-1	5.000000000000e-1	12	9.850891332818e-12	24	12	43792	0
weak-chain-depth-3	weak-chain-depth-3	3	48	320	1	48,24,12,6	320,80,20,5	4	oracle-jacobi	0	1.875000000	1.328125000	1.520458515450e0	2.064935852978e-1	3.423036604821e-1	3.423036604821e-1	10	4.182693080024e-11	20	10	15500	5040
weak-chain-depth-3	weak-chain-depth-3	3	48	320	1	48,24,12,6	320,80,20,5	4	oracle-pair-finest	1	1.875000000	1.328125000	1.014825695565e0	7.358301811420e-3	1.460910541598e-2	1.460910541598e-2	5	3.770920014552e-13	10	5	47996	5040
weak-chain-depth-3	weak-chain-depth-3	3	48	320	1	48,24,12,6	320,80,20,5	4	oracle-pair-first-two	2	1.875000000	1.328125000	1.010478535872e0	5.211961075358e-3	1.036987476707e-2	1.036987476707e-2	4	1.777474440389e-11	8	4	58220	5040
weak-chain-depth-3	weak-chain-depth-3	3	48	320	1	48,24,12,6	320,80,20,5	4	oracle-pair-all-levels	3	1.875000000	1.328125000	1.010472091085e0	5.208772174374e-3	1.036356291063e-2	1.036356291063e-2	4	1.863977348333e-11	8	4	61916	5040
weak-chain-depth-3	weak-chain-depth-3	3	48	320	1	48,24,12,6	320,80,20,5	4	oracle-map-all-levels	0	1.875000000	1.328125000	1.001508983359e0	7.539228509248e-4	1.506709758925e-3	1.506709758925e-3	3	3.605534694093e-11	6	3	14828	5040
community-depth-3	community-depth-3	3	48	512	1	NA	NA	0	diagonal	0	1.000000000	1.000000000	7.125041138632e1	9.723184967168e-1	9.789474899749e-1	9.789474899749e-1	20	6.778435463706e-11	40	20	15896	0
community-depth-3	community-depth-3	3	48	512	1	NA	NA	0	symmetric-map	0	1.000000000	1.000000000	2.244123118049e1	9.146802493179e-1	9.554391649925e-1	9.554391649925e-1	10	1.331859643594e-12	20	10	15512	0
community-depth-3	community-depth-3	3	48	512	1	NA	NA	0	pair-cmg	0	1.000000000	1.000000000	2.066717998856e0	3.478370033547e-1	5.000000000000e-1	5.000000000000e-1	12	1.568471364460e-11	24	12	49168	0
community-depth-3	community-depth-3	3	48	512	1	48,24,12,6	512,128,32,8	4	oracle-jacobi	0	1.875000000	1.328125000	1.510808490729e0	2.034438280001e-1	3.381027402636e-1	3.381027402636e-1	10	3.719796806882e-11	20	10	22640	5040
community-depth-3	community-depth-3	3	48	512	1	48,24,12,6	512,128,32,8	4	oracle-pair-finest	1	1.875000000	1.328125000	1.014571415089e0	7.233009949575e-3	1.436213840911e-2	1.436213840911e-2	4	6.252387001885e-11	8	4	55136	5040
community-depth-3	community-depth-3	3	48	512	1	48,24,12,6	512,128,32,8	4	oracle-pair-first-two	2	1.875000000	1.328125000	1.011492075278e0	5.713209323301e-3	1.136150797332e-2	1.136150797332e-2	4	1.762456979969e-11	8	4	65360	5040
community-depth-3	community-depth-3	3	48	512	1	48,24,12,6	512,128,32,8	4	oracle-pair-all-levels	3	1.875000000	1.328125000	1.011484075632e0	5.709255057640e-3	1.135368900888e-2	1.135368900888e-2	4	1.711367767631e-11	8	4	69056	5040
community-depth-3	community-depth-3	3	48	512	1	48,24,12,6	512,128,32,8	4	oracle-map-all-levels	0	1.875000000	1.328125000	1.001786874205e0	8.926395853326e-4	1.783686981052e-3	1.783686981052e-3	3	1.207624905558e-11	6	3	21968	5040
weak-chain-depth-4	weak-chain-depth-4	4	96	1280	1	NA	NA	0	diagonal	0	1.000000000	1.000000000	1.692267555438e2	9.882509656393e-1	9.911361534104e-1	9.911361534104e-1	21	4.773355662878e-11	42	21	38936	0
weak-chain-depth-4	weak-chain-depth-4	4	96	1280	1	NA	NA	0	symmetric-map	0	1.000000000	1.000000000	5.544466125623e1	9.645670652372e-1	9.819639983843e-1	9.819639983843e-1	10	2.802252212058e-11	20	10	38168	0
weak-chain-depth-4	weak-chain-depth-4	4	96	1280	1	NA	NA	0	pair-cmg	0	1.000000000	1.000000000	2.054781126661e0	3.452886092085e-1	5.000000000000e-1	5.000000000000e-1	12	1.546654423885e-11	24	12	154384	0
weak-chain-depth-4	weak-chain-depth-4	4	96	1280	1	96,48,24,12,6	1280,320,80,20,5	4	oracle-jacobi	0	1.937500000	1.332031250	1.488821279538e0	1.964067422425e-1	3.283277088098e-1	3.283277088098e-1	10	1.938279910619e-11	20	10	54820	10416
weak-chain-depth-4	weak-chain-depth-4	4	96	1280	1	96,48,24,12,6	1280,320,80,20,5	4	oracle-pair-finest	1	1.937500000	1.332031250	1.008645229061e0	4.304009954318e-3	8.571129681161e-3	8.571129681161e-3	4	1.104509358082e-11	8	4	168724	10416
weak-chain-depth-4	weak-chain-depth-4	4	96	1280	1	96,48,24,12,6	1280,320,80,20,5	4	oracle-pair-first-two	2	1.937500000	1.332031250	1.007284981226e0	3.629271027527e-3	7.232294099607e-3	7.232294099608e-3	4	5.637015667843e-12	8	4	201220	10416
weak-chain-depth-4	weak-chain-depth-4	4	96	1280	1	96,48,24,12,6	1280,320,80,20,5	4	oracle-pair-all-levels	4	1.937500000	1.332031250	1.007269269105e0	3.621471826108e-3	7.216808184695e-3	7.216808184695e-3	4	5.468633505856e-12	8	4	215140	10416
weak-chain-depth-4	weak-chain-depth-4	4	96	1280	1	96,48,24,12,6	1280,320,80,20,5	4	oracle-map-all-levels	0	1.937500000	1.332031250	1.001732120734e0	8.653109556691e-4	1.729125679930e-3	1.729125679930e-3	3	2.495500277649e-11	6	3	53380	10416
community-depth-4	community-depth-4	4	96	2048	1	NA	NA	0	diagonal	0	1.000000000	1.000000000	7.127888011764e1	9.723293997258e-1	9.789558983317e-1	9.789558983317e-1	21	5.242092494315e-11	42	21	60440	0
community-depth-4	community-depth-4	4	96	2048	1	NA	NA	0	symmetric-map	0	1.000000000	1.000000000	2.244471472811e1	9.146929266065e-1	9.554460810880e-1	9.554460810880e-1	10	7.667085782062e-12	20	10	59672	0
community-depth-4	community-depth-4	4	96	2048	1	NA	NA	0	pair-cmg	0	1.000000000	1.000000000	2.064348183660e0	3.473326527761e-1	5.000000000000e-1	5.000000000000e-1	12	1.713489869039e-11	24	12	175888	0
community-depth-4	community-depth-4	4	96	2048	1	96,48,24,12,6	2048,512,128,32,8	4	oracle-jacobi	0	1.937500000	1.332031250	1.502112308067e0	2.006753679473e-1	3.342708167493e-1	3.342708167493e-1	10	2.061525882789e-11	20	10	83464	10416
community-depth-4	community-depth-4	4	96	2048	1	96,48,24,12,6	2048,512,128,32,8	4	oracle-pair-finest	1	1.937500000	1.332031250	1.009520821983e0	4.737856845646e-3	9.431030817371e-3	9.431030817371e-3	4	1.274715713760e-11	8	4	197368	10416
community-depth-4	community-depth-4	4	96	2048	1	96,48,24,12,6	2048,512,128,32,8	4	oracle-pair-first-two	2	1.937500000	1.332031250	1.007770581701e0	3.870253789026e-3	7.710665346277e-3	7.710665346277e-3	4	5.696887076188e-12	8	4	229864	10416
community-depth-4	community-depth-4	4	96	2048	1	96,48,24,12,6	2048,512,128,32,8	4	oracle-pair-all-levels	4	1.937500000	1.332031250	1.007761079753e0	3.865539496577e-3	7.701309277961e-3	7.701309277961e-3	4	5.533278598071e-12	8	4	243784	10416
community-depth-4	community-depth-4	4	96	2048	1	96,48,24,12,6	2048,512,128,32,8	4	oracle-map-all-levels	0	1.937500000	1.332031250	1.001781306748e0	8.898608166498e-4	1.778139336770e-3	1.778139336770e-3	3	3.372249772077e-11	6	3	82024	10416
weak-chain-depth-5	weak-chain-depth-5	5	192	5120	1	NA	NA	0	diagonal	0	1.000000000	1.000000000	1.692666178765e2	9.882537162895e-1	9.911382408486e-1	9.911382408486e-1	22	3.519643063239e-11	44	22	149528	0
weak-chain-depth-5	weak-chain-depth-5	5	192	5120	1	NA	NA	0	symmetric-map	0	1.000000000	1.000000000	5.545959179081e1	9.645764353485e-1	9.819688539401e-1	9.819688539401e-1	10	7.505826799225e-11	20	10	147992	0
weak-chain-depth-5	weak-chain-depth-5	5	192	5120	1	NA	NA	0	pair-cmg	0	1.000000000	1.000000000	2.055013962863e0	3.453385076755e-1	5.000000000000e-1	5.000000000000e-1	12	4.752891141648e-11	24	12	576784	0
weak-chain-depth-5	weak-chain-depth-5	5	192	5120	1	192,96,48,24,12,6	5120,1280,320,80,20,5	4	oracle-jacobi	0	1.968750000	1.333007812	1.445273715718e0	1.820956536913e-1	3.080895410158e-1	3.080895410158e-1	10	1.268309423367e-11	20	10	205116	21168
weak-chain-depth-5	weak-chain-depth-5	5	192	5120	1	192,96,48,24,12,6	5120,1280,320,80,20,5	4	oracle-pair-finest	1	1.968750000	1.333007812	1.005949014209e0	2.965685651230e-3	5.913832733575e-3	5.913832733575e-3	4	5.085911780164e-12	8	4	629292	21168
weak-chain-depth-5	weak-chain-depth-5	5	192	5120	1	192,96,48,24,12,6	5120,1280,320,80,20,5	4	oracle-pair-first-two	2	1.968750000	1.333007812	1.004534533364e0	2.262137812257e-3	4.514064189220e-3	4.514064189220e-3	4	7.342465927184e-13	8	4	743196	21168
weak-chain-depth-5	weak-chain-depth-5	5	192	5120	1	192,96,48,24,12,6	5120,1280,320,80,20,5	4	oracle-pair-all-levels	5	1.968750000	1.333007812	1.004531549218e0	2.260652480129e-3	4.511106915215e-3	4.511106915215e-3	4	6.740924359349e-13	8	4	789612	21168
weak-chain-depth-5	weak-chain-depth-5	5	192	5120	1	192,96,48,24,12,6	5120,1280,320,80,20,5	4	oracle-map-all-levels	0	1.968750000	1.333007812	1.001433052719e0	7.160133173268e-4	1.431002018138e-3	1.431002018138e-3	3	3.390378899310e-12	6	3	202140	21168
community-depth-5	community-depth-5	5	192	8192	1	NA	NA	0	diagonal	0	1.000000000	1.000000000	7.132748870654e1	9.723479960971e-1	9.789702395640e-1	9.789702395640e-1	22	2.993764182279e-11	44	22	235544	0
community-depth-5	community-depth-5	5	192	8192	1	NA	NA	0	symmetric-map	0	1.000000000	1.000000000	2.245785377110e1	9.147407081860e-1	9.554721475083e-1	9.554721475083e-1	10	3.037221509181e-11	20	10	234008	0
community-depth-5	community-depth-5	5	192	8192	1	NA	NA	0	pair-cmg	0	1.000000000	1.000000000	2.065683784354e0	3.476169948750e-1	5.000000000000e-1	5.000000000000e-1	12	2.355618585838e-11	24	12	662800	0
community-depth-5	community-depth-5	5	192	8192	1	192,96,48,24,12,6	8192,2048,512,128,32,8	4	oracle-jacobi	0	1.968750000	1.333007812	1.449840854579e0	1.836204395637e-1	3.102691258549e-1	3.102691258549e-1	9	9.434804507266e-11	18	9	319776	21168
community-depth-5	community-depth-5	5	192	8192	1	192,96,48,24,12,6	8192,2048,512,128,32,8	4	oracle-pair-finest	1	1.968750000	1.333007812	1.006192183815e0	3.086535709417e-3	6.154076641522e-3	6.154076641522e-3	4	4.565670843000e-12	8	4	743952	21168
community-depth-5	community-depth-5	5	192	8192	1	192,96,48,24,12,6	8192,2048,512,128,32,8	4	oracle-pair-first-two	2	1.968750000	1.333007812	1.005544264168e0	2.764468611877e-3	5.513694787575e-3	5.513694787575e-3	4	1.594493868845e-12	8	4	857856	21168
community-depth-5	community-depth-5	5	192	8192	1	192,96,48,24,12,6	8192,2048,512,128,32,8	4	oracle-pair-all-levels	5	1.968750000	1.333007812	1.005542200959e0	2.763442702263e-3	5.511654263771e-3	5.511654263771e-3	4	1.580069390668e-12	8	4	904272	21168
community-depth-5	community-depth-5	5	192	8192	1	192,96,48,24,12,6	8192,2048,512,128,32,8	4	oracle-map-all-levels	0	1.968750000	1.333007812	1.001735633274e0	8.670641841124e-4	1.732626070203e-3	1.732626070203e-3	3	1.804075877378e-11	6	3	316800	21168
latin-depth-2	latin-depth-2	2	36	144	1	NA	NA	0	diagonal	0	1.000000000	1.000000000	4.541168907737e0	6.390653247896e-1	6.696885690721e-1	6.696885690721e-1	13	4.453555783423e-11	26	13	5208	0
latin-depth-2	latin-depth-2	2	36	144	1	NA	NA	0	symmetric-map	0	1.000000000	1.000000000	1.120608044720e0	5.687427481950e-2	1.076273236553e-1	1.076273236553e-1	6	5.039683488090e-11	12	6	4920	0
latin-depth-2	latin-depth-2	2	36	144	1	NA	NA	0	pair-cmg	0	1.000000000	1.000000000	1.845610722029e0	2.971631767770e-1	5.000000000000e-1	5.000000000000e-1	10	2.634447758876e-11	20	10	25616	0
latin-depth-2	latin-depth-2	2	36	144	1	36,18,9	144,36,9	7	oracle-jacobi	0	1.750000000	1.312500000	1.493276206113e0	1.978425835467e-1	3.303315248000e-1	3.303315248000e-1	10	1.853317648936e-11	20	10	8244	3528
latin-depth-2	latin-depth-2	2	36	144	1	36,18,9	144,36,9	7	oracle-pair-finest	1	1.750000000	1.312500000	1.008704665503e0	4.333472039104e-3	8.629548172487e-3	8.629548172487e-3	4	2.498530056174e-11	8	4	28068	3528
latin-depth-2	latin-depth-2	2	36	144	1	36,18,9	144,36,9	7	oracle-pair-first-two	2	1.750000000	1.312500000	1.008209296110e0	4.087868792347e-3	8.142452308010e-3	8.142452308010e-3	4	1.040590044458e-11	8	4	34644	3528
latin-depth-2	latin-depth-2	2	36	144	1	36,18,9	144,36,9	7	oracle-pair-all-levels	2	1.750000000	1.312500000	1.008209296110e0	4.087868792347e-3	8.142452308010e-3	8.142452308010e-3	4	1.040590044458e-11	8	4	34644	3528
latin-depth-2	latin-depth-2	2	36	144	1	36,18,9	144,36,9	7	oracle-map-all-levels	0	1.750000000	1.312500000	1.000912603556e0	4.560936617752e-4	9.117714703562e-4	9.117714703562e-4	3	4.032757216463e-12	6	3	7812	3528
latin-depth-3	latin-depth-3	3	72	576	1	NA	NA	0	diagonal	0	1.000000000	1.000000000	4.646276095926e0	6.457842361901e-1	6.771608124374e-1	6.771608124374e-1	14	2.012283816525e-11	28	14	18456	0
latin-depth-3	latin-depth-3	3	72	576	1	NA	NA	0	symmetric-map	0	1.000000000	1.000000000	1.129180042712e0	6.067126317201e-2	1.144016346602e-1	1.144016346602e-1	6	7.206963055437e-11	12	6	17880	0
latin-depth-3	latin-depth-3	3	72	576	1	NA	NA	0	pair-cmg	0	1.000000000	1.000000000	1.873735779867e0	3.040417932604e-1	5.000000000000e-1	5.000000000000e-1	10	5.716635889490e-11	20	10	86672	0
latin-depth-3	latin-depth-3	3	72	576	1	72,36,18,9	576,144,36,9	7	oracle-jacobi	0	1.875000000	1.328125000	1.481377495531e0	1.939960753242e-1	3.249526180755e-1	3.249526180755e-1	10	1.726593751280e-11	20	10	26988	7560
latin-depth-3	latin-depth-3	3	72	576	1	72,36,18,9	576,144,36,9	7	oracle-pair-finest	1	1.875000000	1.328125000	1.006778746175e0	3.377924042778e-3	6.733104171091e-3	6.733104171091e-3	4	1.217358922548e-11	8	4	94044	7560
latin-depth-3	latin-depth-3	3	72	576	1	72,36,18,9	576,144,36,9	7	oracle-pair-first-two	2	1.875000000	1.328125000	1.006182382369e0	3.081665168173e-3	6.144395367158e-3	6.144395367158e-3	4	5.542293991907e-12	8	4	113868	7560
latin-depth-3	latin-depth-3	3	72	576	1	72,36,18,9	576,144,36,9	7	oracle-pair-all-levels	3	1.875000000	1.328125000	1.006176629553e0	3.078806452963e-3	6.138712996739e-3	6.138712996739e-3	4	5.348569139470e-12	8	4	120444	7560
latin-depth-3	latin-depth-3	3	72	576	1	72,36,18,9	576,144,36,9	7	oracle-map-all-levels	0	1.875000000	1.328125000	1.000617967937e0	3.088885269076e-4	6.175862884902e-4	6.175862884902e-4	3	2.990350615088e-12	6	3	25980	7560
latin-depth-4	latin-depth-4	4	144	2304	1	NA	NA	0	diagonal	0	1.000000000	1.000000000	4.693712903419e0	6.487353623329e-1	6.804235727952e-1	6.804235727952e-1	14	2.288280440184e-11	28	14	69144	0
latin-depth-4	latin-depth-4	4	144	2304	1	NA	NA	0	symmetric-map	0	1.000000000	1.000000000	1.140560337030e0	6.566520672089e-2	1.232379668713e-1	1.232379668713e-1	7	2.121034189260e-12	14	7	67992	0
latin-depth-4	latin-depth-4	4	144	2304	1	NA	NA	0	pair-cmg	0	1.000000000	1.000000000	1.884298995314e0	3.065906123986e-1	5.000000000000e-1	5.000000000000e-1	11	7.018649910001e-12	22	11	315920	0
latin-depth-4	latin-depth-4	4	144	2304	1	144,72,36,18,9	2304,576,144,36,9	7	oracle-jacobi	0	1.937500000	1.332031250	1.436360654690e0	1.791034729813e-1	3.037960231402e-1	3.037960231402e-1	9	8.136273966701e-11	18	9	96708	15624
latin-depth-4	latin-depth-4	4	144	2304	1	144,72,36,18,9	2304,576,144,36,9	7	oracle-pair-finest	1	1.937500000	1.332031250	1.004781221971e0	2.384909594326e-3	4.758470666300e-3	4.758470666300e-3	4	1.723774165770e-12	8	4	341172	15624
latin-depth-4	latin-depth-4	4	144	2304	1	144,72,36,18,9	2304,576,144,36,9	7	oracle-pair-first-two	2	1.937500000	1.332031250	1.004556342960e0	2.272993211766e-3	4.535676860817e-3	4.535676860817e-3	4	5.822962630860e-13	8	4	408228	15624
latin-depth-4	latin-depth-4	4	144	2304	1	144,72,36,18,9	2304,576,144,36,9	7	oracle-pair-all-levels	4	1.937500000	1.332031250	1.004554004905e0	2.271829491049e-3	4.533359961244e-3	4.533359961244e-3	4	5.808573961010e-13	8	4	434628	15624
latin-depth-4	latin-depth-4	4	144	2304	1	144,72,36,18,9	2304,576,144,36,9	7	oracle-map-all-levels	0	1.937500000	1.332031250	1.000529364053e0	2.646119885847e-4	5.290839751996e-4	5.290839751996e-4	3	4.996283984327e-13	6	3	94548	15624
