case	family	dimension	tuples	components	coarse_dimension	coarse_tuples	method	role	preconditioner_symmetry_defect	quotient_symmetry_defect	range_leakage	minimum_preconditioner_energy	minimum_preconditioned_eigenvalue	maximum_preconditioned_eigenvalue	preconditioned_condition_number	one_step_error_spectral_radius	one_step_error_energy_norm	pcg_iterations	pcg_converged	pcg_final_relative_residual	gramian_applications	preconditioner_applications	retained_bytes_estimate
planted-communities	planted-communities	24	256	1	12	64	jacobi-0.4	smoother-only	0.000000000000e0	8.283409936526e-17	2.637383041113e-2	1.310088057118e-1	1.594725459360e-2	1.200000000000e0	7.524806185017e1	9.840527454064e-1	9.840527454064e-1	16	true	1.861184060237e-11	32	16	7960
planted-communities	planted-communities	24	256	1	12	64	jacobi-0.5	smoother-only	0.000000000000e0	7.814666669249e-17	2.637383041113e-2	1.637610071398e-1	1.993406824201e-2	1.500000000000e0	7.524806185017e1	9.800659317580e-1	9.800659317580e-1	16	true	1.663349470023e-11	32	16	7960
planted-communities	planted-communities	24	256	1	12	64	jacobi-0.6	smoother-only	0.000000000000e0	9.859046279976e-17	2.637383041113e-2	1.965132085678e-1	2.392088189041e-2	1.800000000000e0	7.524806185017e1	9.760791181096e-1	9.760791181096e-1	16	true	1.757175334237e-11	32	16	7960
planted-communities	planted-communities	24	256	1	12	64	symmetric-map	smoother-only	2.089581850982e-16	3.448524458377e-16	6.449225917443e-15	8.138539522546e-2	4.065529476654e-2	1.000000000000e0	2.459704217476e1	9.593447052335e-1	9.593447052335e-1	8	true	1.416943672050e-12	16	8	7768
planted-communities	planted-communities	24	256	1	12	64	exact-pair-schwarz	smoother-only	2.420267734263e-16	2.830811962337e-16	9.476811491181e-15	1.926832500777e-1	7.548305325631e-1	1.500000000000e0	1.987201014387e0	5.000000000000e-1	5.000000000000e-1	9	true	3.159671573924e-11	18	9	14296
planted-communities	planted-communities	24	256	1	12	64	pair-cmg-all	smoother-only	3.027228391502e-16	3.423767802376e-16	9.567065867224e-15	1.926832500777e-1	7.548305325631e-1	1.500000000000e0	1.987201014387e0	5.000000000000e-1	5.000000000000e-1	9	true	3.159667901104e-11	18	9	18576
planted-communities	planted-communities	24	256	1	12	64	selected-1-2-plus-jacobi	smoother-only	4.192668366797e-16	4.259862482071e-16	1.215964122745e-3	4.569132825436e-2	6.405624364760e-3	8.750000000000e-1	1.365987061017e2	9.935943756352e-1	9.935943756352e-1	16	true	2.101503556935e-12	32	16	19336
planted-communities	planted-communities	24	256	1	12	64	selected-1-2-plus-map	smoother-only	3.300886739903e-16	3.587412455992e-16	1.147174077084e-14	1.533547279502e-1	5.749293114157e-2	1.500000000000e0	2.609016395957e1	9.425070688584e-1	9.425070688584e-1	10	true	5.057990612849e-12	20	10	19144
planted-communities	planted-communities	24	256	1	12	64	exact-coarse-only	coarse-only	1.483288512366e-16	1.920238912981e-16	9.648550137007e-15	-1.065450714899e-15	-3.945038650887e-16	1.000000000000e0	inf	1.000000000000e0	1.000000000000e0	NA	NA	NA	NA	NA	11216
planted-communities	planted-communities	24	256	1	12	64	two-grid-jacobi	two-grid	2.574195442470e-16	3.306757633850e-16	9.624930526925e-15	1.289823208681e-1	6.671918062556e-1	1.000000000000e0	1.498819365922e0	3.328081937444e-1	3.328081937444e-1	7	true	8.271673027811e-11	14	7	11408
planted-communities	planted-communities	24	256	1	12	64	two-grid-symmetric-map	two-grid	2.519526120711e-16	4.100294299498e-16	9.576465608754e-15	1.292756093702e-1	9.994735730753e-1	1.000000000000e0	1.000526704196e0	5.264269247411e-4	5.264269247411e-4	3	true	1.597850081219e-13	6	3	11216
planted-communities	planted-communities	24	256	1	12	64	two-grid-exact-pair	two-grid	1.601023360995e-16	3.040303612862e-16	9.720456620315e-15	1.292715721007e-1	9.916884789653e-1	1.000000000000e0	1.008381181400e0	8.311521034666e-3	8.311521034666e-3	4	true	9.251717222528e-13	8	4	25512
planted-communities	planted-communities	24	256	1	12	64	two-grid-pair-cmg	two-grid	1.477755618041e-16	2.384498353523e-16	9.694806946317e-15	1.292715721007e-1	9.916884789653e-1	1.000000000000e0	1.008381181400e0	8.311521034666e-3	8.311521034666e-3	4	true	9.251949273458e-13	8	4	29792
dominant-pair-weak-third	dominant-pair-weak-third	36	288	1	18	72	jacobi-0.4	smoother-only	0.000000000000e0	1.056184204761e-16	2.096712756387e-2	7.118661364203e-2	7.521423123308e-3	1.200000000000e0	1.595442751095e2	9.924785768767e-1	9.924785768767e-1	14	true	4.823302698173e-11	28	14	9240
dominant-pair-weak-third	dominant-pair-weak-third	36	288	1	18	72	jacobi-0.5	smoother-only	0.000000000000e0	1.112721323910e-16	2.096712756387e-2	8.898326705254e-2	9.401778904136e-3	1.500000000000e0	1.595442751095e2	9.905982210959e-1	9.905982210959e-1	14	true	4.718286592407e-11	28	14	9240
dominant-pair-weak-third	dominant-pair-weak-third	36	288	1	18	72	jacobi-0.6	smoother-only	0.000000000000e0	1.011667853572e-16	2.096712756387e-2	1.067799204630e-1	1.128213468496e-2	1.800000000000e0	1.595442751095e2	9.887178653150e-1	9.887178653150e-1	14	true	4.587409897316e-11	28	14	9240
dominant-pair-weak-third	dominant-pair-weak-third	36	288	1	18	72	symmetric-map	smoother-only	1.484522544006e-16	3.377473562358e-16	5.494308278984e-15	6.764734066254e-2	3.586333334939e-2	1.000000000000e0	2.788363229535e1	9.641366666506e-1	9.641366666506e-1	7	true	4.147708075218e-12	14	7	8952
dominant-pair-weak-third	dominant-pair-weak-third	36	288	1	18	72	exact-pair-schwarz	smoother-only	4.198480118723e-16	4.801478514849e-16	1.285968222137e-14	1.023741638088e-1	5.097110419593e-1	1.500000000000e0	2.942843839981e0	5.000000000000e-1	5.000000000000e-1	10	true	4.720401459133e-11	20	10	23352
dominant-pair-weak-third	dominant-pair-weak-third	36	288	1	18	72	pair-cmg-all	smoother-only	3.313280294501e-16	5.336011711541e-16	1.288806657248e-14	1.023741638088e-1	5.097110419593e-1	1.500000000000e0	2.942843839981e0	5.000000000000e-1	5.000000000000e-1	10	true	4.720399923960e-11	20	10	29648
dominant-pair-weak-third	dominant-pair-weak-third	36	288	1	18	72	selected-1-2-plus-jacobi	smoother-only	1.889593604565e-16	3.868268972515e-16	5.082587125267e-3	2.422815548143e-2	3.903553590007e-3	8.750000000000e-1	2.241547297416e2	9.960964464100e-1	9.960964464100e-1	16	true	2.045739112181e-11	32	16	25096
dominant-pair-weak-third	dominant-pair-weak-third	36	288	1	18	72	selected-1-2-plus-map	smoother-only	1.301122924155e-16	3.345585103321e-16	4.769054531802e-15	9.777044019524e-2	3.633492026471e-2	1.500000000000e0	4.128260056915e1	9.636650797353e-1	9.636650797353e-1	10	true	3.786732250045e-11	20	10	24808
dominant-pair-weak-third	dominant-pair-weak-third	36	288	1	18	72	exact-coarse-only	coarse-only	3.805582144507e-16	3.517241350731e-16	1.304651489601e-14	-1.155343553560e-16	-4.506748976455e-16	1.000000000000e0	inf	1.000000000000e0	1.000000000000e0	NA	NA	NA	NA	NA	14304
dominant-pair-weak-third	dominant-pair-weak-third	36	288	1	18	72	two-grid-jacobi	two-grid	2.513985389428e-16	4.894747970976e-16	1.305714849847e-14	6.837869892551e-2	6.708992372363e-1	1.000000000000e0	1.490536796732e0	3.291007627638e-1	3.291007627638e-1	8	true	1.183582205036e-11	16	8	14592
dominant-pair-weak-third	dominant-pair-weak-third	36	288	1	18	72	two-grid-symmetric-map	two-grid	2.560855693927e-16	4.648144279725e-16	1.298838721023e-14	6.840815679358e-2	9.993709062158e-1	1.000000000000e0	1.000629489792e0	6.290937841930e-4	6.290937841930e-4	3	true	1.136649580717e-12	6	3	14304
dominant-pair-weak-third	dominant-pair-weak-third	36	288	1	18	72	two-grid-exact-pair	two-grid	1.603043831315e-16	3.852417087306e-16	1.305257704477e-14	6.840771506308e-2	9.928893461188e-1	1.000000000000e0	1.007161577379e0	7.110653881151e-3	7.110653881151e-3	4	true	4.890401755843e-12	8	4	37656
dominant-pair-weak-third	dominant-pair-weak-third	36	288	1	18	72	two-grid-pair-cmg	two-grid	1.591095020419e-16	3.814881896907e-16	1.301886594519e-14	6.840771506308e-2	9.928893461188e-1	1.000000000000e0	1.007161577379e0	7.110653881151e-3	7.110653881151e-3	4	true	4.890389133678e-12	8	4	43952
weak-chain	weak-chain	36	168	1	18	21	jacobi-0.4	smoother-only	0.000000000000e0	9.575367401347e-17	3.547530407341e-2	4.861927835832e-1	1.345963033359e-3	1.200000000000e0	8.915549463536e2	9.986540369666e-1	9.986540369666e-1	36	true	5.796091748157e-12	72	36	5880
weak-chain	weak-chain	36	168	1	18	21	jacobi-0.5	smoother-only	0.000000000000e0	8.239048074684e-17	3.547530407341e-2	6.077409794790e-1	1.682453791698e-3	1.500000000000e0	8.915549463536e2	9.983175462083e-1	9.983175462083e-1	35	true	9.985767328472e-11	70	35	5880
weak-chain	weak-chain	36	168	1	18	21	jacobi-0.6	smoother-only	0.000000000000e0	7.611700644886e-17	3.547530407341e-2	7.292891753748e-1	2.018944550037e-3	1.800000000000e0	8.915549463538e2	9.979810554500e-1	9.979810554500e-1	36	true	1.023846202528e-11	72	36	5880
weak-chain	weak-chain	36	168	1	18	21	symmetric-map	smoother-only	2.698441687718e-16	3.543048309032e-16	4.057421063165e-14	2.840698814345e-1	3.395044319240e-3	1.000000000000e0	2.945469649197e2	9.966049556808e-1	9.966049556808e-1	17	true	6.113246249315e-12	34	17	5592
weak-chain	weak-chain	36	168	1	18	21	exact-pair-schwarz	smoother-only	2.470803027154e-16	3.505600940765e-16	9.637794647578e-14	6.805808545348e-1	7.284913859143e-1	1.500000000000e0	2.059049741703e0	5.000000000000e-1	5.000000000000e-1	12	true	2.596622790002e-11	24	12	19992
weak-chain	weak-chain	36	168	1	18	21	pair-cmg-all	smoother-only	4.167524121341e-16	3.660942855115e-16	9.635168165494e-14	6.805808545348e-1	7.284913859143e-1	1.500000000000e0	2.059049741703e0	5.000000000000e-1	5.000000000000e-1	12	true	2.596617140178e-11	24	12	22448
weak-chain	weak-chain	36	168	1	18	21	selected-1-2-plus-jacobi	smoother-only	4.877945762382e-16	4.908264728208e-16	1.781769043237e-4	1.563422381707e-1	5.447695267880e-4	8.750000000000e-1	1.606183820815e3	9.994552304732e-1	9.994552304732e-1	29	true	1.579263471642e-12	58	29	17096
weak-chain	weak-chain	36	168	1	18	21	selected-1-2-plus-map	smoother-only	4.751835463848e-16	5.255542221654e-16	1.090352728397e-13	5.445866795669e-1	5.061344434308e-3	1.500000000000e0	2.963639442976e2	9.949386555657e-1	9.949386555657e-1	18	true	3.094622011328e-16	36	18	16808
weak-chain	weak-chain	36	168	1	18	21	exact-coarse-only	coarse-only	2.492670358177e-16	3.204093268520e-16	9.643765888397e-14	-9.159123248226e-14	-6.104614890563e-16	1.000000000000e0	inf	1.000000000000e0	1.000000000000e0	NA	NA	NA	NA	NA	9516
weak-chain	weak-chain	36	168	1	18	21	two-grid-jacobi	two-grid	2.606060474601e-16	3.774942063072e-16	9.644751595693e-14	4.562132526883e-1	6.210968866207e-1	1.000000000000e0	1.610054762053e0	3.789031133793e-1	3.789031133793e-1	9	true	1.892447378346e-11	18	9	9804
weak-chain	weak-chain	36	168	1	18	21	two-grid-symmetric-map	two-grid	2.754433896472e-16	4.086072714439e-16	9.648523717865e-14	4.579025217307e-1	9.971021390041e-1	1.000000000000e0	1.002906283000e0	2.897860995904e-3	2.897860995904e-3	3	true	4.368412943173e-11	6	3	9516
weak-chain	weak-chain	36	168	1	18	21	two-grid-exact-pair	two-grid	1.639061052494e-16	2.850242824451e-16	9.644433196104e-14	4.579055655071e-1	9.866447586460e-1	1.000000000000e0	1.013536018143e0	1.335524135401e-2	1.335524135401e-2	4	true	1.442141867755e-11	8	4	29508
weak-chain	weak-chain	36	168	1	18	21	two-grid-pair-cmg	two-grid	1.450808536734e-16	3.052752691560e-16	9.648050952137e-14	4.579055655071e-1	9.866447586460e-1	1.000000000000e0	1.013536018143e0	1.335524135401e-2	1.335524135401e-2	4	true	1.442140059608e-11	8	4	31964
nearly-nested	nearly-nested	36	288	1	18	72	jacobi-0.4	smoother-only	0.000000000000e0	9.455279531107e-17	1.104120678813e-2	9.255191539107e-2	2.236011606129e-3	1.200000000000e0	5.366698440699e2	9.977639883939e-1	9.977639883939e-1	26	true	7.480722726700e-11	52	26	9240
nearly-nested	nearly-nested	36	288	1	18	72	jacobi-0.5	smoother-only	0.000000000000e0	1.045697240267e-16	1.104120678813e-2	1.156898942388e-1	2.795014507662e-3	1.500000000000e0	5.366698440698e2	9.972049854923e-1	9.972049854923e-1	26	true	7.477338333735e-11	52	26	9240
nearly-nested	nearly-nested	36	288	1	18	72	jacobi-0.6	smoother-only	0.000000000000e0	1.006937484309e-16	1.104120678813e-2	1.388278730866e-1	3.354017409195e-3	1.800000000000e0	5.366698440698e2	9.966459825908e-1	9.966459825908e-1	26	true	7.476006434121e-11	52	26	9240
nearly-nested	nearly-nested	36	288	1	18	72	symmetric-map	smoother-only	1.819783784303e-16	3.888167294667e-16	1.846740856257e-14	8.383754865951e-2	1.104073200009e-2	1.000000000000e0	9.057370471377e1	9.889592679999e-1	9.889592679999e-1	13	true	9.650468494355e-14	26	13	8952
nearly-nested	nearly-nested	36	288	1	18	72	exact-pair-schwarz	smoother-only	2.950533132350e-16	3.971023354081e-16	3.459398001949e-14	1.258949807728e-1	5.027303109578e-1	1.500000000000e0	2.983707103600e0	5.000000000000e-1	5.000000000000e-1	12	true	9.156528065802e-11	24	12	23352
nearly-nested	nearly-nested	36	288	1	18	72	pair-cmg-all	smoother-only	3.657529396789e-16	4.354423042215e-16	3.463169757228e-14	1.258949807728e-1	5.027303109578e-1	1.500000000000e0	2.983707103600e0	5.000000000000e-1	5.000000000000e-1	12	true	9.156530913885e-11	24	12	28112
nearly-nested	nearly-nested	36	288	1	18	72	selected-1-2-plus-jacobi	smoother-only	1.725768897723e-16	3.845665646898e-16	2.685135694352e-3	2.947554111628e-2	1.163425232910e-3	8.750000000000e-1	7.520895844861e2	9.988365747671e-1	9.988365747671e-1	29	true	1.049499767643e-12	58	29	25096
nearly-nested	nearly-nested	36	288	1	18	72	selected-1-2-plus-map	smoother-only	1.576365349250e-16	4.145666151363e-16	1.649910057999e-14	1.227403647338e-1	1.107731111147e-2	1.500000000000e0	1.354119230656e2	9.889226888885e-1	9.889226888885e-1	17	true	4.647054719057e-11	34	17	24808
nearly-nested	nearly-nested	36	288	1	18	72	exact-coarse-only	coarse-only	2.606002967320e-16	3.922349482673e-16	3.470042166879e-14	-3.415771620024e-15	-4.037127003771e-16	1.000000000000e0	inf	1.000000000000e0	1.000000000000e0	NA	NA	NA	NA	NA	14304
nearly-nested	nearly-nested	36	288	1	18	72	two-grid-jacobi	two-grid	2.653429311973e-16	4.310308608187e-16	3.473917954643e-14	8.396219155950e-2	6.722127356685e-1	1.000000000000e0	1.487624299480e0	3.277872643315e-1	3.277872643315e-1	8	true	6.385332275189e-12	16	8	14592
nearly-nested	nearly-nested	36	288	1	18	72	two-grid-symmetric-map	two-grid	2.616631967075e-16	4.987604081208e-16	3.470894613748e-14	8.399754560645e-2	9.993945448410e-1	1.000000000000e0	1.000605821957e0	6.054551589671e-4	6.054551589671e-4	3	true	6.281083555590e-14	6	3	14304
nearly-nested	nearly-nested	36	288	1	18	72	two-grid-exact-pair	two-grid	1.461752977046e-16	3.631415260100e-16	3.467854617158e-14	8.399746366225e-2	9.930543931679e-1	1.000000000000e0	1.006994185696e0	6.945606832102e-3	6.945606832102e-3	4	true	1.601073318991e-12	8	4	37656
nearly-nested	nearly-nested	36	288	1	18	72	two-grid-pair-cmg	two-grid	2.005644165112e-16	3.666223933605e-16	3.475467119845e-14	8.399746366225e-2	9.930543931679e-1	1.000000000000e0	1.006994185696e0	6.945606832102e-3	6.945606832102e-3	4	true	1.601048929145e-12	8	4	42416
latin-square	latin-square	36	144	1	18	36	jacobi-0.4	smoother-only	0.000000000000e0	1.152828497261e-16	2.330432243660e-2	8.197131216841e-2	2.813445343512e-1	1.200000000000e0	4.265233027425e0	7.186554656488e-1	7.186554656488e-1	13	true	1.148958742887e-11	26	13	5208
latin-square	latin-square	36	144	1	18	36	jacobi-0.5	smoother-only	0.000000000000e0	1.058294929479e-16	2.330432243660e-2	1.024641402105e-1	3.516806679389e-1	1.500000000000e0	4.265233027425e0	6.483193320611e-1	6.483193320611e-1	13	true	1.149088669548e-11	26	13	5208
latin-square	latin-square	36	144	1	18	36	jacobi-0.6	smoother-only	0.000000000000e0	1.065084616695e-16	2.330432243660e-2	1.229569682526e-1	4.220168015267e-1	1.800000000000e0	4.265233027425e0	8.000000000000e-1	8.000000000000e-1	13	true	1.148965398223e-11	26	13	5208
latin-square	latin-square	36	144	1	18	36	symmetric-map	smoother-only	1.050064204045e-16	3.536079656221e-16	1.832687669602e-15	7.904890080956e-2	9.159057705062e-1	1.000000000000e0	1.091815372500e0	8.409422949379e-2	8.409422949379e-2	6	true	1.764913092182e-11	12	6	4920
latin-square	latin-square	36	144	1	18	36	exact-pair-schwarz	smoother-only	1.966236829585e-16	3.449576847992e-16	1.887571773137e-15	1.180605209469e-1	8.356153826124e-1	1.500000000000e0	1.795084235178e0	5.000000000000e-1	5.000000000000e-1	10	true	1.154836652169e-11	20	10	19320
latin-square	latin-square	36	144	1	18	36	pair-cmg-all	smoother-only	1.821109381798e-16	3.415727340644e-16	1.895859361731e-15	1.180605209469e-1	8.356153826124e-1	1.500000000000e0	1.795084235178e0	5.000000000000e-1	5.000000000000e-1	10	true	1.154834357585e-11	20	10	25616
latin-square	latin-square	36	144	1	18	36	selected-1-2-plus-jacobi	smoother-only	1.578717926076e-16	3.706369855111e-16	5.625551525096e-3	2.620697023975e-2	1.149337667923e-1	8.750000000000e-1	7.613080336794e0	8.850662332077e-1	8.850662332077e-1	14	true	6.022281983735e-11	28	14	17032
latin-square	latin-square	36	144	1	18	36	selected-1-2-plus-map	smoother-only	1.023044406379e-16	3.346162382767e-16	1.941171331333e-15	1.184638179736e-1	9.333260198986e-1	1.500000000000e0	1.607155450528e0	5.000000000000e-1	5.000000000000e-1	9	true	3.097649877813e-11	18	9	16744
latin-square	latin-square	36	144	1	18	36	exact-coarse-only	coarse-only	2.614325962586e-16	4.043564926506e-16	1.943926211093e-15	-1.217565968996e-16	-4.657960038443e-16	1.000000000000e0	inf	1.000000000000e0	1.000000000000e0	NA	NA	NA	NA	NA	9264
latin-square	latin-square	36	144	1	18	36	two-grid-jacobi	two-grid	9.081629927423e-17	3.317103258246e-16	1.903570910753e-15	7.898851580304e-2	6.723299840913e-1	1.000000000000e0	1.487364870915e0	3.276700159087e-1	3.276700159087e-1	8	true	4.086072681539e-12	16	8	9552
latin-square	latin-square	36	144	1	18	36	two-grid-symmetric-map	two-grid	8.263963328338e-17	3.006109567119e-16	1.869673123555e-15	7.905280309298e-2	9.993333706912e-1	1.000000000000e0	1.000667074000e0	6.666293088450e-4	6.666293088450e-4	3	true	9.503585545519e-13	6	3	9264
latin-square	latin-square	36	144	1	18	36	two-grid-exact-pair	two-grid	7.981851438627e-17	3.270261120451e-16	1.911334784081e-15	7.905224501973e-2	9.927944796281e-1	1.000000000000e0	1.007257816718e0	7.205520371922e-3	7.205520371922e-3	4	true	8.581460436372e-12	8	4	28584
latin-square	latin-square	36	144	1	18	36	two-grid-pair-cmg	two-grid	7.911997613933e-17	3.238045595113e-16	1.896037533608e-15	7.905224501973e-2	9.927944796281e-1	1.000000000000e0	1.007257816718e0	7.205520371922e-3	7.205520371922e-3	4	true	8.581435130461e-12	8	4	34880
tensor-grid	tensor-grid	24	240	1	12	60	jacobi-0.4	smoother-only	0.000000000000e0	7.940652581403e-17	4.446843532784e-2	3.081772279724e-2	3.175684483557e-1	1.200000000000e0	3.778712923823e0	6.824315516443e-1	6.824315516443e-1	10	true	3.460907292762e-11	20	10	7512
tensor-grid	tensor-grid	24	240	1	12	60	jacobi-0.5	smoother-only	0.000000000000e0	6.675535890914e-17	4.446843532784e-2	3.852215349655e-2	3.969605604446e-1	1.500000000000e0	3.778712923823e0	6.030394395554e-1	6.030394395554e-1	10	true	3.461107886594e-11	20	10	7512
tensor-grid	tensor-grid	24	240	1	12	60	jacobi-0.6	smoother-only	0.000000000000e0	6.809920718730e-17	4.446843532784e-2	4.622658419586e-2	4.763526725336e-1	1.800000000000e0	3.778712923823e0	8.000000000000e-1	8.000000000000e-1	10	true	3.460984511664e-11	20	10	7512
tensor-grid	tensor-grid	24	240	1	12	60	symmetric-map	smoother-only	1.551136152223e-16	2.010419777187e-16	1.428438770844e-15	3.324807072266e-2	9.567832824523e-1	1.000000000000e0	1.045168763230e0	4.321671754766e-2	4.321671754766e-2	5	true	2.447828807444e-12	10	5	7320
tensor-grid	tensor-grid	24	240	1	12	60	exact-pair-schwarz	smoother-only	1.234747818169e-16	1.803611017179e-16	1.376948333287e-15	4.981875645326e-2	8.914219923235e-1	1.500000000000e0	1.682704726737e0	5.000000000000e-1	5.000000000000e-1	8	true	4.519393459182e-11	16	8	13912
tensor-grid	tensor-grid	24	240	1	12	60	pair-cmg-all	smoother-only	2.309918287177e-16	2.344519227852e-16	1.419691202390e-15	4.981875645326e-2	8.914219923235e-1	1.500000000000e0	1.682704726737e0	5.000000000000e-1	5.000000000000e-1	8	true	4.519396969638e-11	16	8	18096
tensor-grid	tensor-grid	24	240	1	12	60	selected-1-3-plus-jacobi	smoother-only	1.605027382062e-16	2.491244474058e-16	1.058026429267e-2	1.201866858970e-2	1.202411624993e-1	8.750000000000e-1	7.277042086194e0	8.797588375007e-1	8.797588375007e-1	12	true	1.614410778848e-11	24	12	18376
tensor-grid	tensor-grid	24	240	1	12	60	selected-1-3-plus-map	smoother-only	1.263612418560e-16	1.893794136711e-16	1.382453056097e-15	4.983545998110e-2	9.908385083720e-1	1.500000000000e0	1.513869300926e0	5.000000000000e-1	5.000000000000e-1	7	true	1.160549838954e-11	14	7	18184
tensor-grid	tensor-grid	24	240	1	12	60	exact-coarse-only	coarse-only	1.627348837976e-16	2.756058209014e-16	1.366978707596e-15	-3.724267346674e-17	-3.231934083825e-16	1.000000000000e0	inf	1.000000000000e0	1.000000000000e0	NA	NA	NA	NA	NA	10656
tensor-grid	tensor-grid	24	240	1	12	60	two-grid-jacobi	two-grid	9.710792920778e-17	2.102028342153e-16	1.400503684787e-15	3.324400119764e-2	6.616963891636e-1	1.000000000000e0	1.511267125493e0	3.383036108364e-1	3.383036108364e-1	7	true	1.748988116137e-11	14	7	10848
tensor-grid	tensor-grid	24	240	1	12	60	two-grid-symmetric-map	two-grid	1.133711713138e-16	1.994987407307e-16	1.393417363251e-15	3.324817225494e-2	9.991490916745e-1	1.000000000000e0	1.000851632987e0	8.509083254841e-4	8.509083254841e-4	3	true	9.505722501838e-14	6	3	10656
tensor-grid	tensor-grid	24	240	1	12	60	two-grid-exact-pair	two-grid	1.067983346163e-16	2.106293448303e-16	1.387855173369e-15	3.324814688537e-2	9.893142769869e-1	1.000000000000e0	1.010801141014e0	1.068572301314e-2	1.068572301314e-2	4	true	5.891275836064e-12	8	4	24568
tensor-grid	tensor-grid	24	240	1	12	60	two-grid-pair-cmg	two-grid	1.082222069535e-16	1.981538016346e-16	1.385256382197e-15	3.324814688537e-2	9.893142769869e-1	1.000000000000e0	1.010801141014e0	1.068572301314e-2	1.068572301314e-2	4	true	5.891200560866e-12	8	4	28752
hub-power-law	hub-power-law	36	464	1	18	116	jacobi-0.4	smoother-only	0.000000000000e0	7.799063583106e-17	8.541383417818e-2	7.425330347416e-3	1.678876666973e-1	1.200000000000e0	7.147636414313e0	8.321123333027e-1	8.321123333027e-1	11	true	2.282290509172e-11	22	11	14168
hub-power-law	hub-power-law	36	464	1	18	116	jacobi-0.5	smoother-only	0.000000000000e0	8.323488042027e-17	8.541383417818e-2	9.281662934270e-3	2.098595833717e-1	1.500000000000e0	7.147636414313e0	7.901404166283e-1	7.901404166283e-1	11	true	2.282252659313e-11	22	11	14168
hub-power-law	hub-power-law	36	464	1	18	116	jacobi-0.6	smoother-only	0.000000000000e0	8.066491140198e-17	8.541383417818e-2	1.113799552112e-2	2.518315000460e-1	1.800000000000e0	7.147636414313e0	8.000000000000e-1	8.000000000000e-1	11	true	2.282650058056e-11	22	11	14168
hub-power-law	hub-power-law	36	464	1	18	116	symmetric-map	smoother-only	1.377997281637e-16	2.855890419294e-16	7.093731683801e-13	9.850872967927e-3	7.161137496285e-1	1.000000000000e0	1.396426196982e0	2.838862503715e-1	2.838862503715e-1	5	true	7.500973738266e-11	10	5	13880
hub-power-law	hub-power-law	36	464	1	18	116	exact-pair-schwarz	smoother-only	1.481677468979e-16	3.540936542777e-16	7.274197548267e-13	1.360318648380e-2	5.915699010662e-1	1.500000000000e0	2.535625962877e0	5.000000000000e-1	5.000000000000e-1	9	true	4.430535907938e-11	18	9	28280
hub-power-law	hub-power-law	36	464	1	18	116	pair-cmg-all	smoother-only	2.235470686729e-16	3.068400069011e-16	7.274186367848e-13	1.360318648380e-2	5.915699010662e-1	1.500000000000e0	2.535625962877e0	5.000000000000e-1	5.000000000000e-1	9	true	4.430539569616e-11	18	9	34576
hub-power-law	hub-power-law	36	464	1	18	116	selected-1-2-plus-jacobi	smoother-only	1.612056094608e-16	3.662769640615e-16	2.081775084874e-2	2.358204061400e-3	8.991605364557e-2	8.750000000000e-1	9.731298967469e0	9.100839463544e-1	9.100839463544e-1	13	true	1.242424146946e-12	26	13	34952
hub-power-law	hub-power-law	36	464	1	18	116	selected-1-2-plus-map	smoother-only	1.166792761209e-16	2.846018477574e-16	7.315800078174e-13	1.421565618453e-2	7.478176658275e-1	1.500000000000e0	2.005836540837e0	5.000000000000e-1	5.000000000000e-1	8	true	1.008545878963e-11	16	8	34664
hub-power-law	hub-power-law	36	464	1	18	116	exact-coarse-only	coarse-only	2.521697714408e-16	3.461645205927e-16	4.238044754972e-13	-1.917981678852e-17	-3.261466041231e-16	1.000000000000e0	inf	1.000000000000e0	1.000000000000e0	NA	NA	NA	NA	NA	20464
hub-power-law	hub-power-law	36	464	1	18	116	two-grid-jacobi	two-grid	1.139405328319e-16	2.844568933399e-16	6.460066791959e-13	1.006867033805e-2	7.072920694203e-1	1.000000000000e0	1.413843082985e0	2.927079305797e-1	2.927079305797e-1	7	true	6.058044382144e-12	14	7	20752
hub-power-law	hub-power-law	36	464	1	18	116	two-grid-symmetric-map	two-grid	9.558718791816e-17	2.825391880034e-16	7.022663421800e-13	1.007174076953e-2	9.994553622599e-1	1.000000000000e0	1.000544934532e0	5.446377401478e-4	5.446377401478e-4	3	true	2.020473579877e-14	6	3	20464
hub-power-law	hub-power-law	36	464	1	18	116	two-grid-exact-pair	two-grid	1.034805263810e-16	2.709168425851e-16	7.018096845798e-13	1.007129097530e-2	9.968981090107e-1	1.000000000000e0	1.003111542655e0	3.101890989280e-3	3.101890989280e-3	4	true	7.828937679741e-14	8	4	48744
hub-power-law	hub-power-law	36	464	1	18	116	two-grid-pair-cmg	two-grid	1.010344931283e-16	2.641885937986e-16	7.018033137370e-13	1.007129097530e-2	9.968981090107e-1	1.000000000000e0	1.003111542655e0	3.101890989280e-3	3.101890989280e-3	4	true	7.826561552481e-14	8	4	55040
weight-dynamic-range	weight-dynamic-range	36	144	1	18	36	jacobi-0.4	smoother-only	0.000000000000e0	6.044309830911e-17	2.133607348728e-1	6.529562070109e-7	7.550547367179e-7	1.200000000000e0	1.589288751722e6	9.999992449453e-1	9.999992449453e-1	56	true	7.589774855278e-11	112	56	5208
weight-dynamic-range	weight-dynamic-range	36	144	1	18	36	jacobi-0.5	smoother-only	0.000000000000e0	9.793158478040e-17	2.133607348728e-1	8.161952587636e-7	9.438184202768e-7	1.500000000000e0	1.589288752767e6	9.999990561816e-1	9.999990561816e-1	57	true	2.750548192676e-11	114	57	5208
weight-dynamic-range	weight-dynamic-range	36	144	1	18	36	jacobi-0.6	smoother-only	0.000000000000e0	9.025924923084e-17	2.133607348728e-1	9.794343105164e-7	1.132582104681e-6	1.800000000000e0	1.589288752277e6	9.999988674179e-1	9.999988674179e-1	57	true	2.914289243995e-11	114	57	5208
weight-dynamic-range	weight-dynamic-range	36	144	1	18	36	symmetric-map	smoother-only	5.422784225042e-17	2.434708581422e-16	7.962672179242e-12	3.884942590788e-7	3.637146556627e-6	1.000000000000e0	2.749408044001e5	9.999963628534e-1	9.999963628534e-1	26	true	4.880567349322e-11	52	26	4920
weight-dynamic-range	weight-dynamic-range	36	144	1	18	36	exact-pair-schwarz	smoother-only	2.599690179034e-16	3.890403140646e-16	2.559629196256e-11	9.428826226703e-7	1.097113341992e-3	1.500000000000e0	1.367224280835e3	9.989028866580e-1	9.989028866580e-1	20	true	2.488392828888e-11	40	20	19320
weight-dynamic-range	weight-dynamic-range	36	144	1	18	36	pair-cmg-all	smoother-only	4.845857237342e-16	5.529423041756e-16	2.559626782538e-11	9.428826226686e-7	1.097113341992e-3	1.499999999999e0	1.367224280835e3	9.989028866580e-1	9.989028866580e-1	20	true	2.488393922974e-11	40	20	25616
weight-dynamic-range	weight-dynamic-range	36	144	1	18	36	selected-1-2-plus-jacobi	smoother-only	6.091780716957e-16	6.399288961735e-16	7.118295939164e-4	2.223337193827e-7	6.898578232708e-7	8.750000000002e-1	1.268377295269e6	9.999993101422e-1	9.999993101422e-1	45	true	5.783325595185e-12	90	45	17032
weight-dynamic-range	weight-dynamic-range	36	144	1	18	36	selected-1-2-plus-map	smoother-only	6.086598599118e-16	6.198335456356e-16	6.264626581138e-12	7.757002027574e-7	6.228274227653e-6	1.500000000002e0	2.408371797988e5	9.999937717258e-1	9.999937717258e-1	27	true	7.106714468518e-11	54	27	16744
weight-dynamic-range	weight-dynamic-range	36	144	1	18	36	exact-coarse-only	coarse-only	2.376893463540e-16	3.635552102335e-16	7.336942816957e-11	-1.558581317988e-18	-4.122335894033e-16	1.000000000140e0	inf	1.000000000000e0	1.000000000000e0	NA	NA	NA	NA	NA	9264
weight-dynamic-range	weight-dynamic-range	36	144	1	18	36	two-grid-jacobi	two-grid	2.674760168795e-16	4.321376536581e-16	7.336921938529e-11	6.317556139670e-7	6.059083511269e-1	1.000000000140e0	1.650414618448e0	3.940916488731e-1	3.940916488731e-1	9	true	6.771606673139e-11	18	9	9552
weight-dynamic-range	weight-dynamic-range	36	144	1	18	36	two-grid-symmetric-map	two-grid	3.157878010420e-16	4.388110366631e-16	7.336915262600e-11	6.345911177432e-7	9.872537377087e-1	1.000000000020e0	1.012910827100e0	1.274626229126e-2	1.274626229126e-2	4	true	3.545351661119e-13	8	4	9264
weight-dynamic-range	weight-dynamic-range	36	144	1	18	36	two-grid-exact-pair	two-grid	2.715519491355e-16	3.869017273604e-16	7.336953129898e-11	6.344834644460e-7	9.796838293571e-1	1.000000000138e0	1.020737476900e0	2.031617064285e-2	2.031617064285e-2	4	true	6.941714127122e-11	8	4	28584
weight-dynamic-range	weight-dynamic-range	36	144	1	18	36	two-grid-pair-cmg	two-grid	2.718926349201e-16	3.739709964166e-16	7.336946463681e-11	6.344834644436e-7	9.796838293570e-1	1.000000000138e0	1.020737476900e0	2.031617064299e-2	2.031617064299e-2	4	true	6.941712164040e-11	8	4	34880
disconnected-ragged-depth	disconnected-ragged-depth	42	328	2	21	41	jacobi-0.4	smoother-only	0.000000000000e0	6.460281909172e-17	3.244248995018e-2	1.666666666667e-1	3.279690637266e-1	1.200000000000e0	3.658881683427e0	6.720309362734e-1	6.720309362734e-1	9	true	6.427433216697e-11	18	9	10576
disconnected-ragged-depth	disconnected-ragged-depth	42	328	2	21	41	jacobi-0.5	smoother-only	0.000000000000e0	6.308700225566e-17	3.244248995018e-2	2.083333333333e-1	4.099613296583e-1	1.500000000000e0	3.658881683427e0	5.900386703417e-1	5.900386703417e-1	9	true	6.427447410007e-11	18	9	10576
disconnected-ragged-depth	disconnected-ragged-depth	42	328	2	21	41	jacobi-0.6	smoother-only	0.000000000000e0	6.328752473273e-17	3.244248995018e-2	2.500000000000e-1	4.919535955899e-1	1.800000000000e0	3.658881683427e0	8.000000000000e-1	8.000000000000e-1	9	true	6.427457263039e-11	18	9	10576
disconnected-ragged-depth	disconnected-ragged-depth	42	328	2	21	41	symmetric-map	smoother-only	5.585200756128e-16	3.943356519404e-16	1.394797073044e-15	1.448165026454e-1	9.666412083365e-1	1.000000000000e0	1.034510003687e0	3.335879166350e-2	3.335879166350e-2	5	true	2.806154531436e-12	10	5	10240
disconnected-ragged-depth	disconnected-ragged-depth	42	328	2	21	41	exact-pair-schwarz	smoother-only	1.371647368280e-16	2.256143040499e-16	1.400076233468e-15	2.171703175746e-1	9.029938919659e-1	1.500000000000e0	1.661140804324e0	5.000000000000e-1	5.000000000000e-1	8	true	3.539641285947e-11	16	8	29728
disconnected-ragged-depth	disconnected-ragged-depth	42	328	2	21	41	pair-cmg-all	smoother-only	1.429964084996e-16	2.087341186887e-16	1.453623514890e-15	2.171703175746e-1	9.029938919659e-1	1.500000000000e0	1.661140804324e0	5.000000000000e-1	5.000000000000e-1	8	true	3.539647107076e-11	16	8	31944
disconnected-ragged-depth	disconnected-ragged-depth	42	328	2	21	41	selected-1-2-plus-jacobi	smoother-only	1.498587370623e-16	2.088655943553e-16	8.056454306484e-3	5.434782608696e-2	1.214477902022e-1	8.750000000000e-1	7.204742042183e0	8.785522097978e-1	8.785522097978e-1	11	true	2.602139528619e-11	22	11	28056
disconnected-ragged-depth	disconnected-ragged-depth	42	328	2	21	41	selected-1-2-plus-map	smoother-only	4.158052245267e-16	3.156614903448e-16	1.446703735241e-15	2.172246543852e-1	9.769804174980e-1	1.500000000000e0	1.535342953794e0	5.000000000000e-1	5.000000000000e-1	7	true	3.270033339327e-11	14	7	27720
disconnected-ragged-depth	disconnected-ragged-depth	42	328	2	21	41	exact-coarse-only	coarse-only	1.753366193159e-16	2.437034340223e-16	1.495981853187e-15	-6.484708636868e-16	-3.806884428723e-16	1.000000000000e0	inf	1.000000000000e0	1.000000000000e0	NA	NA	NA	NA	NA	15804
disconnected-ragged-depth	disconnected-ragged-depth	42	328	2	21	41	two-grid-jacobi	two-grid	1.765745028792e-16	2.438143356070e-16	1.397922361514e-15	1.448165735084e-1	7.500000000000e-1	1.000000000000e0	1.333333333333e0	2.500000000000e-1	2.500000000000e-1	2	true	1.318304551631e-16	4	2	16140
disconnected-ragged-depth	disconnected-ragged-depth	42	328	2	21	41	two-grid-symmetric-map	two-grid	1.978093101528e-16	2.950214324496e-16	1.404664314202e-15	1.448165735084e-1	1.000000000000e0	1.000000000000e0	1.000000000000e0	1.671917203088e-14	1.671917203088e-14	1	true	1.064915048258e-16	2	1	15804
disconnected-ragged-depth	disconnected-ragged-depth	42	328	2	21	41	two-grid-exact-pair	two-grid	1.821485847151e-16	2.148021432835e-16	1.368975142164e-15	1.448165735084e-1	1.000000000000e0	1.000000000000e0	1.000000000000e0	1.735029474236e-14	1.735029474236e-14	1	true	2.477073478103e-16	2	1	45532
disconnected-ragged-depth	disconnected-ragged-depth	42	328	2	21	41	two-grid-pair-cmg	two-grid	2.042161657881e-16	2.683743376632e-16	1.361169067014e-15	1.448165735084e-1	1.000000000000e0	1.000000000000e0	1.000000000000e0	1.762074594118e-14	1.762074594118e-14	1	true	2.137113476534e-16	2	1	47748
