case	method	iteration	relative_true_residual
weak-chain-depth-2	diagonal	0	1.000000000000e0
weak-chain-depth-2	diagonal	1	7.106240654921e-2
weak-chain-depth-2	diagonal	2	1.384243203418e-2
weak-chain-depth-2	diagonal	3	7.380770612962e-3
weak-chain-depth-2	diagonal	4	3.410950691898e-3
weak-chain-depth-2	diagonal	5	7.179919343537e-3
weak-chain-depth-2	diagonal	6	7.136696235342e-3
weak-chain-depth-2	diagonal	7	1.542560730325e-3
weak-chain-depth-2	diagonal	8	3.320834847608e-4
weak-chain-depth-2	diagonal	9	1.714195676571e-4
weak-chain-depth-2	diagonal	10	4.733811557931e-4
weak-chain-depth-2	diagonal	11	2.316325714599e-4
weak-chain-depth-2	diagonal	12	2.610412850590e-5
weak-chain-depth-2	diagonal	13	4.699860919912e-6
weak-chain-depth-2	diagonal	14	5.741304496411e-7
weak-chain-depth-2	diagonal	15	4.976395573712e-8
weak-chain-depth-2	diagonal	16	5.390459528588e-9
weak-chain-depth-2	diagonal	17	2.905924037371e-9
weak-chain-depth-2	diagonal	18	2.733411462664e-10
weak-chain-depth-2	diagonal	19	4.271895642572e-11
weak-chain-depth-2	symmetric-map	0	1.000000000000e0
weak-chain-depth-2	symmetric-map	1	1.022474714811e-2
weak-chain-depth-2	symmetric-map	2	1.010052703888e-2
weak-chain-depth-2	symmetric-map	3	4.370631481893e-3
weak-chain-depth-2	symmetric-map	4	3.709964672631e-3
weak-chain-depth-2	symmetric-map	5	3.014482949810e-3
weak-chain-depth-2	symmetric-map	6	9.502383966320e-5
weak-chain-depth-2	symmetric-map	7	1.172260345897e-6
weak-chain-depth-2	symmetric-map	8	1.476422925506e-8
weak-chain-depth-2	symmetric-map	9	4.929394174408e-11
weak-chain-depth-2	pair-cmg	0	1.000000000000e0
weak-chain-depth-2	pair-cmg	1	3.160726687994e-2
weak-chain-depth-2	pair-cmg	2	3.272339525355e-3
weak-chain-depth-2	pair-cmg	3	5.117288073886e-4
weak-chain-depth-2	pair-cmg	4	1.112131182372e-4
weak-chain-depth-2	pair-cmg	5	1.764234552537e-5
weak-chain-depth-2	pair-cmg	6	1.406662805495e-6
weak-chain-depth-2	pair-cmg	7	2.099546566339e-7
weak-chain-depth-2	pair-cmg	8	2.163088113745e-8
weak-chain-depth-2	pair-cmg	9	2.340416486672e-9
weak-chain-depth-2	pair-cmg	10	1.732064043541e-10
weak-chain-depth-2	pair-cmg	11	1.397376167842e-11
weak-chain-depth-2	oracle-jacobi	0	1.000000000000e0
weak-chain-depth-2	oracle-jacobi	1	1.297418102029e-2
weak-chain-depth-2	oracle-jacobi	2	1.178296181139e-3
weak-chain-depth-2	oracle-jacobi	3	1.909135685885e-4
weak-chain-depth-2	oracle-jacobi	4	2.109033001388e-5
weak-chain-depth-2	oracle-jacobi	5	1.376655442826e-6
weak-chain-depth-2	oracle-jacobi	6	1.899056293344e-7
weak-chain-depth-2	oracle-jacobi	7	1.641421800312e-8
weak-chain-depth-2	oracle-jacobi	8	1.303198082500e-9
weak-chain-depth-2	oracle-jacobi	9	1.786606191235e-10
weak-chain-depth-2	oracle-jacobi	10	2.200422951330e-11
weak-chain-depth-2	oracle-pair-finest	0	1.000000000000e0
weak-chain-depth-2	oracle-pair-finest	1	1.123572790408e-3
weak-chain-depth-2	oracle-pair-finest	2	3.216282354148e-6
weak-chain-depth-2	oracle-pair-finest	3	2.079625005840e-8
weak-chain-depth-2	oracle-pair-finest	4	8.119083675138e-11
weak-chain-depth-2	oracle-pair-first-two	0	1.000000000000e0
weak-chain-depth-2	oracle-pair-first-two	1	9.142085754928e-4
weak-chain-depth-2	oracle-pair-first-two	2	2.452724197008e-6
weak-chain-depth-2	oracle-pair-first-two	3	1.430479971447e-8
weak-chain-depth-2	oracle-pair-first-two	4	4.779561373876e-11
weak-chain-depth-2	oracle-pair-all-levels	0	1.000000000000e0
weak-chain-depth-2	oracle-pair-all-levels	1	9.142085754928e-4
weak-chain-depth-2	oracle-pair-all-levels	2	2.452724197008e-6
weak-chain-depth-2	oracle-pair-all-levels	3	1.430479971447e-8
weak-chain-depth-2	oracle-pair-all-levels	4	4.779561373876e-11
weak-chain-depth-2	oracle-map-all-levels	0	1.000000000000e0
weak-chain-depth-2	oracle-map-all-levels	1	7.561138970325e-5
weak-chain-depth-2	oracle-map-all-levels	2	7.738037198195e-8
weak-chain-depth-2	oracle-map-all-levels	3	4.364389623398e-11
community-depth-2	diagonal	0	1.000000000000e0
community-depth-2	diagonal	1	7.171495365517e-2
community-depth-2	diagonal	2	1.784402563544e-2
community-depth-2	diagonal	3	1.244177380843e-2
community-depth-2	diagonal	4	8.377319813179e-3
community-depth-2	diagonal	5	1.370450130761e-2
community-depth-2	diagonal	6	4.158901300055e-3
community-depth-2	diagonal	7	4.885919640324e-4
community-depth-2	diagonal	8	1.088624064432e-4
community-depth-2	diagonal	9	1.198104801284e-4
community-depth-2	diagonal	10	1.523894719702e-4
community-depth-2	diagonal	11	3.323151571600e-5
community-depth-2	diagonal	12	3.790402857707e-6
community-depth-2	diagonal	13	7.961378280614e-7
community-depth-2	diagonal	14	1.222072042013e-7
community-depth-2	diagonal	15	2.413255463735e-8
community-depth-2	diagonal	16	2.831336580704e-9
community-depth-2	diagonal	17	9.136819516598e-10
community-depth-2	diagonal	18	1.453320043468e-10
community-depth-2	diagonal	19	9.426489860462e-12
community-depth-2	symmetric-map	0	1.000000000000e0
community-depth-2	symmetric-map	1	1.836663622033e-2
community-depth-2	symmetric-map	2	2.472595716018e-2
community-depth-2	symmetric-map	3	5.497361203318e-3
community-depth-2	symmetric-map	4	7.782341465942e-3
community-depth-2	symmetric-map	5	3.113159697627e-4
community-depth-2	symmetric-map	6	5.447781767605e-6
community-depth-2	symmetric-map	7	1.851138433096e-7
community-depth-2	symmetric-map	8	1.142631415703e-9
community-depth-2	symmetric-map	9	1.475647764505e-11
community-depth-2	pair-cmg	0	1.000000000000e0
community-depth-2	pair-cmg	1	3.248969023077e-2
community-depth-2	pair-cmg	2	4.419742155573e-3
community-depth-2	pair-cmg	3	8.709650010981e-4
community-depth-2	pair-cmg	4	2.315653199149e-4
community-depth-2	pair-cmg	5	2.527308136983e-5
community-depth-2	pair-cmg	6	1.764803502000e-6
community-depth-2	pair-cmg	7	1.302632476940e-7
community-depth-2	pair-cmg	8	6.933567192508e-9
community-depth-2	pair-cmg	9	4.821280998953e-10
community-depth-2	pair-cmg	10	4.384366303121e-11
community-depth-2	oracle-jacobi	0	1.000000000000e0
community-depth-2	oracle-jacobi	1	1.315883184694e-2
community-depth-2	oracle-jacobi	2	1.581502315582e-3
community-depth-2	oracle-jacobi	3	2.675709552667e-4
community-depth-2	oracle-jacobi	4	1.964458548048e-5
community-depth-2	oracle-jacobi	5	1.846747006317e-6
community-depth-2	oracle-jacobi	6	1.878839639269e-7
community-depth-2	oracle-jacobi	7	2.905821029035e-8
community-depth-2	oracle-jacobi	8	2.806037267716e-9
community-depth-2	oracle-jacobi	9	1.979947201733e-10
community-depth-2	oracle-jacobi	10	1.909915831780e-11
community-depth-2	oracle-pair-finest	0	1.000000000000e0
community-depth-2	oracle-pair-finest	1	1.129387551729e-3
community-depth-2	oracle-pair-finest	2	5.242123957464e-6
community-depth-2	oracle-pair-finest	3	2.864314583074e-8
community-depth-2	oracle-pair-finest	4	2.128878153097e-10
community-depth-2	oracle-pair-finest	5	1.347069988280e-12
community-depth-2	oracle-pair-first-two	0	1.000000000000e0
community-depth-2	oracle-pair-first-two	1	9.656196455726e-4
community-depth-2	oracle-pair-first-two	2	4.971964833273e-6
community-depth-2	oracle-pair-first-two	3	1.722968268590e-8
community-depth-2	oracle-pair-first-two	4	5.721901959855e-11
community-depth-2	oracle-pair-all-levels	0	1.000000000000e0
community-depth-2	oracle-pair-all-levels	1	9.656196455726e-4
community-depth-2	oracle-pair-all-levels	2	4.971964833273e-6
community-depth-2	oracle-pair-all-levels	3	1.722968268590e-8
community-depth-2	oracle-pair-all-levels	4	5.721901959855e-11
community-depth-2	oracle-map-all-levels	0	1.000000000000e0
community-depth-2	oracle-map-all-levels	1	6.550396877836e-5
community-depth-2	oracle-map-all-levels	2	8.507569182019e-8
community-depth-2	oracle-map-all-levels	3	8.437566335464e-11
weak-chain-depth-3	diagonal	0	1.000000000000e0
weak-chain-depth-3	diagonal	1	4.178337525401e-1
weak-chain-depth-3	diagonal	2	7.238050664801e-2
weak-chain-depth-3	diagonal	3	1.838157765478e-2
weak-chain-depth-3	diagonal	4	2.082680673886e-2
weak-chain-depth-3	diagonal	5	2.184978263601e-2
weak-chain-depth-3	diagonal	6	3.933892769438e-2
weak-chain-depth-3	diagonal	7	1.369627558230e-2
weak-chain-depth-3	diagonal	8	2.288224128046e-3
weak-chain-depth-3	diagonal	9	7.380853574808e-4
weak-chain-depth-3	diagonal	10	1.208999990789e-3
weak-chain-depth-3	diagonal	11	2.005547536615e-3
weak-chain-depth-3	diagonal	12	4.963079030536e-4
weak-chain-depth-3	diagonal	13	1.016326952117e-4
weak-chain-depth-3	diagonal	14	1.628006249965e-5
weak-chain-depth-3	diagonal	15	1.575092781878e-6
weak-chain-depth-3	diagonal	16	2.172076038008e-7
weak-chain-depth-3	diagonal	17	3.143489483348e-8
weak-chain-depth-3	diagonal	18	4.172328725526e-9
weak-chain-depth-3	diagonal	19	2.280982759440e-9
weak-chain-depth-3	diagonal	20	2.520638752825e-10
weak-chain-depth-3	diagonal	21	2.199292210980e-11
weak-chain-depth-3	symmetric-map	0	1.000000000000e0
weak-chain-depth-3	symmetric-map	1	2.976604353614e-2
weak-chain-depth-3	symmetric-map	2	1.814062882814e-2
weak-chain-depth-3	symmetric-map	3	1.171635790170e-2
weak-chain-depth-3	symmetric-map	4	8.553179436775e-3
weak-chain-depth-3	symmetric-map	5	8.800081543153e-3
weak-chain-depth-3	symmetric-map	6	5.781593754530e-5
weak-chain-depth-3	symmetric-map	7	1.235874894210e-6
weak-chain-depth-3	symmetric-map	8	4.073067485554e-8
weak-chain-depth-3	symmetric-map	9	5.799428920410e-10
weak-chain-depth-3	symmetric-map	10	6.526682229131e-12
weak-chain-depth-3	pair-cmg	0	1.000000000000e0
weak-chain-depth-3	pair-cmg	1	1.773877079099e-1
weak-chain-depth-3	pair-cmg	2	2.049483308548e-2
weak-chain-depth-3	pair-cmg	3	2.412129470625e-3
weak-chain-depth-3	pair-cmg	4	2.482966248627e-4
weak-chain-depth-3	pair-cmg	5	4.701655046694e-5
weak-chain-depth-3	pair-cmg	6	1.374679519359e-5
weak-chain-depth-3	pair-cmg	7	1.475756307868e-6
weak-chain-depth-3	pair-cmg	8	1.246655904185e-7
weak-chain-depth-3	pair-cmg	9	1.022944682853e-8
weak-chain-depth-3	pair-cmg	10	9.718086372398e-10
weak-chain-depth-3	pair-cmg	11	1.150703657598e-10
weak-chain-depth-3	pair-cmg	12	9.850891332818e-12
weak-chain-depth-3	oracle-jacobi	0	1.000000000000e0
weak-chain-depth-3	oracle-jacobi	1	4.333123024715e-2
weak-chain-depth-3	oracle-jacobi	2	4.496935076073e-3
weak-chain-depth-3	oracle-jacobi	3	4.121853106833e-4
weak-chain-depth-3	oracle-jacobi	4	4.988085478041e-5
weak-chain-depth-3	oracle-jacobi	5	5.462987904125e-6
weak-chain-depth-3	oracle-jacobi	6	5.381940646260e-7
weak-chain-depth-3	oracle-jacobi	7	6.148934468784e-8
weak-chain-depth-3	oracle-jacobi	8	6.308686585061e-9
weak-chain-depth-3	oracle-jacobi	9	6.479417439437e-10
weak-chain-depth-3	oracle-jacobi	10	4.182693080024e-11
weak-chain-depth-3	oracle-pair-finest	0	1.000000000000e0
weak-chain-depth-3	oracle-pair-finest	1	2.941195526337e-3
weak-chain-depth-3	oracle-pair-finest	2	1.222123629501e-5
weak-chain-depth-3	oracle-pair-finest	3	3.526992680023e-8
weak-chain-depth-3	oracle-pair-finest	4	1.192589240253e-10
weak-chain-depth-3	oracle-pair-finest	5	3.770920014552e-13
weak-chain-depth-3	oracle-pair-first-two	0	1.000000000000e0
weak-chain-depth-3	oracle-pair-first-two	1	2.609118815492e-3
weak-chain-depth-3	oracle-pair-first-two	2	5.201506536373e-6
weak-chain-depth-3	oracle-pair-first-two	3	9.428340214399e-9
weak-chain-depth-3	oracle-pair-first-two	4	1.777474440389e-11
weak-chain-depth-3	oracle-pair-all-levels	0	1.000000000000e0
weak-chain-depth-3	oracle-pair-all-levels	1	2.588448392583e-3
weak-chain-depth-3	oracle-pair-all-levels	2	5.122596092863e-6
weak-chain-depth-3	oracle-pair-all-levels	3	9.246165482403e-9
weak-chain-depth-3	oracle-pair-all-levels	4	1.863977348333e-11
weak-chain-depth-3	oracle-map-all-levels	0	1.000000000000e0
weak-chain-depth-3	oracle-map-all-levels	1	2.327282199835e-4
weak-chain-depth-3	oracle-map-all-levels	2	5.685855209919e-8
weak-chain-depth-3	oracle-map-all-levels	3	3.605534694093e-11
community-depth-3	diagonal	0	1.000000000000e0
community-depth-3	diagonal	1	3.158305766254e-1
community-depth-3	diagonal	2	5.797827555209e-2
community-depth-3	diagonal	3	3.172004074531e-2
community-depth-3	diagonal	4	4.770218225935e-2
community-depth-3	diagonal	5	4.784497588656e-2
community-depth-3	diagonal	6	2.833572552285e-2
community-depth-3	diagonal	7	5.567021039443e-3
community-depth-3	diagonal	8	8.424489738471e-4
community-depth-3	diagonal	9	2.168272162348e-4
community-depth-3	diagonal	10	2.120293261955e-4
community-depth-3	diagonal	11	3.448475868434e-4
community-depth-3	diagonal	12	1.091786197691e-4
community-depth-3	diagonal	13	2.212511974298e-5
community-depth-3	diagonal	14	3.046544971956e-6
community-depth-3	diagonal	15	5.083493168147e-7
community-depth-3	diagonal	16	6.380336349624e-8
community-depth-3	diagonal	17	8.121818373444e-9
community-depth-3	diagonal	18	9.916313316497e-10
community-depth-3	diagonal	19	1.165752770616e-10
community-depth-3	diagonal	20	6.778435463706e-11
community-depth-3	symmetric-map	0	1.000000000000e0
community-depth-3	symmetric-map	1	2.889343328105e-2
community-depth-3	symmetric-map	2	4.359866292552e-2
community-depth-3	symmetric-map	3	1.398131337903e-2
community-depth-3	symmetric-map	4	1.838804201414e-2
community-depth-3	symmetric-map	5	1.431919249246e-3
community-depth-3	symmetric-map	6	5.104575081092e-5
community-depth-3	symmetric-map	7	8.346804296029e-7
community-depth-3	symmetric-map	8	7.812233772384e-9
community-depth-3	symmetric-map	9	1.460304448576e-10
community-depth-3	symmetric-map	10	1.331859643594e-12
community-depth-3	pair-cmg	0	1.000000000000e0
community-depth-3	pair-cmg	1	1.612266870585e-1
community-depth-3	pair-cmg	2	1.509726822249e-2
community-depth-3	pair-cmg	3	1.942920235812e-3
community-depth-3	pair-cmg	4	1.977335275202e-4
community-depth-3	pair-cmg	5	3.870353456804e-5
community-depth-3	pair-cmg	6	7.299580224834e-6
community-depth-3	pair-cmg	7	9.013094243185e-7
community-depth-3	pair-cmg	8	1.085986410334e-7
community-depth-3	pair-cmg	9	1.487344855050e-8
community-depth-3	pair-cmg	10	1.400366798755e-9
community-depth-3	pair-cmg	11	1.380107116625e-10
community-depth-3	pair-cmg	12	1.568471364460e-11
community-depth-3	oracle-jacobi	0	1.000000000000e0
community-depth-3	oracle-jacobi	1	3.196345925873e-2
community-depth-3	oracle-jacobi	2	3.809725036538e-3
community-depth-3	oracle-jacobi	3	3.547265649709e-4
community-depth-3	oracle-jacobi	4	3.392870792123e-5
community-depth-3	oracle-jacobi	5	3.852394750071e-6
community-depth-3	oracle-jacobi	6	3.725270816827e-7
community-depth-3	oracle-jacobi	7	4.326113833806e-8
community-depth-3	oracle-jacobi	8	4.338514109427e-9
community-depth-3	oracle-jacobi	9	3.569472610654e-10
community-depth-3	oracle-jacobi	10	3.719796806882e-11
community-depth-3	oracle-pair-finest	0	1.000000000000e0
community-depth-3	oracle-pair-finest	1	1.793589076526e-3
community-depth-3	oracle-pair-finest	2	8.463355221237e-6
community-depth-3	oracle-pair-finest	3	3.017591491390e-8
community-depth-3	oracle-pair-finest	4	6.252387001885e-11
community-depth-3	oracle-pair-first-two	0	1.000000000000e0
community-depth-3	oracle-pair-first-two	1	1.201733696842e-3
community-depth-3	oracle-pair-first-two	2	2.570144404937e-6
community-depth-3	oracle-pair-first-two	3	6.776082845698e-9
community-depth-3	oracle-pair-first-two	4	1.762456979969e-11
community-depth-3	oracle-pair-all-levels	0	1.000000000000e0
community-depth-3	oracle-pair-all-levels	1	1.188774545994e-3
community-depth-3	oracle-pair-all-levels	2	2.519056913720e-6
community-depth-3	oracle-pair-all-levels	3	6.417832325629e-9
community-depth-3	oracle-pair-all-levels	4	1.711367767631e-11
community-depth-3	oracle-map-all-levels	0	1.000000000000e0
community-depth-3	oracle-map-all-levels	1	1.384497089899e-4
community-depth-3	oracle-map-all-levels	2	2.996182790625e-8
community-depth-3	oracle-map-all-levels	3	1.207624905558e-11
weak-chain-depth-4	diagonal	0	1.000000000000e0
weak-chain-depth-4	diagonal	1	3.480911362866e-1
weak-chain-depth-4	diagonal	2	8.108073393909e-2
weak-chain-depth-4	diagonal	3	2.141439427281e-2
weak-chain-depth-4	diagonal	4	1.290622754829e-2
weak-chain-depth-4	diagonal	5	9.296240879104e-3
weak-chain-depth-4	diagonal	6	2.428472277130e-2
weak-chain-depth-4	diagonal	7	1.093226153984e-2
weak-chain-depth-4	diagonal	8	2.283347888922e-3
weak-chain-depth-4	diagonal	9	4.689758829076e-4
weak-chain-depth-4	diagonal	10	1.723078380813e-4
weak-chain-depth-4	diagonal	11	3.133256990000e-4
weak-chain-depth-4	diagonal	12	4.344161456250e-4
weak-chain-depth-4	diagonal	13	8.900295143517e-5
weak-chain-depth-4	diagonal	14	1.226075789688e-5
weak-chain-depth-4	diagonal	15	1.772313382830e-6
weak-chain-depth-4	diagonal	16	2.421462473836e-7
weak-chain-depth-4	diagonal	17	2.891168862908e-8
weak-chain-depth-4	diagonal	18	3.291069472844e-9
weak-chain-depth-4	diagonal	19	1.981390744533e-9
weak-chain-depth-4	diagonal	20	2.597748736669e-10
weak-chain-depth-4	diagonal	21	4.773355662878e-11
weak-chain-depth-4	symmetric-map	0	1.000000000000e0
weak-chain-depth-4	symmetric-map	1	2.899940493013e-2
weak-chain-depth-4	symmetric-map	2	5.039013169767e-3
weak-chain-depth-4	symmetric-map	3	9.268418064199e-3
weak-chain-depth-4	symmetric-map	4	1.802205034204e-3
weak-chain-depth-4	symmetric-map	5	4.246534399866e-3
weak-chain-depth-4	symmetric-map	6	2.235087685437e-4
weak-chain-depth-4	symmetric-map	7	6.927397842833e-6
weak-chain-depth-4	symmetric-map	8	1.168374762708e-7
weak-chain-depth-4	symmetric-map	9	2.015966691823e-9
weak-chain-depth-4	symmetric-map	10	2.802252212058e-11
weak-chain-depth-4	pair-cmg	0	1.000000000000e0
weak-chain-depth-4	pair-cmg	1	1.676012776024e-1
weak-chain-depth-4	pair-cmg	2	2.182548234135e-2
weak-chain-depth-4	pair-cmg	3	1.796868431368e-3
weak-chain-depth-4	pair-cmg	4	2.777318712980e-4
weak-chain-depth-4	pair-cmg	5	9.308047175580e-5
weak-chain-depth-4	pair-cmg	6	1.128616072489e-5
weak-chain-depth-4	pair-cmg	7	9.215292590114e-7
weak-chain-depth-4	pair-cmg	8	1.067478910116e-7
weak-chain-depth-4	pair-cmg	9	1.182988069677e-8
weak-chain-depth-4	pair-cmg	10	1.187740989666e-9
weak-chain-depth-4	pair-cmg	11	1.280807495628e-10
weak-chain-depth-4	pair-cmg	12	1.546654423885e-11
weak-chain-depth-4	oracle-jacobi	0	1.000000000000e0
weak-chain-depth-4	oracle-jacobi	1	2.838278556734e-2
weak-chain-depth-4	oracle-jacobi	2	2.854902049957e-3
weak-chain-depth-4	oracle-jacobi	3	2.416044428263e-4
weak-chain-depth-4	oracle-jacobi	4	2.706953094278e-5
weak-chain-depth-4	oracle-jacobi	5	2.604400780738e-6
weak-chain-depth-4	oracle-jacobi	6	2.556781585349e-7
weak-chain-depth-4	oracle-jacobi	7	2.455294734940e-8
weak-chain-depth-4	oracle-jacobi	8	2.235733554922e-9
weak-chain-depth-4	oracle-jacobi	9	2.299873049236e-10
weak-chain-depth-4	oracle-jacobi	10	1.938279910619e-11
weak-chain-depth-4	oracle-pair-finest	0	1.000000000000e0
weak-chain-depth-4	oracle-pair-finest	1	1.732889672735e-3
weak-chain-depth-4	oracle-pair-finest	2	4.022667214771e-6
weak-chain-depth-4	oracle-pair-finest	3	7.760249794982e-9
weak-chain-depth-4	oracle-pair-finest	4	1.104509358082e-11
weak-chain-depth-4	oracle-pair-first-two	0	1.000000000000e0
weak-chain-depth-4	oracle-pair-first-two	1	1.239374949581e-3
weak-chain-depth-4	oracle-pair-first-two	2	2.303498059173e-6
weak-chain-depth-4	oracle-pair-first-two	3	3.781972117743e-9
weak-chain-depth-4	oracle-pair-first-two	4	5.637015667843e-12
weak-chain-depth-4	oracle-pair-all-levels	0	1.000000000000e0
weak-chain-depth-4	oracle-pair-all-levels	1	1.228371733997e-3
weak-chain-depth-4	oracle-pair-all-levels	2	2.282468631971e-6
weak-chain-depth-4	oracle-pair-all-levels	3	3.720010715739e-9
weak-chain-depth-4	oracle-pair-all-levels	4	5.468633505856e-12
weak-chain-depth-4	oracle-map-all-levels	0	1.000000000000e0
weak-chain-depth-4	oracle-map-all-levels	1	1.189103308782e-4
weak-chain-depth-4	oracle-map-all-levels	2	3.120309377198e-8
weak-chain-depth-4	oracle-map-all-levels	3	2.495500277649e-11
community-depth-4	diagonal	0	1.000000000000e0
community-depth-4	diagonal	1	2.861519743340e-1
community-depth-4	diagonal	2	6.480787070974e-2
community-depth-4	diagonal	3	3.560082184222e-2
community-depth-4	diagonal	4	2.202113613663e-2
community-depth-4	diagonal	5	2.213355551999e-2
community-depth-4	diagonal	6	2.920240933146e-2
community-depth-4	diagonal	7	8.354344594643e-3
community-depth-4	diagonal	8	1.778575215937e-3
community-depth-4	diagonal	9	9.791689692873e-4
community-depth-4	diagonal	10	1.861462667339e-3
community-depth-4	diagonal	11	7.221203674507e-4
community-depth-4	diagonal	12	1.117496320621e-4
community-depth-4	diagonal	13	2.050755254104e-5
community-depth-4	diagonal	14	4.781578477394e-6
community-depth-4	diagonal	15	9.096478383907e-7
community-depth-4	diagonal	16	1.323494323666e-7
community-depth-4	diagonal	17	1.711384941187e-8
community-depth-4	diagonal	18	2.404140550709e-9
community-depth-4	diagonal	19	1.335606294913e-9
community-depth-4	diagonal	20	2.406357284777e-10
community-depth-4	diagonal	21	5.242092494315e-11
community-depth-4	symmetric-map	0	1.000000000000e0
community-depth-4	symmetric-map	1	3.054574341963e-2
community-depth-4	symmetric-map	2	1.095803507352e-2
community-depth-4	symmetric-map	3	6.158667705522e-3
community-depth-4	symmetric-map	4	7.801001346630e-4
community-depth-4	symmetric-map	5	1.288606003155e-3
community-depth-4	symmetric-map	6	7.803672818249e-5
community-depth-4	symmetric-map	7	2.764957341815e-6
community-depth-4	symmetric-map	8	4.513800361871e-8
community-depth-4	symmetric-map	9	4.735310301649e-10
community-depth-4	symmetric-map	10	7.667085782062e-12
community-depth-4	pair-cmg	0	1.000000000000e0
community-depth-4	pair-cmg	1	1.336349152541e-1
community-depth-4	pair-cmg	2	1.660404819380e-2
community-depth-4	pair-cmg	3	2.193665111796e-3
community-depth-4	pair-cmg	4	3.819912664739e-4
community-depth-4	pair-cmg	5	1.143027301082e-4
community-depth-4	pair-cmg	6	1.506823210425e-5
community-depth-4	pair-cmg	7	1.909367926913e-6
community-depth-4	pair-cmg	8	1.756151072945e-7
community-depth-4	pair-cmg	9	1.558380571355e-8
community-depth-4	pair-cmg	10	1.695541471073e-9
community-depth-4	pair-cmg	11	2.143673660577e-10
community-depth-4	pair-cmg	12	1.713489869039e-11
community-depth-4	oracle-jacobi	0	1.000000000000e0
community-depth-4	oracle-jacobi	1	2.116695596512e-2
community-depth-4	oracle-jacobi	2	2.434361671870e-3
community-depth-4	oracle-jacobi	3	1.987235794327e-4
community-depth-4	oracle-jacobi	4	2.323437771334e-5
community-depth-4	oracle-jacobi	5	2.268734996897e-6
community-depth-4	oracle-jacobi	6	2.367547401612e-7
community-depth-4	oracle-jacobi	7	2.158797206414e-8
community-depth-4	oracle-jacobi	8	2.131550134667e-9
community-depth-4	oracle-jacobi	9	1.946408455936e-10
community-depth-4	oracle-jacobi	10	2.061525882789e-11
community-depth-4	oracle-pair-finest	0	1.000000000000e0
community-depth-4	oracle-pair-finest	1	9.026673158205e-4
community-depth-4	oracle-pair-finest	2	2.808101190484e-6
community-depth-4	oracle-pair-finest	3	6.169178959215e-9
community-depth-4	oracle-pair-finest	4	1.274715713760e-11
community-depth-4	oracle-pair-first-two	0	1.000000000000e0
community-depth-4	oracle-pair-first-two	1	5.878811416387e-4
community-depth-4	oracle-pair-first-two	2	1.299391274655e-6
community-depth-4	oracle-pair-first-two	3	2.462886643936e-9
community-depth-4	oracle-pair-first-two	4	5.696887076188e-12
community-depth-4	oracle-pair-all-levels	0	1.000000000000e0
community-depth-4	oracle-pair-all-levels	1	5.836625892723e-4
community-depth-4	oracle-pair-all-levels	2	1.282352897530e-6
community-depth-4	oracle-pair-all-levels	3	2.406403192717e-9
community-depth-4	oracle-pair-all-levels	4	5.533278598071e-12
community-depth-4	oracle-map-all-levels	0	1.000000000000e0
community-depth-4	oracle-map-all-levels	1	1.599627677726e-4
community-depth-4	oracle-map-all-levels	2	5.472271399480e-8
community-depth-4	oracle-map-all-levels	3	3.372249772077e-11
weak-chain-depth-5	diagonal	0	1.000000000000e0
weak-chain-depth-5	diagonal	1	5.585073064109e-1
weak-chain-depth-5	diagonal	2	1.153242437971e-1
weak-chain-depth-5	diagonal	3	2.962461335116e-2
weak-chain-depth-5	diagonal	4	8.997442043696e-3
weak-chain-depth-5	diagonal	5	8.628079809028e-3
weak-chain-depth-5	diagonal	6	7.486881067861e-3
weak-chain-depth-5	diagonal	7	1.598125164860e-2
weak-chain-depth-5	diagonal	8	7.050362449071e-3
weak-chain-depth-5	diagonal	9	1.270323030911e-3
weak-chain-depth-5	diagonal	10	2.019087520545e-4
weak-chain-depth-5	diagonal	11	3.935248348993e-5
weak-chain-depth-5	diagonal	12	2.027227521715e-5
weak-chain-depth-5	diagonal	13	4.081043917124e-5
weak-chain-depth-5	diagonal	14	4.260979477537e-5
weak-chain-depth-5	diagonal	15	9.604528395302e-6
weak-chain-depth-5	diagonal	16	1.390052636527e-6
weak-chain-depth-5	diagonal	17	1.632302052640e-7
weak-chain-depth-5	diagonal	18	2.011744158972e-8
weak-chain-depth-5	diagonal	19	3.002658120474e-9
weak-chain-depth-5	diagonal	20	9.082580608051e-10
weak-chain-depth-5	diagonal	21	2.738912467424e-10
weak-chain-depth-5	diagonal	22	3.519643063239e-11
weak-chain-depth-5	symmetric-map	0	1.000000000000e0
weak-chain-depth-5	symmetric-map	1	4.016489732659e-2
weak-chain-depth-5	symmetric-map	2	6.560174049165e-3
weak-chain-depth-5	symmetric-map	3	1.210575919212e-2
weak-chain-depth-5	symmetric-map	4	3.877554988938e-3
weak-chain-depth-5	symmetric-map	5	5.855107530079e-3
weak-chain-depth-5	symmetric-map	6	8.876294375190e-4
weak-chain-depth-5	symmetric-map	7	2.304175958760e-5
weak-chain-depth-5	symmetric-map	8	4.010443620594e-7
weak-chain-depth-5	symmetric-map	9	5.270396996675e-9
weak-chain-depth-5	symmetric-map	10	7.505826799225e-11
weak-chain-depth-5	pair-cmg	0	1.000000000000e0
weak-chain-depth-5	pair-cmg	1	2.100219258235e-1
weak-chain-depth-5	pair-cmg	2	3.322267320972e-2
weak-chain-depth-5	pair-cmg	3	4.167842210532e-3
weak-chain-depth-5	pair-cmg	4	4.304875729899e-4
weak-chain-depth-5	pair-cmg	5	4.530441964013e-5
weak-chain-depth-5	pair-cmg	6	6.890453322371e-6
weak-chain-depth-5	pair-cmg	7	1.672280836305e-6
weak-chain-depth-5	pair-cmg	8	2.127231262872e-7
weak-chain-depth-5	pair-cmg	9	2.837187136117e-8
weak-chain-depth-5	pair-cmg	10	2.911210776328e-9
weak-chain-depth-5	pair-cmg	11	3.964835708054e-10
weak-chain-depth-5	pair-cmg	12	4.752891141648e-11
weak-chain-depth-5	oracle-jacobi	0	1.000000000000e0
weak-chain-depth-5	oracle-jacobi	1	3.123314599231e-2
weak-chain-depth-5	oracle-jacobi	2	3.609256473143e-3
weak-chain-depth-5	oracle-jacobi	3	2.360433010532e-4
weak-chain-depth-5	oracle-jacobi	4	2.886974782487e-5
weak-chain-depth-5	oracle-jacobi	5	1.824372017504e-6
weak-chain-depth-5	oracle-jacobi	6	2.169394163562e-7
weak-chain-depth-5	oracle-jacobi	7	1.662029250914e-8
weak-chain-depth-5	oracle-jacobi	8	1.782257952192e-9
weak-chain-depth-5	oracle-jacobi	9	1.137842533622e-10
weak-chain-depth-5	oracle-jacobi	10	1.268309423367e-11
weak-chain-depth-5	oracle-pair-finest	0	1.000000000000e0
weak-chain-depth-5	oracle-pair-finest	1	1.347107829256e-3
weak-chain-depth-5	oracle-pair-finest	2	2.355186341323e-6
weak-chain-depth-5	oracle-pair-finest	3	3.659666803592e-9
weak-chain-depth-5	oracle-pair-finest	4	5.085911780164e-12
weak-chain-depth-5	oracle-pair-first-two	0	1.000000000000e0
weak-chain-depth-5	oracle-pair-first-two	1	6.751342512092e-4
weak-chain-depth-5	oracle-pair-first-two	2	7.960483751130e-7
weak-chain-depth-5	oracle-pair-first-two	3	6.996358295911e-10
weak-chain-depth-5	oracle-pair-first-two	4	7.342465927184e-13
weak-chain-depth-5	oracle-pair-all-levels	0	1.000000000000e0
weak-chain-depth-5	oracle-pair-all-levels	1	6.631417560977e-4
weak-chain-depth-5	oracle-pair-all-levels	2	7.816904929908e-7
weak-chain-depth-5	oracle-pair-all-levels	3	6.605650924086e-10
weak-chain-depth-5	oracle-pair-all-levels	4	6.740924359349e-13
weak-chain-depth-5	oracle-map-all-levels	0	1.000000000000e0
weak-chain-depth-5	oracle-map-all-levels	1	6.266032747511e-5
weak-chain-depth-5	oracle-map-all-levels	2	1.089351205138e-8
weak-chain-depth-5	oracle-map-all-levels	3	3.390378899310e-12
community-depth-5	diagonal	0	1.000000000000e0
community-depth-5	diagonal	1	4.886280678508e-1
community-depth-5	diagonal	2	1.420220001629e-1
community-depth-5	diagonal	3	3.881641141338e-2
community-depth-5	diagonal	4	2.508809426826e-2
community-depth-5	diagonal	5	1.599762331431e-2
community-depth-5	diagonal	6	2.030022995000e-2
community-depth-5	diagonal	7	1.680481711712e-2
community-depth-5	diagonal	8	2.963886487314e-3
community-depth-5	diagonal	9	8.205348581378e-4
community-depth-5	diagonal	10	1.030303476548e-3
community-depth-5	diagonal	11	1.247317942445e-3
community-depth-5	diagonal	12	4.099465908571e-4
community-depth-5	diagonal	13	1.002701180634e-4
community-depth-5	diagonal	14	1.687253386852e-5
community-depth-5	diagonal	15	2.523870167442e-6
community-depth-5	diagonal	16	3.627087055388e-7
community-depth-5	diagonal	17	5.193044868032e-8
community-depth-5	diagonal	18	8.351804724513e-9
community-depth-5	diagonal	19	1.446174902043e-9
community-depth-5	diagonal	20	8.417533157929e-10
community-depth-5	diagonal	21	1.188909175718e-10
community-depth-5	diagonal	22	2.993764182279e-11
community-depth-5	symmetric-map	0	1.000000000000e0
community-depth-5	symmetric-map	1	5.765723038056e-2
community-depth-5	symmetric-map	2	1.281459004439e-2
community-depth-5	symmetric-map	3	1.884315464826e-2
community-depth-5	symmetric-map	4	7.762576089492e-3
community-depth-5	symmetric-map	5	8.838360782634e-3
community-depth-5	symmetric-map	6	3.743865904019e-4
community-depth-5	symmetric-map	7	7.585649878574e-6
community-depth-5	symmetric-map	8	1.363053594120e-7
community-depth-5	symmetric-map	9	2.136561818362e-9
community-depth-5	symmetric-map	10	3.037221509181e-11
community-depth-5	pair-cmg	0	1.000000000000e0
community-depth-5	pair-cmg	1	1.891988987351e-1
community-depth-5	pair-cmg	2	3.655999362616e-2
community-depth-5	pair-cmg	3	5.224278769335e-3
community-depth-5	pair-cmg	4	5.757167265896e-4
community-depth-5	pair-cmg	5	7.219601212084e-5
community-depth-5	pair-cmg	6	1.856593792002e-5
community-depth-5	pair-cmg	7	2.614009239748e-6
community-depth-5	pair-cmg	8	3.402695262167e-7
community-depth-5	pair-cmg	9	2.574763295057e-8
community-depth-5	pair-cmg	10	1.688809791970e-9
community-depth-5	pair-cmg	11	1.777613567503e-10
community-depth-5	pair-cmg	12	2.355618585838e-11
community-depth-5	oracle-jacobi	0	1.000000000000e0
community-depth-5	oracle-jacobi	1	2.840681747299e-2
community-depth-5	oracle-jacobi	2	3.203028599530e-3
community-depth-5	oracle-jacobi	3	2.056762551770e-4
community-depth-5	oracle-jacobi	4	2.384474845258e-5
community-depth-5	oracle-jacobi	5	1.554032278485e-6
community-depth-5	oracle-jacobi	6	1.821920976496e-7
community-depth-5	oracle-jacobi	7	1.188093129880e-8
community-depth-5	oracle-jacobi	8	1.419564884087e-9
community-depth-5	oracle-jacobi	9	9.434804507266e-11
community-depth-5	oracle-pair-finest	0	1.000000000000e0
community-depth-5	oracle-pair-finest	1	1.328987693657e-3
community-depth-5	oracle-pair-finest	2	1.978678782484e-6
community-depth-5	oracle-pair-finest	3	3.271141561651e-9
community-depth-5	oracle-pair-finest	4	4.565670843000e-12
community-depth-5	oracle-pair-first-two	0	1.000000000000e0
community-depth-5	oracle-pair-first-two	1	6.947837373448e-4
community-depth-5	oracle-pair-first-two	2	9.094882579534e-7
community-depth-5	oracle-pair-first-two	3	1.321529121048e-9
community-depth-5	oracle-pair-first-two	4	1.594493868845e-12
community-depth-5	oracle-pair-all-levels	0	1.000000000000e0
community-depth-5	oracle-pair-all-levels	1	6.734298844571e-4
community-depth-5	oracle-pair-all-levels	2	8.900760151440e-7
community-depth-5	oracle-pair-all-levels	3	1.297819068159e-9
community-depth-5	oracle-pair-all-levels	4	1.580069390668e-12
community-depth-5	oracle-map-all-levels	0	1.000000000000e0
community-depth-5	oracle-map-all-levels	1	9.932024193315e-5
community-depth-5	oracle-map-all-levels	2	3.172979487161e-8
community-depth-5	oracle-map-all-levels	3	1.804075877378e-11
latin-depth-2	diagonal	0	1.000000000000e0
latin-depth-2	diagonal	1	5.080887837108e-1
latin-depth-2	diagonal	2	1.407176941567e-1
latin-depth-2	diagonal	3	2.152212110221e-2
latin-depth-2	diagonal	4	3.308199874360e-3
latin-depth-2	diagonal	5	6.278431819904e-4
latin-depth-2	diagonal	6	8.801192621306e-5
latin-depth-2	diagonal	7	1.033862189596e-5
latin-depth-2	diagonal	8	1.446730177981e-6
latin-depth-2	diagonal	9	1.872502364973e-7
latin-depth-2	diagonal	10	2.749515892821e-8
latin-depth-2	diagonal	11	2.660005503601e-9
latin-depth-2	diagonal	12	3.453803372684e-10
latin-depth-2	diagonal	13	4.453555783423e-11
latin-depth-2	symmetric-map	0	1.000000000000e0
latin-depth-2	symmetric-map	1	4.604420356475e-2
latin-depth-2	symmetric-map	2	1.008772210701e-3
latin-depth-2	symmetric-map	3	1.341785493745e-5
latin-depth-2	symmetric-map	4	2.466310454217e-7
latin-depth-2	symmetric-map	5	5.176250300825e-9
latin-depth-2	symmetric-map	6	5.039683488090e-11
latin-depth-2	pair-cmg	0	1.000000000000e0
latin-depth-2	pair-cmg	1	2.047607283476e-1
latin-depth-2	pair-cmg	2	4.114908999911e-2
latin-depth-2	pair-cmg	3	2.983166556767e-3
latin-depth-2	pair-cmg	4	2.315902506355e-4
latin-depth-2	pair-cmg	5	2.069864219592e-5
latin-depth-2	pair-cmg	6	1.389552858812e-6
latin-depth-2	pair-cmg	7	9.339336413702e-8
latin-depth-2	pair-cmg	8	5.362073872622e-9
latin-depth-2	pair-cmg	9	4.114672080362e-10
latin-depth-2	pair-cmg	10	2.634447758876e-11
latin-depth-2	oracle-jacobi	0	1.000000000000e0
latin-depth-2	oracle-jacobi	1	4.985179891468e-2
latin-depth-2	oracle-jacobi	2	5.046212071894e-3
latin-depth-2	oracle-jacobi	3	3.862763061092e-4
latin-depth-2	oracle-jacobi	4	3.987769474938e-5
latin-depth-2	oracle-jacobi	5	3.714669375182e-6
latin-depth-2	oracle-jacobi	6	3.234813844735e-7
latin-depth-2	oracle-jacobi	7	3.361390262923e-8
latin-depth-2	oracle-jacobi	8	2.264990801139e-9
latin-depth-2	oracle-jacobi	9	1.928295233841e-10
latin-depth-2	oracle-jacobi	10	1.853317648936e-11
latin-depth-2	oracle-pair-finest	0	1.000000000000e0
latin-depth-2	oracle-pair-finest	1	2.999827298105e-3
latin-depth-2	oracle-pair-finest	2	5.525897280654e-6
latin-depth-2	oracle-pair-finest	3	1.192517601932e-8
latin-depth-2	oracle-pair-finest	4	2.498530056174e-11
latin-depth-2	oracle-pair-first-two	0	1.000000000000e0
latin-depth-2	oracle-pair-first-two	1	2.242865386989e-3
latin-depth-2	oracle-pair-first-two	2	4.384582092640e-6
latin-depth-2	oracle-pair-first-two	3	8.387803610725e-9
latin-depth-2	oracle-pair-first-two	4	1.040590044458e-11
latin-depth-2	oracle-pair-all-levels	0	1.000000000000e0
latin-depth-2	oracle-pair-all-levels	1	2.242865386989e-3
latin-depth-2	oracle-pair-all-levels	2	4.384582092640e-6
latin-depth-2	oracle-pair-all-levels	3	8.387803610725e-9
latin-depth-2	oracle-pair-all-levels	4	1.040590044458e-11
latin-depth-2	oracle-map-all-levels	0	1.000000000000e0
latin-depth-2	oracle-map-all-levels	1	3.501654999743e-4
latin-depth-2	oracle-map-all-levels	2	3.708599860892e-8
latin-depth-2	oracle-map-all-levels	3	4.032757216463e-12
latin-depth-3	diagonal	0	1.000000000000e0
latin-depth-3	diagonal	1	5.810181466648e-1
latin-depth-3	diagonal	2	1.770959273875e-1
latin-depth-3	diagonal	3	3.485421265208e-2
latin-depth-3	diagonal	4	4.728164909430e-3
latin-depth-3	diagonal	5	7.115512139544e-4
latin-depth-3	diagonal	6	9.766562372621e-5
latin-depth-3	diagonal	7	1.354340299022e-5
latin-depth-3	diagonal	8	1.924554290933e-6
latin-depth-3	diagonal	9	2.717378944617e-7
latin-depth-3	diagonal	10	3.380887686885e-8
latin-depth-3	diagonal	11	5.037437094648e-9
latin-depth-3	diagonal	12	7.394201753636e-10
latin-depth-3	diagonal	13	1.244883146248e-10
latin-depth-3	diagonal	14	2.012283816525e-11
latin-depth-3	symmetric-map	0	1.000000000000e0
latin-depth-3	symmetric-map	1	5.038913885657e-2
latin-depth-3	symmetric-map	2	1.509710150621e-3
latin-depth-3	symmetric-map	3	2.758583775663e-5
latin-depth-3	symmetric-map	4	5.581559729507e-7
latin-depth-3	symmetric-map	5	5.551191956140e-9
latin-depth-3	symmetric-map	6	7.206963055437e-11
latin-depth-3	pair-cmg	0	1.000000000000e0
latin-depth-3	pair-cmg	1	2.136046261660e-1
latin-depth-3	pair-cmg	2	4.977177018663e-2
latin-depth-3	pair-cmg	3	4.352263736907e-3
latin-depth-3	pair-cmg	4	3.054859852079e-4
latin-depth-3	pair-cmg	5	2.169795042273e-5
latin-depth-3	pair-cmg	6	1.690332678587e-6
latin-depth-3	pair-cmg	7	1.337013659558e-7
latin-depth-3	pair-cmg	8	1.030439887706e-8
latin-depth-3	pair-cmg	9	8.971133012778e-10
latin-depth-3	pair-cmg	10	5.716635889490e-11
latin-depth-3	oracle-jacobi	0	1.000000000000e0
latin-depth-3	oracle-jacobi	1	4.442953586422e-2
latin-depth-3	oracle-jacobi	2	5.329855311525e-3
latin-depth-3	oracle-jacobi	3	4.132367325474e-4
latin-depth-3	oracle-jacobi	4	4.491096250736e-5
latin-depth-3	oracle-jacobi	5	4.394496153953e-6
latin-depth-3	oracle-jacobi	6	3.682249701649e-7
latin-depth-3	oracle-jacobi	7	2.989252228180e-8
latin-depth-3	oracle-jacobi	8	2.837716024358e-9
latin-depth-3	oracle-jacobi	9	2.161645254341e-10
latin-depth-3	oracle-jacobi	10	1.726593751280e-11
latin-depth-3	oracle-pair-finest	0	1.000000000000e0
latin-depth-3	oracle-pair-finest	1	2.198075930414e-3
latin-depth-3	oracle-pair-finest	2	4.086973433099e-6
latin-depth-3	oracle-pair-finest	3	6.088612627785e-9
latin-depth-3	oracle-pair-finest	4	1.217358922548e-11
latin-depth-3	oracle-pair-first-two	0	1.000000000000e0
latin-depth-3	oracle-pair-first-two	1	1.268961874741e-3
latin-depth-3	oracle-pair-first-two	2	2.527113152204e-6
latin-depth-3	oracle-pair-first-two	3	3.038731790327e-9
latin-depth-3	oracle-pair-first-two	4	5.542293991907e-12
latin-depth-3	oracle-pair-all-levels	0	1.000000000000e0
latin-depth-3	oracle-pair-all-levels	1	1.259687361421e-3
latin-depth-3	oracle-pair-all-levels	2	2.496805651077e-6
latin-depth-3	oracle-pair-all-levels	3	2.966280862474e-9
latin-depth-3	oracle-pair-all-levels	4	5.348569139470e-12
latin-depth-3	oracle-map-all-levels	0	1.000000000000e0
latin-depth-3	oracle-map-all-levels	1	1.602383774319e-4
latin-depth-3	oracle-map-all-levels	2	3.214910270702e-8
latin-depth-3	oracle-map-all-levels	3	2.990350615088e-12
latin-depth-4	diagonal	0	1.000000000000e0
latin-depth-4	diagonal	1	2.764286419844e-1
latin-depth-4	diagonal	2	1.482738918738e-1
latin-depth-4	diagonal	3	2.378590699065e-2
latin-depth-4	diagonal	4	3.771658497574e-3
latin-depth-4	diagonal	5	7.417803559264e-4
latin-depth-4	diagonal	6	1.669173328771e-4
latin-depth-4	diagonal	7	2.907201518233e-5
latin-depth-4	diagonal	8	4.445006090547e-6
latin-depth-4	diagonal	9	6.434535962585e-7
latin-depth-4	diagonal	10	9.491989515633e-8
latin-depth-4	diagonal	11	1.252487564061e-8
latin-depth-4	diagonal	12	1.763629972984e-9
latin-depth-4	diagonal	13	2.195487043765e-10
latin-depth-4	diagonal	14	2.288280440184e-11
latin-depth-4	symmetric-map	0	1.000000000000e0
latin-depth-4	symmetric-map	1	4.100763732139e-2
latin-depth-4	symmetric-map	2	1.485820573249e-3
latin-depth-4	symmetric-map	3	3.658249433099e-5
latin-depth-4	symmetric-map	4	7.463138520824e-7
latin-depth-4	symmetric-map	5	1.337908845661e-8
latin-depth-4	symmetric-map	6	1.446736865775e-10
latin-depth-4	symmetric-map	7	2.121034189260e-12
latin-depth-4	pair-cmg	0	1.000000000000e0
latin-depth-4	pair-cmg	1	1.226235055333e-1
latin-depth-4	pair-cmg	2	2.480619092583e-2
latin-depth-4	pair-cmg	3	3.369021377381e-3
latin-depth-4	pair-cmg	4	2.822227134330e-4
latin-depth-4	pair-cmg	5	3.455122775680e-5
latin-depth-4	pair-cmg	6	3.036265805942e-6
latin-depth-4	pair-cmg	7	2.287995451169e-7
latin-depth-4	pair-cmg	8	1.896813619520e-8
latin-depth-4	pair-cmg	9	1.526166575361e-9
latin-depth-4	pair-cmg	10	1.085921957580e-10
latin-depth-4	pair-cmg	11	7.018649910001e-12
latin-depth-4	oracle-jacobi	0	1.000000000000e0
latin-depth-4	oracle-jacobi	1	3.427003281811e-2
latin-depth-4	oracle-jacobi	2	3.593928193470e-3
latin-depth-4	oracle-jacobi	3	2.164252007405e-4
latin-depth-4	oracle-jacobi	4	2.488745040993e-5
latin-depth-4	oracle-jacobi	5	1.465545935090e-6
latin-depth-4	oracle-jacobi	6	1.679755101052e-7
latin-depth-4	oracle-jacobi	7	1.139383040258e-8
latin-depth-4	oracle-jacobi	8	1.329066653181e-9
latin-depth-4	oracle-jacobi	9	8.136273966701e-11
latin-depth-4	oracle-pair-finest	0	1.000000000000e0
latin-depth-4	oracle-pair-finest	1	9.930201780723e-4
latin-depth-4	oracle-pair-finest	2	1.182761609544e-6
latin-depth-4	oracle-pair-finest	3	1.072211461736e-9
latin-depth-4	oracle-pair-finest	4	1.723774165770e-12
latin-depth-4	oracle-pair-first-two	0	1.000000000000e0
latin-depth-4	oracle-pair-first-two	1	6.860833890520e-4
latin-depth-4	oracle-pair-first-two	2	5.305449147361e-7
latin-depth-4	oracle-pair-first-two	3	6.220525677482e-10
latin-depth-4	oracle-pair-first-two	4	5.822962630860e-13
latin-depth-4	oracle-pair-all-levels	0	1.000000000000e0
latin-depth-4	oracle-pair-all-levels	1	6.830071471871e-4
latin-depth-4	oracle-pair-all-levels	2	5.282205693519e-7
latin-depth-4	oracle-pair-all-levels	3	6.244376071331e-10
latin-depth-4	oracle-pair-all-levels	4	5.808573961010e-13
latin-depth-4	oracle-map-all-levels	0	1.000000000000e0
latin-depth-4	oracle-map-all-levels	1	1.118802522621e-4
latin-depth-4	oracle-map-all-levels	2	1.043642733736e-8
latin-depth-4	oracle-map-all-levels	3	4.996283984327e-13
